profile_name,pump_handle,pump_profile_url,x_handle,x_url,followers
mitch,mitch,https://pump.fun/profile/4Be9CvxqHW6BYiRAxW9Q3xu1ycTMWaL5z8NX4HR3ha7t,,,mitch164K followers
sapphy,sapphy,https://pump.fun/profile/B5TrL7PsRUwCTL5bVcueieht5QchTw4TWLQDKqEaxEzi,,,sapphy158K followers
a1lon_6fd803e5,a1lon_6fd803e5,https://pump.fun/profile/4EPNLZHUnEbpxZm6qTPkXpMG2EDektbjUA1yAugHJLc4,,,a1lon_6fd803e596.1K followers
feeq,feeq,https://pump.fun/profile/GhiC3gFXM1nXU5GWTKx1s82r5Vbd2FBT3PA7uvMymdnh,,,feeq80.5K followers
Point_Farm_Cap,Point_Farm_Cap,https://pump.fun/profile/Beqv6dzTcjV2eodo8RRXCiCcnSYrS1vkQKhfqwHXqeit,,,Point_Farm_Cap19.2K followers
paincrypt0,paincrypt0,https://pump.fun/profile/J6TDXvarvpBdPXTaTU8eJbtso1PUCYKGkVtMKUUY8iEa,,,"paincrypt07,828 followers"
handled,handled,https://pump.fun/profile/3wrW8RfQCdaTsW9chRctx7RhjquvWxrhSPZM9UTsWVKZ,,,"handled4,152 followers"
chadrothstein,chadrothstein,https://pump.fun/profile/Bc7aomJAsvEY5D7s8hxXp2h2Px7BvYCfWhVbJfDt3yg,,,"chadrothstein3,675 followers"
CodeCollective,CodeCollective,https://pump.fun/profile/685ea026-38bb-4050-bbf0-f7685dd13f90,,,"CodeCollective2,386 followers"
Guywhobuys,Guywhobuys,https://pump.fun/profile/4EsYuWFZAt1PfNJq8Jr7monip43gNqrQ7k2Kne1npqJx,,,"Guywhobuys1,656 followers"
AliAnsar,AliAnsar,https://pump.fun/profile/9rSmaSya7pUuyq2JHhcbq6rkuXCvLR3wteC5p7eta6Y8,,,"AliAnsar1,357 followers"
AceVenture,AceVenture,https://pump.fun/profile/ce4bWjiRk5yrzSGKU6RiifrYCp11tmjV2CnNpwL9Z3R,,,"AceVenture1,023 followers"
Falcon_,Falcon_,https://pump.fun/profile/Bugu7sRmowLVwexaDQTHF3gMPMwax5bLobyYKWRQcWLK,,,Falcon_473 followers
usurp,usurp,https://pump.fun/profile/LarpzZ7XRDYZp2dMUMLGpRCiAvwphHshBKDn2XagiY2,,,usurp339 followers
realzackmorris,realzackmorris,https://pump.fun/profile/6qz9wSBn4R9AaXJEExA2Kj37qmXZsBYZuwytdv9qAEk2,,,realzackmorris318 followers
afhjcfung,afhjcfung,https://pump.fun/profile/AcNnDcppm4nVsMY7ycnyiqFkTJgKuKUATmZ4ca8wLbt9,,,afhjcfung299 followers
Zoo_24,Zoo_24,https://pump.fun/profile/2kT8rgP1WSowLFaWUhH3oVc6mA5Qesm4dZg4k4j9dpPg,,,Zoo_24274 followers
michaelmorelli,michaelmorelli,https://pump.fun/profile/BdMaPkkBuvtp86AoKAU3a9bmnS4ktwrVqSbC85129xWH,,,michaelmorelli177 followers
Faroeirl,Faroeirl,https://pump.fun/profile/7UzR55Rb22QDDWzdCcrW8WrS6xCL3YXcdFUmJmg4jH1w,,,Faroeirl129 followers
roundtripped,roundtripped,https://pump.fun/profile/4UVBWZid6bH6AS8hpLgJGUEizzUpNXCJYfRKD3aUQgWT,,,roundtripped123 followers
goodtopa,goodtopa,https://pump.fun/profile/8SkgVq7os9zhCpyNrLJXG4cEvUMtn6a2PQEVPjUCRFSg,,,goodtopa107 followers
donotfollowme,donotfollowme,https://pump.fun/profile/88xZPF8N9esm2AKCwCTAT2j8Ra9Sf1UvrsqsL9rqQSJC,,,donotfollowme102 followers
proudtuna13283,proudtuna13283,https://pump.fun/profile/6zd643fDDxABnaYw4Sp4jE5rFc8GGdJ8myJduWvn5ECJ,,,proudtuna1328395 followers
degen_habibi,degen_habibi,https://pump.fun/profile/7X2Tv2iByYVgnA3QJLPaMUuMyKFohuEw5Y1k7QCHc6yc,,,degen_habibi82 followers
dsdegen,dsdegen,https://pump.fun/profile/PFxGqKQpKsJLMSM8tDj6nDSQowxTcA1BoHpr4Qgjjyo,,,dsdegen59 followers
ziffysol,ziffysol,https://pump.fun/profile/2gbwUb4mwVFc37RXWvCx9urjR5vmWrVcaitkC3FVUCL4,,,ziffysol34 followers
KanyeInvest,KanyeInvest,https://pump.fun/profile/67GUNLZwKXK2CfxQEMCnVpR4TxrwKrH6CfwjVuM9DpMP,,,KanyeInvest19 followers
TrenchLeafChip,TrenchLeafChip,https://pump.fun/profile/BEgkQaADpU1eGGhybehyQD4Fh9raUmzBjh69nyvXAaCz,,,TrenchLeafChip4 followers
beanzzsol,beanzzsol,https://pump.fun/profile/VJSDW6S74YXR4rRR9P4xwhMvLZJQMhrUb8XMFirUsy1,,,beanzzsol84.7K followers
alonalon,alonalon,https://pump.fun/profile/6DtEedWf9Wk5hA7Xth82Eq441yf5DA4aGLqaQAVfDokm,,,alonalon196K followers
xSickFish,xSickFish,https://pump.fun/profile/3neNZ7NxWhp5R92doeKkhoau8p7zVBtLQJzVrPXqsWEc,,,xSickFish44.3K followers
TopProfits,TopProfits,https://pump.fun/profile/9ZV44JoeQP1ckhWGWqTyNK8U7ejAE1Fgwbs2eM2iSbzY,,,TopProfits11.5K followers
dipwheeler1,dipwheeler1,https://pump.fun/profile/BMgsHTvcasRVtuevHJh8t6Vf5dmcWkDLAx6gSAQ3dsYm,,,"dipwheeler14,630 followers"
puffymarlin6541,puffymarlin6541,https://pump.fun/profile/98AAcSx1g481St7Z694J3GGvX14hWsvR9aSQFiARhHYB,,,puffymarlin6541265 followers
RoosterQuant28,RoosterQuant28,https://pump.fun/profile/8fVKCAumvSMRWMUoyUE9swaYU8kZKZK99bLTfevX12NZ,,,RoosterQuant28207 followers
RichPatternMath,RichPatternMath,https://pump.fun/profile/ENcBNbqY64Hon4ojkutBpHbvXYunieSYNzpN51PW474P,,,RichPatternMath202 followers
splitmanta41185,splitmanta41185,https://pump.fun/profile/A3W8psibkTUvjxs4LRscbnjux6TFDXdvD4m4GsGpQ2KJ,,,splitmanta41185168 followers
sadcrissy,sadcrissy,https://pump.fun/profile/EqBQhoU88ty3a3aDphDRCBuiRirjUsFSFi4UHGY64qvv,,,sadcrissy433 followers
GoonerKids,GoonerKids,https://pump.fun/profile/c3a68bcb-4537-4c9c-858b-20a45aa3e429,,,GoonerKids75 followers
etanboss,etanboss,https://pump.fun/profile/5yy2F9aeg8T6EZ6ZUyqUBnKnQ1PKKGkMNXGR6AeNisMD,,,etanboss48 followers
dimjellyfish696,dimjellyfish696,https://pump.fun/profile/4dKjFEP9xyEMHRzpDKag7uSbnTZna4SEhGyVdw7oxChJ,,,dimjellyfish69624 followers
psyk3sol,psyk3sol,https://pump.fun/profile/FC3nyVqdufVfrgXiRJEqgST1JdJSEBEz6a9KoBfFP7c4,,,psyk3sol101K followers
younghogey,younghogey,https://pump.fun/profile/9KPMHW2FuTrHBkPa8YQb2PR58V2KQcBXvyM21AFXvhQV,,,younghogey91.9K followers
Mannerssx,Mannerssx,https://pump.fun/profile/G29kbPokFzmVeYuZB1ihA7AmGzLjyDaECEyRMKhHiR4J,,,Mannerssx81.6K followers
roovera,roovera,https://pump.fun/profile/G3sYJ99sqZy39m98qSP9De543Ae2zHy8B6we7tb7z3jT,,,roovera69K followers
maskflipszcat,maskflipszcat,https://pump.fun/profile/3jWTgYPG5s7WfaRvppPBXio4hHQxg18fLUkV2z5covSQ,,,maskflipszcat63.1K followers
amapump,amapump,https://pump.fun/profile/AMAoBmUM6LzYkRBa7GmKy6apZg5LGDakMDMPrAFsbGRo,,,amapump51.6K followers
DJ_trader,DJ_trader,https://pump.fun/profile/FaCDoRVWSGtr24Eg5rwxMd7LNjTkfBTSCQEjX6TnbzAt,,,DJ_trader49.6K followers
birkinbags,birkinbags,https://pump.fun/profile/HxwmEH84o3EuezCUZuBEEeKT6uMDv8R4VRi76ExB87St,,,birkinbags44.3K followers
OldManPervert,OldManPervert,https://pump.fun/profile/49MHZz9c1mE1ePTcLxBWPjf7KKzt3Ntd25JnspKvV8vL,,,OldManPervert37.5K followers
0xwinged,0xwinged,https://pump.fun/profile/HrCPnDvDgbpbFxKxer6Pw3qEcfAQQNNjb6aJNFWgTEng,,,0xwinged28.4K followers
meliboi,meliboi,https://pump.fun/profile/8k9MxERq3FbzFA9moDBFCqLK3GYQ6Ym5fsKttAtRYKUt,,,meliboi25.8K followers
swayzeeee,swayzeeee,https://pump.fun/profile/6rq8QHA89oeaPix1jUP7raHJ9HwNejUVCzwdwmpqcMhe,,,swayzeeee25.7K followers
rarebreedxl,rarebreedxl,https://pump.fun/profile/FQ6WmS5szfK1NRVcGkAqeVbwNeL9kt4xJXhwviyWTB7K,,,rarebreedxl22.6K followers
glassyotter6054,glassyotter6054,https://pump.fun/profile/ESVPiw89EPDawTyqXWmot6nJ8D92MMNHH5fmDmficY32,,,glassyotter605422.4K followers
throatycrab1008,throatycrab1008,https://pump.fun/profile/29yFzeBZgxf5zqrAkKXwgZtQehRf4pL8WbV2nRJikbw8,,,throatycrab100821K followers
cupseyyyyy,cupseyyyyy,https://pump.fun/profile/2fg5QD1eD7rzNNCsvnhmXFm5hqNgwTTG8p7kQ6f3rx6f,,,cupseyyyyy18.5K followers
the_nutgod,the_nutgod,https://pump.fun/profile/8748DcWqX1UrNYATejtAs2RMMronFAQUy2PkrvnTrh3P,,,the_nutgod18K followers
deroller,deroller,https://pump.fun/profile/q1x4ZBM4suUaMB8BjsHpVH5dwyUtEnRY8QB8kzvCQ9z,,,deroller18.1K followers
GemAnon,GemAnon,https://pump.fun/profile/HizZ5US8st5MHKXjeboHwGmbDa85KeM8GG1a7XJNMUrc,,,GemAnon16.8K followers
yuge69,yuge69,https://pump.fun/profile/9H7nQxF1vmrr9fjcE55Y9RoTb1uhKtE7934y8Ww8oijr,,,yuge6916.3K followers
degenordie,degenordie,https://pump.fun/profile/2k6zNnqdyoAHnsBXJsH3emHKpteayQRSNth6q4mfTPBB,,,degenordie15.5K followers
360ng,360ng,https://pump.fun/profile/FtDwzAxJuMmLa3MDVxcGjKRwHmpNnMyCzmEwGQYX5q9J,,,360ng15.1K followers
Wittgenstein,Wittgenstein,https://pump.fun/profile/N9SyhAXDckG4y2B911paJPpwS7cvxWSxcng53mebXGf,,,Wittgenstein14.6K followers
LaserDandyWing,LaserDandyWing,https://pump.fun/profile/HXpJhVrbdGvnaPh2zpex7boUGX1qiRTL5ZNhmV76pBpC,,,LaserDandyWing14.2K followers
Psyduckz,Psyduckz,https://pump.fun/profile/5jzGvkv64wodTrTqzHmPTDJC1EqvvvAvh3EZAnxMsLoy,,,Psyduckz13.6K followers
mydihtoobig,mydihtoobig,https://pump.fun/profile/3yVAVAAQqL96WdcJvnTqBy13k4DoGx5THDbSt3yJ5uDy,,,mydihtoobig13.3K followers
akinwhale46226,akinwhale46226,https://pump.fun/profile/BxMvZfRDREfLMZMaUdz9p9gHyk7QkXGZN8igqZeFniPd,,,akinwhale4622612.9K followers
berdush,berdush,https://pump.fun/profile/HLNMn7ZcLmxfYXt4QTpc8g6xMqZoXR4ixpehswgbQhVG,,,berdush12.5K followers
notwaiterg_,notwaiterg_,https://pump.fun/profile/6A73cnDtWfuuLtJpQQi1gsBH98JBDM3AZxhwhov8tnMR,,,notwaiterg_12.3K followers
MomsFavourite,MomsFavourite,https://pump.fun/profile/FRJB1ZuDJ1RtPGs5gWSxE87kKV53sKEdGfgTReVzcSoH,,,MomsFavourite10.9K followers
megz0101,megz0101,https://pump.fun/profile/5FnE3q4tcDkEjRGuHgcxoBLXoZjWXDE5xEpJyneHDc9g,,,megz010110.5K followers
cashmaxing,cashmaxing,https://pump.fun/profile/FtJ4yajd6fPcvFdtEsAoUukcUn6nD1qhEFevSQDcauHz,,,"cashmaxing9,169 followers"
mrbeast999,mrbeast999,https://pump.fun/profile/5t8ip9qgC381Jwk1EbpZZJK7JYGjAYD9eviYGvKUDUTv,,,"mrbeast9998,994 followers"
daniworldwidee,daniworldwidee,https://pump.fun/profile/AuPp4YTMTyqxYXQnHc5KUc6pUuCSsHQpBJhgnD45yqrf,,,"daniworldwidee9,006 followers"
WTDD_jp,WTDD_jp,https://pump.fun/profile/2k1cUVB6SEpwKNYz2QSamLk5DT6Vq11nGyV2BMa3jaCf,,,"WTDD_jp8,853 followers"
Proteus1,Proteus1,https://pump.fun/profile/Goj6MczfEqArgzWMxLFAi5Z1MbPPMb1PjWcCjg5gSBBx,,,"Proteus18,830 followers"
CadeCummingham,CadeCummingham,https://pump.fun/profile/7edJiNbYKC1mAbebFAaVtCzJwtax6YznRjDckSTDVoCX,,,"CadeCummingham8,740 followers"
hotdogenj0yer,hotdogenj0yer,https://pump.fun/profile/EFpQWGxuoS9nxB1sX9x6LTJAvsnKxcnpZpMmz3QDGnfJ,,,"hotdogenj0yer8,558 followers"
bestcook,bestcook,https://pump.fun/profile/7g5CJ754NboeY6D44MDdGwQmVX4Fvu59Q47c9ZKLPMkE,,,"bestcook8,344 followers"
laxstarfish1400,laxstarfish1400,https://pump.fun/profile/2LPRuWPFATqCexjKA3eBkBh14tKFxHxNjve1bdKxHYko,,,"laxstarfish14007,331 followers"
Bizzinness,Bizzinness,https://pump.fun/profile/88y4qUChRATKVbjXDs5KRwfyaqE9n3onzCsDFCgTmGQr,,,"Bizzinness7,218 followers"
y4su0,y4su0,https://pump.fun/profile/DE9pkgHPrhqk7fLybvK5nVoQFJ24LhhmjEp9o7Azdx4V,,,"y4su06,826 followers"
taxed,taxed,https://pump.fun/profile/E2QHuNLnq3yMv45d7R9eDQxgQaCetEjN17ySmtBQnkWB,,,"taxed6,672 followers"
1lasttryatrich,1lasttryatrich,https://pump.fun/profile/39y9hnr8NQXbkePLNJKxhZbswmdWGbApKmqn7k5iKSZT,,,"1lasttryatrich6,067 followers"
drysalmon87949,drysalmon87949,https://pump.fun/profile/2mF4S9XHBjztQu3Vp9B4srcJDWaGDgJ77zwxURDGqp9z,,,"drysalmon879495,556 followers"
_opensecret,_opensecret,https://pump.fun/profile/BM4z8XWwCJNM7nkeLE7hjVe3sYhkaLqavLbaZxaiQ8Rm,,,"_opensecret5,359 followers"
letterbomb1234,letterbomb1234,https://pump.fun/profile/BtMBMPkoNbnLF9Xn552guQq528KKXcsNBNNBre3oaQtr,,,"letterbomb12345,203 followers"
chainsawiq,chainsawiq,https://pump.fun/profile/4mK9yCvQQPm1aZcREB4Du2DmLM1V9FoUWXoRgYuUDqB9,,,"chainsawiq5,080 followers"
RamenShop,RamenShop,https://pump.fun/profile/7S85Xk9BDEdQtnQNs3dGPsBugQZmpai44MxPbqAt6hHF,,,"RamenShop5,012 followers"
holdtaff,holdtaff,https://pump.fun/profile/6uzCJagpFkxicasQas6ZTxJUAY1z28EwSbGg6jtRtKw,,,"holdtaff4,691 followers"
Jean2x4,Jean2x4,https://pump.fun/profile/GwXhn6ctK56xZMQB2cH2t98L4ZepcrJE1SRZC97xDQvu,,,"Jean2x44,537 followers"
SweetLemonMiner,SweetLemonMiner,https://pump.fun/profile/EkGUzdkix6nxRDxC15Nyyx8GN5Z1MYbgHowP5v5y6TFm,,,"SweetLemonMiner4,102 followers"
daddychilllll,daddychilllll,https://pump.fun/profile/pXGQ6J2ziRCvmYSLTT55FASf2jSHeCD6gju5xka31yV,,,"daddychilllll4,098 followers"
pumpitloomdart,pumpitloomdart,https://pump.fun/profile/A8AfZB5P4P8erpFv1ToDcSnawpZPesyXvMbC1u2gHko4,,,"pumpitloomdart4,011 followers"
chillhousedev,chillhousedev,https://pump.fun/profile/DjM7Tu7whh6P3pGVBfDzwXAx2zaw51GJWrJE3PwtuN7s,,,"chillhousedev3,984 followers"
GoldStarCapital,GoldStarCapital,https://pump.fun/profile/6s1H4NEejNCfd7AkgW6S2r9nGadE4q7AXQDCWKXM36Jg,,,"GoldStarCapital3,662 followers"
drag_on,drag_on,https://pump.fun/profile/2hbLCijArfdrbKovLbB5MfgcyCXbW9kt9qjBxSi4GVAv,,,"drag_on3,662 followers"
FeedingFish8812,FeedingFish8812,https://pump.fun/profile/AAUpFirsLpFC1aYGvZTMf8Vg8kqxqJbv3a6ov6sxTHmi,,,"FeedingFish88123,628 followers"
henrynowak,henrynowak,https://pump.fun/profile/ebZRtCmGBefPCrj5kJMZBUSDYrsjTweT5EVspfLMuPA,,,"henrynowak3,503 followers"
beaver,beaver,https://pump.fun/profile/GM7Hrz2bDq33ezMtL6KGidSWZXMWgZ6qBuugkb5H8NvN,,,"beaver3,450 followers"
CALLPUMPFUN,CALLPUMPFUN,https://pump.fun/profile/BJcMfK5qRVghxKa1FjgrjaquixgsWB3GQuvkMzbDwxut,,,"CALLPUMPFUN3,453 followers"
nevergoon,nevergoon,https://pump.fun/profile/7qjqXhYHe787WeFK1PRMYwdgduwRLWvjzZnDBEMz8Rvv,,,"nevergoon3,362 followers"
crackthecode,crackthecode,https://pump.fun/profile/CcJX975YTw8owyuRwyC1m9pyC3ZhRp89VM12pfUfDBcf,,,"crackthecode3,289 followers"
rarewhaleenforc,rarewhaleenforc,https://pump.fun/profile/7kGAXsa7n1qN2FuNoJAGmzebmN9KqqLAHcwj7gvoekKk,,,"rarewhaleenforc3,074 followers"
Ang_Alamat,Ang_Alamat,https://pump.fun/profile/FLKmEMNjFD5UM1oT48uCjnTLZHtv1VTzQAsPEr2Jq2TT,,,"Ang_Alamat2,972 followers"
clukz,clukz,https://pump.fun/profile/G6fUXjMKPJzCY1rveAE6Qm7wy5U3vZgKDJmN1VPAdiZC,,,"clukz2,938 followers"
Kolllns,Kolllns,https://pump.fun/profile/6VmEugLaMRHx39GrL3eDCwXkj46Na6r74jvftjemeSZm,,,"Kolllns2,879 followers"
pumpfunchick,pumpfunchick,https://pump.fun/profile/ELNEWNeMJVY1p6a14CJ4YczcMB69CTxkC9Srfyj5n1Ve,,,"pumpfunchick2,953 followers"
CatthewPurrdock,CatthewPurrdock,https://pump.fun/profile/J9GzVdw86xYSjdtujjh4bomeCx6n71AZx4qkT8SiSXbd,,,"CatthewPurrdock2,867 followers"
Underground,Underground,https://pump.fun/profile/59dbedbf-c817-4c50-9737-2112242ea79f,,,"Underground2,859 followers"
skeets,skeets,https://pump.fun/profile/4tVMXgThUt9BR727579p7NDShzru1iPBDrADeaoLvcNq,,,"skeets2,824 followers"
alphaprophet,alphaprophet,https://pump.fun/profile/FFdBLYqL9rs5fUT38ArE8GV2L3BziEgG5LJUu6sshfkF,,,"alphaprophet2,816 followers"
Tittyfag,Tittyfag,https://pump.fun/profile/3yTahCwhuYTrqWsVqHavYxZ9eknMRvNZF117HHEzpn9X,,,"Tittyfag2,771 followers"
babyansemdevv,babyansemdevv,https://pump.fun/profile/CoSBdHyBnZA8uAeu3fJn1mByCK3qeX2q6mqUVTsagDDT,,,"babyansemdevv2,802 followers"
cryptoRen7,cryptoRen7,https://pump.fun/profile/8bKcbosdaem5VgjpLTfxwt2MSk3LNaJGsqTBwZo2K77s,,,"cryptoRen72,662 followers"
rally_wrex,rally_wrex,https://pump.fun/profile/BfgSN1eYQrXfB6Khqh52Zpo4Pdbj4ks1N676LjvY4nnL,,,"rally_wrex2,631 followers"
Hakusan,Hakusan,https://pump.fun/profile/7SiE58RX4KKTnwGhQqiQvzSeV7NqsXqhZTrqRpo2qW7T,,,"Hakusan2,626 followers"
Arn0ldCalls,Arn0ldCalls,https://pump.fun/profile/7denTkipXydUGRMqdQgGsyuvJ4BRFrNLde9SWPcNKqyU,,,"Arn0ldCalls2,636 followers"
jadood00,jadood00,https://pump.fun/profile/2JMg6eX8XLdhf6xPx7ndypNpEqB6aVnTYccQAdoaCbSU,,,"jadood002,618 followers"
FemtoCalls,FemtoCalls,https://pump.fun/profile/sKXyZiQdKNLVkjqJWcHq3vcGC3A1RXCtdZkuCmVLLNL,,,"FemtoCalls2,616 followers"
zhuktckls,zhuktckls,https://pump.fun/profile/BgVwPDSvSDNZKDjPnJxHsYSLRn16X52EnAjHPV9djrB3,,,"zhuktckls2,617 followers"
ElPudgero,ElPudgero,https://pump.fun/profile/ArcUttpiFCkiJh6udJKA8LRcSKwk1vncTSPRkDwRLsse,,,"ElPudgero2,613 followers"
BenFisher,BenFisher,https://pump.fun/profile/J7bQ22SXt3AcE16teEEo9cswRq1o8AvPX1ue7ZHtRqMd,,,"BenFisher2,615 followers"
theonomics,theonomics,https://pump.fun/profile/Bi4rd5FH5bYEN8scZ7wevxNZyNmKHdaBcvewdPFxYdLt,,,"theonomics2,554 followers"
supersquidspuri,supersquidspuri,https://pump.fun/profile/J4hY1wpM6dZCzAbFndKUBZBEEG5yVRdP96zYnPu9dULb,,,"supersquidspuri2,507 followers"
rimanrant,rimanrant,https://pump.fun/profile/BWVB3jZsHgD8uGifwrBwHmZgsEzcBoSnQbANRo3Ypmpx,,,"rimanrant2,463 followers"
lekdouche,lekdouche,https://pump.fun/profile/FSTxg1ZGawQ5D4i8ikTrFeeCRdMKiUNQBhhZ19TD26c7,,,"lekdouche2,429 followers"
Unbagged,Unbagged,https://pump.fun/profile/FK5N6qjrbnYNUnDgpU16kxKxopDTdWfKB9zduaUFB1eA,,,"Unbagged2,373 followers"
CALLER369,CALLER369,https://pump.fun/profile/5t4Tz7qewAHSpDC1YADAmogtiE3Cwud4juNjjVXaDs1p,,,"CALLER3692,357 followers"
reigningorca923,reigningorca923,https://pump.fun/profile/CGTkT8Mx4cBv8n17AHyhhLCkFy9fwXfN5UiQvxcdvYyx,,,"reigningorca9232,284 followers"
profitab1e,profitab1e,https://pump.fun/profile/DYmsQudNqJyyDvq86XmzAvrU9T7xwfQEwh6gPQw9TPNF,,,"profitab1e2,229 followers"
151618,151618,https://pump.fun/profile/AcKpsk3AKJR8YiTrHr2XCFZ2WV8gcM3zjgcr4P1MjHD1,,,"1516182,211 followers"
surecrab69160,surecrab69160,https://pump.fun/profile/AHKnF7imSiSyBsPU3Rd8Gykk6etfLHRA1f5aZPpcbSWf,,,"surecrab691602,221 followers"
dontcopytrade_,dontcopytrade_,https://pump.fun/profile/AosepN8EQoch2n3tv3UJ8n2ENy1sFqAikHWXKK4Mcjwr,,,"dontcopytrade_2,218 followers"
sadkris,sadkris,https://pump.fun/profile/2GtmuqG31LuuWQmKzeK72YjH5iALPkJycuQaEQGsFzLw,,,"sadkris2,161 followers"
sicktuna36965,sicktuna36965,https://pump.fun/profile/8uRfJP6V7D9ufu2ck4fyFeivFPzu6VvaBTAHoCXCsGi4,,,"sicktuna369652,177 followers"
oldkraken72513,oldkraken72513,https://pump.fun/profile/D1XkpG4C34xGrtwiEDL6evUBVRwy8U2PwmjV73Dp2vyt,,,"oldkraken725132,167 followers"
upperhand,upperhand,https://pump.fun/profile/HANcjmXUgZ5as9nUFcKC7ang9hwJcMYE7fCF5LrXZf4j,,,"upperhand2,175 followers"
Psihopat,Psihopat,https://pump.fun/profile/5QvRryZtNXnBDSULPRec6BZRJ6m4nJnrtmqQsJTHf241,,,"Psihopat2,158 followers"
OG_verified,OG_verified,https://pump.fun/profile/8MN3qDnVAijNdETRRAegUBSVy2uddMW6pMeooDpi7Npd,,,"OG_verified2,151 followers"
Psyko3sol,Psyko3sol,https://pump.fun/profile/8s1iiYRVxYxa6jdprTWonHS8PW7F2MzxuDukoYj2hHLr,,,"Psyko3sol2,145 followers"
Synagogue,Synagogue,https://pump.fun/profile/2c0842c2-11f0-4002-a781-1629160335b2,,,"Synagogue2,126 followers"
ConvictionMaxi,ConvictionMaxi,https://pump.fun/profile/4VFsVdEu6rJ3kB4BHoPDxz888RpFUJNriksRp2m6Hoep,,,"ConvictionMaxi2,118 followers"
AlhMusaa,AlhMusaa,https://pump.fun/profile/EvAomKZqSW4UDYcfCyGwAYXTxVLmD79UvamikuVGkrnG,,,"AlhMusaa2,146 followers"
CryptoJessica,CryptoJessica,https://pump.fun/profile/DDXPbYMPoRsu8RU2zjwqdG3She656AcuYmFNZBASrnFh,,,"CryptoJessica2,090 followers"
manicotter36383,manicotter36383,https://pump.fun/profile/9Ht35EoXoMPy82KbP5WGrULASddDd55dy96cAXNdVDkR,,,"manicotter363832,068 followers"
memalyze,memalyze,https://pump.fun/profile/5cG4mQLB944kEhHJK6VTDCZrBY6NnzPTCBRtLjutwwPc,,,"memalyze2,067 followers"
notvein123,notvein123,https://pump.fun/profile/BtDaZUqHr2mKH5EYQCztuerHBuBEfQNYdquTDtEZp2Ym,,,"notvein1232,023 followers"
threadedtxs,threadedtxs,https://pump.fun/profile/4kU4JzzLVF2b6BjjabR7y6yePKQVCnxGpLKAJUKKHQVk,,,"threadedtxs2,004 followers"
lspfi,lspfi,https://pump.fun/profile/A8Z1ejQGk45EJibBPJviWnM3UvwKSuYun53nSCkWKM52,,,"lspfi2,018 followers"
alienofftwig,alienofftwig,https://pump.fun/profile/CiKWrB74qu7Bt8LXT6ZZCmUve5DM41jfHQxackqYnf9P,,,"alienofftwig1,954 followers"
boapranois,boapranois,https://pump.fun/profile/DXbZugG3hkX6o2cbNuKnUtDTQdjRRUx9uvtoE9FQCc3i,,,"boapranois1,922 followers"
jtradesfomo,jtradesfomo,https://pump.fun/profile/4kQeEH3bcN4vqqJypQrgMcgETXYug1iTSUx5MaJSvr9b,,,"jtradesfomo1,917 followers"
0xCoroner,0xCoroner,https://pump.fun/profile/6FaktzLtwfkwrQMv2nYnqLA6nGZ3jHCs78531GtgJX1d,,,"0xCoroner1,883 followers"
IceTea424,IceTea424,https://pump.fun/profile/9WXewd9CSaVgvFSZSKuJqA7TMn95Bc7j3cExEtYSoauh,,,"IceTea4241,867 followers"
ppnew,ppnew,https://pump.fun/profile/7Y2QuUDFn1DhQPLMHv6N6P6A5L3BpWVUSge7cN4uuGF4,,,"ppnew1,831 followers"
sharkslayer20,sharkslayer20,https://pump.fun/profile/8iw78jRhhMpTMwFn3wDdVMQL7aypSi6z3eDBkhe3vqsc,,,"sharkslayer201,828 followers"
0xPedrito,0xPedrito,https://pump.fun/profile/w1WHXANKkR2zma7D6La3HAaXXxXzXQQK7x68nCcDcSS,,,"0xPedrito1,760 followers"
solanaunchained,solanaunchained,https://pump.fun/profile/2CZUibFivwygkLNc2oBn6HJoxZxBveW9KQmoD8yRTTfX,,,"solanaunchained1,748 followers"
lefou_,lefou_,https://pump.fun/profile/7Wku1wCWqEHt2EoXN33MMUrddAScrNrAuiRch8htd3DF,,,"lefou_1,732 followers"
zeusxbt,zeusxbt,https://pump.fun/profile/8VS8M7og1NEL4rDLzqMRfMeMbDti1XZ8AaF8uWNzb3Y1,,,"zeusxbt1,713 followers"
umbreonnnn1,umbreonnnn1,https://pump.fun/profile/6NozQLi6NiU8D956cbqVVujGeDEsQhj3iqTmDRs9k9am,,,"umbreonnnn11,697 followers"
Eins,Eins,https://pump.fun/profile/CxCLPfEMmEoWg5wHSMFY2BLCRhRqgqRueKczpTPaTwN,,,"Eins1,685 followers"
miladystonk,miladystonk,https://pump.fun/profile/DjGrR5QGdXjBD9Yr6REQgCBi4bT4VymX8fnZWFTWkoRw,,,"miladystonk1,682 followers"
duckcuck,duckcuck,https://pump.fun/profile/Cqs7HRBE87a9zq3pC2aLTYQDJ5HsgTWCaRFQqzHY7XBS,,,"duckcuck1,650 followers"
BooBoo420247,BooBoo420247,https://pump.fun/profile/67Fm9cErgVJdd7VxzKTPW6cMMYVbrnBwPHimYxYuRHKP,,,"BooBoo4202471,656 followers"
finderalpha,finderalpha,https://pump.fun/profile/At9Lxx6MgJxGzj33RHn57LaSkC7incZ6XpaN3BiMC2k,,,"finderalpha1,642 followers"
GambitAce,GambitAce,https://pump.fun/profile/D8kKvpeGujoUifhumESFahjauzyddzYei8TKPNoYPzPa,,,"GambitAce1,626 followers"
cyberleekonpump,cyberleekonpump,https://pump.fun/profile/PrEytJ4nKqKcLwzHrxLZT3JcZHfr2NnMGMDcQWkj8dS,,,"cyberleekonpump1,600 followers"
Uncquant,Uncquant,https://pump.fun/profile/EgYa22bNrcQGRJny4rGJz8eJe5CSFKtXEqB9qPQQGN9p,,,"Uncquant1,616 followers"
abitdelulu,abitdelulu,https://pump.fun/profile/3w8N7ay9pvNaXxYUu7gFeZQ2zHg6FECSgwGWxcWwb8C8,,,"abitdelulu1,613 followers"
BeazyB43,BeazyB43,https://pump.fun/profile/BxPBGUZBMf8zuXr95V3figmESyGAjSG4ijiNXDFRzskJ,,,"BeazyB431,605 followers"
welcomerich,welcomerich,https://pump.fun/profile/4JXUHGuc8dDAV35xgMUvAjgQGxC5yRHbAHRaDGvbnPaL,,,"welcomerich1,582 followers"
CooknSol,CooknSol,https://pump.fun/profile/7tqvxysP8pthzHwKgrdTpeEhxNFMNtHTMaU6W2urvkZ9,,,"CooknSol1,583 followers"
freejoby,freejoby,https://pump.fun/profile/65566MA5m3yNrbZvJnosVXcLFaRZgUjJWazdSKBAmeUt,,,"freejoby1,569 followers"
Icefreezer,Icefreezer,https://pump.fun/profile/8NVkytV1CtoNBXGFtwXwh4KQdbgVcA6hFmym1gMuRHru,,,"Icefreezer1,534 followers"
ana1lon9,ana1lon9,https://pump.fun/profile/6N7HwqRtyGmRbtCoMqMnkNPWLNG1gtv2n5HDMEknetvA,,,"ana1lon91,518 followers"
zkShronk,zkShronk,https://pump.fun/profile/5ijWW53NLoCWfV3Ntr3qANuMK6qcUmub1PCfJmtrJrk7,,,"zkShronk1,497 followers"
Pandapumpwif,Pandapumpwif,https://pump.fun/profile/H5o7trB6m5WE6jHDp6oGnxxAoj48U49WisPvi6DJM6HA,,,"Pandapumpwif1,502 followers"
buttholio,buttholio,https://pump.fun/profile/EHSbrccQquS9dSLSGg9TLSJkMVyXg7SWR8u4fC7aoEyc,,,"buttholio1,483 followers"
skinati,skinati,https://pump.fun/profile/ApgNMm7nPAecJ7VifX6Xrj93MDsTwTTfE5WvY1LV7QTv,,,"skinati1,470 followers"
ORANGINA,ORANGINA,https://pump.fun/profile/8AqWcCM4CzNBLKK6kbVr5PUYWoP7yE6tS3Q7T3eyV3Yv,,,"ORANGINA1,446 followers"
lebomb,lebomb,https://pump.fun/profile/7moqFjvm2MwAiMtCZoqYoTAPzRBxxMRT2ddyHThQuWjr,,,"lebomb1,448 followers"
stellanyang,stellanyang,https://pump.fun/profile/A1ofb9tyBYWJ6ZxFedyWk9VqC88xhmvsbe2T4Gzv6tHw,,,"stellanyang1,401 followers"
ChillBagPocket,ChillBagPocket,https://pump.fun/profile/9qaZKyXQ9MNDxC822Eeo8RWZCAaBuNTZDFPMmWp4sKH1,,,"ChillBagPocket1,410 followers"
FruitF1y,FruitF1y,https://pump.fun/profile/6PHz4ku4n3LrvBvR9FByRnWCJn14WMW5JUGyJBdemwSr,,,"FruitF1y1,406 followers"
shymarlin64819,shymarlin64819,https://pump.fun/profile/6bD2YsuNF2MjMdYiLHRzmHswx3BzmtRgkFhJuBF6czBs,,,"shymarlin648191,390 followers"
pixelatorguy,pixelatorguy,https://pump.fun/profile/6FGsiDL3GAFQ3duWJMakqcjKqC2n69XooYjGU2YpCR5M,,,"pixelatorguy1,373 followers"
animebtc,animebtc,https://pump.fun/profile/BYGaWBYhk7Ht1vJqoMBgqgMsrhefa9hhQNjL39SLK8yN,,,"animebtc1,373 followers"
cryptogym1,cryptogym1,https://pump.fun/profile/7af2hn7dx32GLJCbD7jRRRGrUanNucVpBEDwd6EnwWxE,,,"cryptogym11,358 followers"
fitsquid13447,fitsquid13447,https://pump.fun/profile/4DVVsMKXT3qPpEYDusxSswF1uciwu1Pxhp2X6dUTyxGj,,,"fitsquid134471,360 followers"
SolLovingFork,SolLovingFork,https://pump.fun/profile/K6Eh9fwKkrhVNq6SpRtJn7F4Myi3HUst5QP8x5BKHnR,,,"SolLovingFork1,378 followers"
gibblerish,gibblerish,https://pump.fun/profile/2ce9tZ9h6oeuMpgNbGejRTCP7J7xGPkoRY3rLPvHPb9b,,,"gibblerish1,353 followers"
Toushirou,Toushirou,https://pump.fun/profile/GzA6mpijZWK1PmTTHFUXq6tzYTDUYybRC8H8TQbXTfHY,,,"Toushirou1,319 followers"
KevinYu,KevinYu,https://pump.fun/profile/GvT9aod9E9ENDyUGzk3r4LymjS81GXLPtd5zCGvTMAAF,,,"KevinYu1,328 followers"
helenagianx,helenagianx,https://pump.fun/profile/45AdLZ827XnJhqcC6u71FZRxGN4rnxtfi1st3kARY5dE,,,"helenagianx1,304 followers"
notedmurkyheft,notedmurkyheft,https://pump.fun/profile/DJ4HMN9RjARf43NWJTqDE6fsBf8fAoq5M5PRLm1J1Qpk,,,"notedmurkyheft1,291 followers"
travism,travism,https://pump.fun/profile/4unTjmdcxPUq1L3CDvW69UCVvdZ46ZeSMrdtr2L2o8dR,,,"travism1,299 followers"
notomnisol,notomnisol,https://pump.fun/profile/5u27m9oUoJUYYe1cxMgXuVrzaGcMBXPvfXRu6rp3oud9,,,"notomnisol1,301 followers"
ansemmm4812,ansemmm4812,https://pump.fun/profile/4h4DphyJuNvkUJ5NjUcu9U6KvQXwb6nS8gKqheSbiLYb,,,"ansemmm48121,294 followers"
dipping,dipping,https://pump.fun/profile/3HgPjjBPoKbpyhqRx3ScMNNwMRAaoxPW3fvHtJBkMaZA,,,"dipping1,292 followers"
NuclearCallout,NuclearCallout,https://pump.fun/profile/5arDworiTQnkRz6mhLheiB6E8QHT1bZ3CTHZLHJGqMeU,,,"NuclearCallout1,296 followers"
PonchoMate,PonchoMate,https://pump.fun/profile/ABMKBNvdJEf3SGNxa2QZAyDk5rzkLHp2LA34nu5xTpi3,,,"PonchoMate1,295 followers"
Tolis6p,Tolis6p,https://pump.fun/profile/EMZM8oh2DMpeFGLQrjNVpubhCFDFqiXMNJswtMuNXjgt,,,"Tolis6p1,283 followers"
swooshi,swooshi,https://pump.fun/profile/2jYJwvXCHPgRPo7MRfAgZz4VoEqCNGyCMUgwWW6aKfBB,,,"swooshi1,274 followers"
Roundtripper1,Roundtripper1,https://pump.fun/profile/5iDoWCjKRh487KDyU4J3m2bHsYnGBESfVaUgUNvNBNT5,,,"Roundtripper11,253 followers"
mistermotion,mistermotion,https://pump.fun/profile/6FC9XFByifhgHYcbTDhy9tgGpgsKbnLVZs2kBTakoEPV,,,"mistermotion1,246 followers"
kimchi0x,kimchi0x,https://pump.fun/profile/9XZxdeVFjpf4ZdhrrFKfRirAHA6YKPMhbYq9fwZ6xgKF,,,"kimchi0x1,226 followers"
OGCALLERS,OGCALLERS,https://pump.fun/profile/7607c13f-1a02-480a-9c71-566495dc8788,,,"OGCALLERS1,238 followers"
ImPushinP,ImPushinP,https://pump.fun/profile/6KJBbAypiJVmwtbeV5VLp97KWwHKM1uEPQKALzqUaDe9,,,"ImPushinP1,211 followers"
mrkind,mrkind,https://pump.fun/profile/8PQxd6VmfGPMyg8WPnfkT9jUTmtE7UsnDmvBKXeAVP9z,,,"mrkind1,193 followers"
degendictator,degendictator,https://pump.fun/profile/EMFX6QB2evihb2hKdpAym8LWCtG23xdxBycpPNFAjT77,,,"degendictator1,216 followers"
Clowntrenches,Clowntrenches,https://pump.fun/profile/EDXHdSFdadFbYFFjxPXBqMe1kCEDFqpPu552uvp48HR8,,,"Clowntrenches1,208 followers"
bymotionnn,bymotionnn,https://pump.fun/profile/DJQwtiowTJmAvAu4vhCaFgPiS3nnKD5r5agZgBQEdHK2,,,"bymotionnn1,208 followers"
LEGEND125,LEGEND125,https://pump.fun/profile/8LgeCEpEjrwkEbNRuysKB3b2wfZn6qnZKCA8TTBGwenT,,,"LEGEND1251,192 followers"
Branch_M,Branch_M,https://pump.fun/profile/BRANCHVDL53igBiYuvrEfZazXJm24qKQJhyXBUm7z7V,,,"Branch_M1,194 followers"
Qu4nt,Qu4nt,https://pump.fun/profile/DbG7RyLFBWXpEWgfKUA8qByvBZEZ3chqGh9TLkpjpF3b,,,"Qu4nt1,194 followers"
theboreddev,theboreddev,https://pump.fun/profile/GaMPRt9yhnhRAB134imiwkmXAtVYkcTtZFzF1nBeqw6H,,,"theboreddev1,174 followers"
leste0,leste0,https://pump.fun/profile/ARSCAY4Pj1CUiKLCuAAx3bnQYpuRkFmhfNaLjbyyXVrF,,,"leste01,171 followers"
G_404,G_404,https://pump.fun/profile/A77noBnw2UaNxxjEyS2FbZisCtyrAAUnkmtTBbT3fcaV,,,"G_4041,174 followers"
ogdrippychaos,ogdrippychaos,https://pump.fun/profile/9YaQnWG69NSSGU7wdqQX44Gusgdwb2Ytaqrx8k9rokTq,,,"ogdrippychaos1,167 followers"
publixplayz,publixplayz,https://pump.fun/profile/86AEJExyjeNNgcp7GrAvCXTDicf5aGWgoERbXFiG1EdD,,,"publixplayz1,157 followers"
ansemsdad,ansemsdad,https://pump.fun/profile/Fh9mFXura9qKSQppPvkTMjBeRwR6ETxfdXS79T98RwzR,,,"ansemsdad1,158 followers"
SE7N,SE7N,https://pump.fun/profile/aH31qjgPV2u1LNipeuNjFDKFa4LFA6j8SuWpBxeP5t2,,,"SE7N1,133 followers"
VaultTime,VaultTime,https://pump.fun/profile/HesQm1z3pUejzcctuwLoCU7Z4yf8whR8omoC6qeHav4M,,,"VaultTime1,141 followers"
chabalabab,chabalabab,https://pump.fun/profile/9HjP5Udc1noTPS4waXtiE2oxbopAZqGHRWaBycG8vmTk,,,"chabalabab1,124 followers"
Zuki_web3,Zuki_web3,https://pump.fun/profile/922VvmmYDHV9KMTJJ71Y5Yd3Vn7cfJuFasLNSsZPygrG,,,"Zuki_web31,127 followers"
pravy,pravy,https://pump.fun/profile/3it6rkAxYhXza9cjsrfThF6iXzYZSutQ9TSnKP5n53Mq,,,"pravy1,126 followers"
trenchgamblor,trenchgamblor,https://pump.fun/profile/C7cavaf4Z9MTZ9AzJ6N22XTyYgzmNDMPLUjqgf586KNa,,,"trenchgamblor1,124 followers"
IamMumm_Ra,IamMumm_Ra,https://pump.fun/profile/6e3xq5PB42y7oUCZCmHiWTFQdVaar3KmBy9YvvE7K1pL,,,"IamMumm_Ra1,103 followers"
spongbob_,spongbob_,https://pump.fun/profile/BhV7fvyg3YtqHBSFjx3gMrGzjfVQ7sBSFW3gmqVFBjTe,,,"spongbob_1,106 followers"
yess1r,yess1r,https://pump.fun/profile/2XYjLrTeo14VtiK9JPqjPFHiNYtV3wLq9Mpjve38Fpj2,,,"yess1r1,095 followers"
Nooddles,Nooddles,https://pump.fun/profile/2cjoL1frrCSa1miYN7r3qvS26Xtz8oJ326d9kfYFW3Eu,,,"Nooddles1,087 followers"
Goodcallouts,Goodcallouts,https://pump.fun/profile/D4CSsDUsaDXYmsn2kjds9mvdy6yP9B8tQ4Ns5NNRnXkv,,,"Goodcallouts1,093 followers"
whalejamesB,whalejamesB,https://pump.fun/profile/4XWC649wBCcuNFKNmS4KZbSM35MN5XazehAwdf3nCRtv,,,"whalejamesB1,077 followers"
nickkkkkkkkkkkk,nickkkkkkkkkkkk,https://pump.fun/profile/7A4x4kL8LZgKyNb8deE9xM5wH7jhLLFPJJatZqtfAjGr,,,"nickkkkkkkkkkkk1,067 followers"
8euwgys,8euwgys,https://pump.fun/profile/8eUmJvANsdEaxZDi1NTspb27KDGEL7tm7Byq4V7gmJWY,,,"8euwgys1,050 followers"
nina33,nina33,https://pump.fun/profile/A5vesQZFdHePnsf9s1Xha9GV4feiRFgpQc6ALSiRuttM,,,"nina331,051 followers"
bluribbon,bluribbon,https://pump.fun/profile/TLyCMWKeN8JLmx7pnq7zibUcQX2bcZw9kCihWbUuNqF,,,"bluribbon1,054 followers"
Adrian_On_Sol,Adrian_On_Sol,https://pump.fun/profile/98CWQJcUidDwbncjrApAqs9X6p6v3cWUy2qCiXmtYbbF,,,"Adrian_On_Sol1,059 followers"
morphed,morphed,https://pump.fun/profile/91D8gAUu8BHZ53B5brYAnAwGfPVwU9AUe1sxQgs6jXDq,,,"morphed1,042 followers"
Sidewayz008,Sidewayz008,https://pump.fun/profile/5mbo1CogP1VEyHExZCkaegSwXwdrbdomQJSZTEHSnJdJ,,,"Sidewayz0081,044 followers"
clickboom,clickboom,https://pump.fun/profile/J5qQZrqBXN7UGebufaNYzEqQHY3Y1feHEMxP1BDN47PF,,,"clickboom1,044 followers"
standtall,standtall,https://pump.fun/profile/8k1DUaWEYquPCNQWwbSuTiBfB49cjFhMnTwUyWzmiYP8,,,"standtall1,027 followers"
panda_chill_1,panda_chill_1,https://pump.fun/profile/CFPwZEam2YWbMyfyoU2XdBpXa444SfKM1UdNwX3YsAmd,,,"panda_chill_11,029 followers"
paco_ok,paco_ok,https://pump.fun/profile/6PoB6g2Yz9bBAmRUqEKN3j8ZL6LFSyBfgaKNKTFqYPjj,,,"paco_ok1,012 followers"
DarkCliffSpeech,DarkCliffSpeech,https://pump.fun/profile/HYBFJdtHNxBKmbuoKRJJyNexafsjzeg7r1LfurcwUBkX,,,"DarkCliffSpeech1,019 followers"
56s29,56s29,https://pump.fun/profile/56S29mZ3wqvw8hATuUUFqKhGcSGYFASRRFNT38W8q7G3,,,"56s291,012 followers"
BexCalls,BexCalls,https://pump.fun/profile/81pWuyQpLyH427XMBP3Kkzgu4RXfQTcNJyU9fw9wVhUo,,,BexCalls994 followers
ligth,ligth,https://pump.fun/profile/D7pY4C7zCnmsspVE7Hs5C2aKQDV2TeFEN8fENKhJz3eh,,,ligth989 followers
dawlyclimbs,dawlyclimbs,https://pump.fun/profile/DM5MVrMMr3vCacySqn5szpqDJMaPQCnSanoLAh7G7gLR,,,dawlyclimbs980 followers
SP1000x,SP1000x,https://pump.fun/profile/5kTfix6dceRuznzExRBjZoxUxwfNb6ShpwFE8qcN5VuJ,,,SP1000x982 followers
Scooterxb,Scooterxb,https://pump.fun/profile/84ZD9cFVNAWEoVNGfg4wYw4Ds3Qhwh5dGNAiMwXVH9K5,,,Scooterxb981 followers
TurboCactusWren,TurboCactusWren,https://pump.fun/profile/7FbTEKYT1yFz1FDpfErTv5Cw8beWVTDJDTdidMLE4X7Z,,,TurboCactusWren981 followers
loohere,loohere,https://pump.fun/profile/Vdbdqcvt7sKrCgupXJjMYyr9fo1k1WYSVP2FdCdvdti,,,loohere989 followers
jque,jque,https://pump.fun/profile/NoMnJ4MB7vBRXVnDxqRrfqKJHNZH8K1NykpagoQEz7z,,,jque987 followers
nevets7x,nevets7x,https://pump.fun/profile/7BVsMqCRoeEtvVeasYGrRhy83gHr5ZSJBnpV7QeCFQs4,,,nevets7x984 followers
skidmarcus,skidmarcus,https://pump.fun/profile/6f7Vc2qzBbioUrZcF7zHvSH4av2DvQh7GsuhDQp3VkYC,,,skidmarcus961 followers
gigafishbedragg,gigafishbedragg,https://pump.fun/profile/CY88tFMoUXiUab1pBhaa2FoqjSeWezwnehdy7LysAans,,,gigafishbedragg959 followers
cryptobottoms,cryptobottoms,https://pump.fun/profile/4H1xCBc4gNQD3uHMTnHvbzp3UXcYHQi8tBtkRYatEYFB,,,cryptobottoms951 followers
ChaseWilson,ChaseWilson,https://pump.fun/profile/2GQURtgUGJbbNw7od9KaBx4WAuvpLr97JvemCxyjmPTD,,,ChaseWilson955 followers
FrogFinder,FrogFinder,https://pump.fun/profile/DrfCUS9gVYZWeK5XZqGMjP1MyuLCMMicv8GfaUrzNK9d,,,FrogFinder948 followers
cleoooooo,cleoooooo,https://pump.fun/profile/EDm15J5Ym5mFQpQtpQsu3cq7FVEsboVH7bXNfdJRKiZJ,,,cleoooooo951 followers
DEGEN4LIFECHUDS,DEGEN4LIFECHUDS,https://pump.fun/profile/8NYJvb4qC62HN7tNW9Gni21euvF6SqNbGTmzZUHLf5Rj,,,DEGEN4LIFECHUDS963 followers
Pinguroyale,Pinguroyale,https://pump.fun/profile/8emnM6nfVM2ePrYDmZcMkwy8qzDhRFZ5EefCkMsmgByX,,,Pinguroyale920 followers
anseemalterego,anseemalterego,https://pump.fun/profile/EsM56zsTpZN54WjuFNDVRckz5KDLM7QqDKScZY15M3eZ,,,anseemalterego926 followers
FrankWinatra,FrankWinatra,https://pump.fun/profile/77M2QQF5Kt5CJr5WGL3SYMEukYf3i2STLb8g6Mfy4yb8,,,FrankWinatra909 followers
2cansam007,2cansam007,https://pump.fun/profile/AS8n3aCx4pqp1C44f736Ss6hH7LeenSPVP2PGMgVZQEZ,,,2cansam007912 followers
supernatural,supernatural,https://pump.fun/profile/6GBk14gE2FJ4pqNzGAtCruaHzENyD2bYcbJgcsCacGRX,,,supernatural906 followers
JohnFarmer,JohnFarmer,https://pump.fun/profile/88xKTH8cTWzHBPEqo1Nk21nZWM7jooiLhGAHXGLPFUy2,,,JohnFarmer923 followers
tastydomedpeal,tastydomedpeal,https://pump.fun/profile/D9yZHoogecZefKSDtipZ4gqSaPotuRtQ8kEiAW2FzM7f,,,tastydomedpeal909 followers
CRYPTOMAN967,CRYPTOMAN967,https://pump.fun/profile/2tWpBrPeJJfnznZ7m9iYyKcCZyjJVW2uNzvpJ45QS914,,,CRYPTOMAN967908 followers
gennycaller,gennycaller,https://pump.fun/profile/4pcCrjnxtn7nYPrtBoCahLHksCdgZRHsUJ3UzPnqxodx,,,gennycaller903 followers
PepeJohn420,PepeJohn420,https://pump.fun/profile/9awhNmqQYwNHGhEZjuwNdNRCoxaTp6jd6vY17H8e68PF,,,PepeJohn420899 followers
CryptoMisfit,CryptoMisfit,https://pump.fun/profile/7fS5GtASVwgw83yxhcaz6YLkD3ZSoCg7VCKjqNVegeae,,,CryptoMisfit888 followers
Punk1451,Punk1451,https://pump.fun/profile/CpsbrLtFBJjqLfvwwEBxz48SkjqJox2XLNzxcVxeBDT1,,,Punk1451893 followers
CryptoNite__,CryptoNite__,https://pump.fun/profile/2Nbr48AgAEB2t15w7shmEhcQXsfnMC8LwJftvnuXUh5U,,,CryptoNite__885 followers
LisaBel,LisaBel,https://pump.fun/profile/7bdhLmoiDH8hjQgUZpdP2qmykt3LtoYFDswH4AHUiPzv,,,LisaBel873 followers
scufffd,scufffd,https://pump.fun/profile/EhxAcSPqJYxUk452shRHfqL2e6pNNK6LQzUwpzNg6ube,,,scufffd878 followers
raw_sol,raw_sol,https://pump.fun/profile/7dRGDqhGJUvKChLHppaKTYx1Fk3W5Mo6jqWpN4BE823D,,,raw_sol876 followers
solairedev,solairedev,https://pump.fun/profile/6pf2i9uH2DQkz8Q9Bz5CgnbCukZamUV4ZNovU6kY6JXU,,,solairedev878 followers
Striibes,Striibes,https://pump.fun/profile/HytKqd3eKbYpMLNJUBxSXaPbcJM9sz63N4VicvT676ZN,,,Striibes867 followers
0xANobody,0xANobody,https://pump.fun/profile/DYMRopdxsAaMsdASUDqLzB1KGu1E9qgWUnZCisVNxx34,,,0xANobody871 followers
JasonPaul,JasonPaul,https://pump.fun/profile/FySAMwAbErixr2ExEMWNdSWYEuc7h4oEH1iqbpMqyW23,,,JasonPaul874 followers
maffinlover,maffinlover,https://pump.fun/profile/CNWP7Vq31zh29PUQNPfScgcGiK7EzQL6FPSRdvqnnZV7,,,maffinlover860 followers
b4dpr3nt3r,b4dpr3nt3r,https://pump.fun/profile/4K67WQetMweDgTqQJ85xWo8C7Ch1KMn2nk7VPEuv3AVF,,,b4dpr3nt3r858 followers
TURIK,TURIK,https://pump.fun/profile/Amxbqjznnb7s9sp9UJbUiSfEWTAYWbJmRfjcNeq1RogH,,,TURIK858 followers
lalmartinus,lalmartinus,https://pump.fun/profile/3SXty9M8FNLEVBTMpH2B8cv7CZvXVR7kNa8eMGjJdUW5,,,lalmartinus850 followers
enejay,enejay,https://pump.fun/profile/7yhcD8sXi3rbCacekTwPNpsF55K3nN6WBJxsZHqr26o3,,,enejay852 followers
CookTheChart,CookTheChart,https://pump.fun/profile/2ExjWr2AE9E4jb9k7N674HMCz8myvcQqVCBDhc6wthsp,,,CookTheChart854 followers
reptailwins,reptailwins,https://pump.fun/profile/Eq2DXcdNx9nzTcXzKwagBapKaACxbTpZFbKHmMtdAXt,,,reptailwins852 followers
925Nurse,925Nurse,https://pump.fun/profile/HJy3Ug1VY6x9Vwgj7HVnUv7L1ibjxmeEF4omxo9LkT7j,,,925Nurse852 followers
CupseyThe1,CupseyThe1,https://pump.fun/profile/12p5PjyfVtGwzWbiQ4rRZgTC6j2uLF8S6EbRnwptrkWN,,,CupseyThe1863 followers
hyperdolphintan,hyperdolphintan,https://pump.fun/profile/R34gpEGDgsobBTHRbERaA8TNmoWoWsaSpNEFaVq67A7,,,hyperdolphintan848 followers
namekitty,namekitty,https://pump.fun/profile/3FbCDsEYNN9ppiingCLSWeD2VfX2pFEGbQka9HyzZw9t,,,namekitty847 followers
pu22y,pu22y,https://pump.fun/profile/GgNxc7XvVFXPU3Xb4p8VxCaE7Ne7BA5jQeZrkwSm4nnG,,,pu22y845 followers
Kub3d,Kub3d,https://pump.fun/profile/Gv73QxMrF2xks56PtJWgyB4AYEZsAsRUqadAsYV8MmG8,,,Kub3d822 followers
KeesThePilot,KeesThePilot,https://pump.fun/profile/DPVJ9fR7cDHuFYAriyqzz1cbNV7ob12VS2nPcgichHpq,,,KeesThePilot830 followers
solanaswaggy,solanaswaggy,https://pump.fun/profile/8DgVVtnNZQRKu4Cx6xeAMTukUHMTE3f2Cqb1wMzJ9beU,,,solanaswaggy813 followers
CantKxllHiko,CantKxllHiko,https://pump.fun/profile/7GTSh159Pmgbn2DVAwGQawYiMM89X7nTsb1eBdVzFWdk,,,CantKxllHiko800 followers
Vexort,Vexort,https://pump.fun/profile/Dm4FcXcTYxcxpvgaWWe2S2FJM7H4xNw6LegVtBfRx6Zr,,,Vexort812 followers
xhonimo,xhonimo,https://pump.fun/profile/Au5tKDhCUrN2ijzW49KLbVdL5cFX9A4wEZUb5L3znZ2N,,,xhonimo805 followers
Pumpfunito,Pumpfunito,https://pump.fun/profile/EQnhoUYekZ3FLP6tDMTpVGERzXr58nH2ptggxdnDXouG,,,Pumpfunito806 followers
ZK_proof,ZK_proof,https://pump.fun/profile/7mbMSWrK9H3SmdDKPMJ7232QWdrp7TgJ2GLD6pCRiSFt,,,ZK_proof873 followers
Moneyloop,Moneyloop,https://pump.fun/profile/HWkid7kWEh66YbYfkZT29Z59ASjL2RH659yDYdFZcBpu,,,Moneyloop810 followers
PastelAlpha,PastelAlpha,https://pump.fun/profile/6b3f3b5a-4367-4ac6-9f5a-93fdb370e83f,,,PastelAlpha803 followers
rockflipper,rockflipper,https://pump.fun/profile/kFVub2TeFmj54d1oRPNYwHDotXDAQGkRRxbpxgkEVpN,,,rockflipper795 followers
drbeans,drbeans,https://pump.fun/profile/Ep8r1jHZp7kojrPRbjE1TpKwBasLhdZPky9PP8HuGieT,,,drbeans798 followers
RarePotato,RarePotato,https://pump.fun/profile/ExuciYD8h9Xbepc1EcWX93Tz3uTLwimFmzJ7v4qh7cvS,,,RarePotato795 followers
coldprintsol,coldprintsol,https://pump.fun/profile/FzRDpp463yDrvo5nkVT4wdS1Are8CxcERxsEhC87bpXT,,,coldprintsol793 followers
_PORKU,_PORKU,https://pump.fun/profile/Cb5mK8yePWrPTX2aLqvfyZ1ccbrBPX5jKJ7AjxYguxwt,,,_PORKU790 followers
Hisenberg_labs,Hisenberg_labs,https://pump.fun/profile/GEZgoycH2nse8jR8ibVs5345b9wFYvEnr69RszSkLXtQ,,,Hisenberg_labs776 followers
ITS2L82H8,ITS2L82H8,https://pump.fun/profile/C8rXn35DjQJMEqSW6ZCXSCX2rxdznudf3TJ9r8qToXeW,,,ITS2L82H8783 followers
goonsquads,goonsquads,https://pump.fun/profile/7qABRPS7WU4Zw9EhgtqowvHoc3QeRxoW75nkyUySugbi,,,goonsquads769 followers
paidfish15225,paidfish15225,https://pump.fun/profile/EUSrFmnQVsN48Q58SYY5GrRcv4CP9DmYa7xKYtmVincH,,,paidfish15225765 followers
ElonHuskk,ElonHuskk,https://pump.fun/profile/3WyZFKVmRzhsCQtakZD57ZzULt2LY93FGbXuV36QMyoP,,,ElonHuskk769 followers
uzzzzz66,uzzzzz66,https://pump.fun/profile/HisjXq1wruddLfX5tCWsot7UEt4wXZpkkMYPXhCcwhke,,,uzzzzz66769 followers
binaryshark2861,binaryshark2861,https://pump.fun/profile/CAvvAFNRfXDWTTDqwgxb9qSyYT8fTuTXWSFwL7Jsz8vT,,,binaryshark2861773 followers
Stain100x,Stain100x,https://pump.fun/profile/68xaw2jz26BwR6yRtQxdX1Xb7cyGKrdaNMzAy6WXWMK9,,,Stain100x760 followers
lateoctopus9915,lateoctopus9915,https://pump.fun/profile/F8Y2n8WgaFGzvZeHbKq12Niu9sdRLidtWRV8iXyM2KBi,,,lateoctopus9915761 followers
blackgrimbo,blackgrimbo,https://pump.fun/profile/7Eb6M2cQPXsDL7ooJxLgGX6c3RaiVhaVMexei1vcXnec,,,blackgrimbo761 followers
xoxoxoxoooo,xoxoxoxoooo,https://pump.fun/profile/FNhWJx3z85hh7HqH8cQbUZ3odBtmURx5WJweoJ6TBbfZ,,,xoxoxoxoooo752 followers
iskibits,iskibits,https://pump.fun/profile/DB6CM2Jrf6bjySHJH91BmCrRjzWPq3aQeJ6SiLLEmjJN,,,iskibits750 followers
develepoor1,develepoor1,https://pump.fun/profile/HEBov96RdNZC7vrH9taLXwJ3b7MTHBemSee8nuvwDz3P,,,develepoor1751 followers
ItsBondoooor,ItsBondoooor,https://pump.fun/profile/D6rjoJSbrB66Sd71x81gfLojyG25Y6D4j29ZLvpBbXLU,,,ItsBondoooor756 followers
RealHumble,RealHumble,https://pump.fun/profile/CkcQZB7bqFmT346jyeYHoP4jjWSwuW5DC8th7b4ufTwX,,,RealHumble747 followers
nomanes,nomanes,https://pump.fun/profile/3YjbNReyxSSQUD8nkXWshUkmqV1uyy6kUzsRrZ6jJidQ,,,nomanes748 followers
Broke2Moon_,Broke2Moon_,https://pump.fun/profile/Uitr63WJH7RqPMsxoi7dk8hm2i7dzqMuChonrrZunkM,,,Broke2Moon_739 followers
shubra,shubra,https://pump.fun/profile/8opkeqgLwN73ywvSxEoMJ52YprtkzVtr6jUngvwpik2w,,,shubra740 followers
WAGMU,WAGMU,https://pump.fun/profile/CTYrDBLMQLvnLvD8bpwvoDU6GnKQjQWTs4oVkbx7YcfG,,,WAGMU735 followers
tfnare,tfnare,https://pump.fun/profile/DcuigjzUxrpa6yiG6hmhb2eWsrDz2w47d9iEyGsiKb9T,,,tfnare742 followers
mushroommaniac,mushroommaniac,https://pump.fun/profile/DKiktLBKEXCMQwpELmQMDw571GVZycVrD6NaNc5Bo4hE,,,mushroommaniac737 followers
Cogdenn,Cogdenn,https://pump.fun/profile/2eM2LybJvreR7Hg6cmPEaRj3tTzrWZhBSGCtDkRZFvTF,,,Cogdenn728 followers
belacwin,belacwin,https://pump.fun/profile/FaecFc2Kgb4i1gUvnzK66Wk5nkZS1Cy95mWnbznsAPeY,,,belacwin729 followers
u07011,u07011,https://pump.fun/profile/E3dxgg7sm96gHLP6eKCeUcMg4SwqUTpgA6UtZjrxJokT,,,u07011727 followers
clubsee,clubsee,https://pump.fun/profile/9vj4aZR357UvR3izS4e5nToTG5eCinR56FcxbbQthySW,,,clubsee726 followers
elonmusk1ner,elonmusk1ner,https://pump.fun/profile/2uNRrZ2SAMHtW9UFL8Dtf2pMnt1T3pwnDEsiGN6KzAaZ,,,elonmusk1ner720 followers
RetardedTrad3r,RetardedTrad3r,https://pump.fun/profile/7WguFSsqc9uy7heoVj8JSueKFyeNy9vTYGggMceQ7x3W,,,RetardedTrad3r720 followers
kreetes,kreetes,https://pump.fun/profile/4vZvyUeCd51RtEaa82CVrcfMRdHNGiqR9vH8LhoZbihD,,,kreetes721 followers
coorslatte,coorslatte,https://pump.fun/profile/8NRSnFtTDoFa31EvGEEb11n1rYBEzpUH9aNes6GH6Lab,,,coorslatte721 followers
ramenmaster,ramenmaster,https://pump.fun/profile/BAoJmpEfo7MQcUeeeH5rHm4ktLBubT5jLeUNhLYKVAak,,,ramenmaster728 followers
Putro,Putro,https://pump.fun/profile/AVjEtg2ECYKXYeqdRQXvaaAZBjfTjYuSMTR4WLhKoeQN,,,Putro712 followers
nouki,nouki,https://pump.fun/profile/DUAAi6QZ1LtJsG8Q9FMNMfQgXX8cK21aDSbJW57yRwCK,,,nouki718 followers
CertifiedOx,CertifiedOx,https://pump.fun/profile/8JunCCKCYyQ9UwYQg83V1djEoGKwE2V7Wz5xwYP6KXuV,,,CertifiedOx716 followers
jaymedexcook,jaymedexcook,https://pump.fun/profile/9vq3hxxdKVNTRA1rQ9xS6Py8DYGsDnC9MnKKzdTJyca7,,,jaymedexcook714 followers
captain_redmask,captain_redmask,https://pump.fun/profile/F2R1Zy633fZVo2yDLbD6kWaXin5LZKYcvwVpoGZavMWd,,,captain_redmask703 followers
zep3k,zep3k,https://pump.fun/profile/DSKgxZ6x2ZdUok3W6oFwAC9zbc4Uka1sbPLWP9jSuobj,,,zep3k699 followers
MainCharacter__,MainCharacter__,https://pump.fun/profile/6gzhX4M9Si9EaiX7R8vsfoNFFJad2i9ZnrunyRbE2FmQ,,,MainCharacter__699 followers
rburg98,rburg98,https://pump.fun/profile/HGpvad3VEVHATweTEm8FYheKTtLriZEiYXHZEzdQHpL4,,,rburg98698 followers
SendItrightnow,SendItrightnow,https://pump.fun/profile/AwHSNwWwaM7H85vhoCJehFwzFUfjJy8w9W6t9nzAxxMc,,,SendItrightnow690 followers
katalist,katalist,https://pump.fun/profile/27SvPWRFk1WPhmBximvboX96VVM2LzrpGgG7r623qKdA,,,katalist685 followers
Wasteslim,Wasteslim,https://pump.fun/profile/8KJh4jnE69TF2Smc9DjZsDe2gqmkP2CiLGEKFJi8N8cm,,,Wasteslim683 followers
capitaldeployed,capitaldeployed,https://pump.fun/profile/D8pbe7DQfr4ov2kFXfhph3etVDLyfYYRSp2EsJ511y4d,,,capitaldeployed682 followers
FatHarry,FatHarry,https://pump.fun/profile/7wePDgzTECQQnHWjSgimwCaTtt8EnGh8F7jEhh54HW12,,,FatHarry690 followers
Silvoori,Silvoori,https://pump.fun/profile/BK3NshEy4GGF7yQvtXVh1mAaYEvLeP84MubpfNox82L2,,,Silvoori680 followers
avant1k,avant1k,https://pump.fun/profile/5bvKKEVpC6m8JAccHuw6Cb4PT4KETttv7Q9HNHWsQyyZ,,,avant1k680 followers
papichulou,papichulou,https://pump.fun/profile/AYDvudrxrw8koC6SxQpS3Sx9eD2wbh2XVMv2qJGLjYLK,,,papichulou667 followers
mutedape,mutedape,https://pump.fun/profile/Ar5zRA8gfZXcKDDm2LrWyvcNT34cpQADKhNamJQUXDAi,,,mutedape663 followers
Ayze_,Ayze_,https://pump.fun/profile/897GsVaFTWsSqHsT8Uiwsfc7XXqDBCEGcofmq7nRmEPA,,,Ayze_668 followers
dineros,dineros,https://pump.fun/profile/Dv68JifbthFLEzZiqDmiubyizS4jt6fJK1bLTvV6Un4V,,,dineros666 followers
hungryearth,hungryearth,https://pump.fun/profile/GksqGpJSWUesTPQmj5KnBbBuDHBEYwTvLW1HGbPNhmQQ,,,hungryearth660 followers
solobaroncoin,solobaroncoin,https://pump.fun/profile/G6Nm1nh51Ay5DdqzmwnKKWboFAkW3qrVuFAfFEBj9YKg,,,solobaroncoin660 followers
kajko,kajko,https://pump.fun/profile/41ECUqmyEURR8RbMB5MhBQE1DYjAhrRX8xTNfyrd2UMn,,,kajko659 followers
AIesh,AIesh,https://pump.fun/profile/9QAEGBhQcRGMS62w2Ktr69gFfRqswVT6Kg92cNBurgLL,,,AIesh658 followers
shiboor,shiboor,https://pump.fun/profile/Fwcn8QjugGVxXuHdvoQQvVmTJMcCPrC1TaQiSHUeqbo7,,,shiboor673 followers
pointfun,pointfun,https://pump.fun/profile/Usm71qhYRhhZB2ykU1ZtsGyjAvaeTmXBU8HkgpM2bHs,,,pointfun644 followers
LunaOfficial,LunaOfficial,https://pump.fun/profile/3FjqnGohNwnyycv1zVNHPm4gZTFKHhdFYmkVWVp4ABiW,,,LunaOfficial638 followers
lebron,lebron,https://pump.fun/profile/4Qfyf1zabyXqsiF3nKAdQV9C6PPUSwmN2QKSKZYoU6cq,,,lebron644 followers
DrTrencher,DrTrencher,https://pump.fun/profile/A2vuWkMzQx67VAf7fUM16PRaZvM4VKpQiH8mMHswYhFG,,,DrTrencher643 followers
imcallingxx,imcallingxx,https://pump.fun/profile/95o2L9JmukrtbfNzjXFhf39B8UWLEmnKUJ1mYD6WaiC3,,,imcallingxx636 followers
megakrakenphysi,megakrakenphysi,https://pump.fun/profile/49Sx66TcCQvptmqFuRxXMuRrkDYKb4Wr9zPdMyyQT7um,,,megakrakenphysi640 followers
CEST,CEST,https://pump.fun/profile/FkF4HToY51j3YMTuubJtExxV7Wue4874RLYU4Cpkz3TX,,,CEST642 followers
rmanss,rmanss,https://pump.fun/profile/BNKLtSitrU8Tp6xtE988He8QbLyrAten4edqNtLymFLd,,,rmanss641 followers
apeddonald,apeddonald,https://pump.fun/profile/24JPruwxpGtCQgbqWa5gkN7Zxm5X9ZhmMj17t3nDY7rU,,,apeddonald644 followers
memehokage,memehokage,https://pump.fun/profile/EATmaY5h2szFxGi5BsNZpzrVaQ4iYaDNDV7YBeEo57aP,,,memehokage627 followers
FUJIKAKASHI,FUJIKAKASHI,https://pump.fun/profile/5pq9w5DTwZ9oboEjtAKMiTKqqvk98Z5FNK6yBxSWdSrf,,,FUJIKAKASHI640 followers
Shoyo_,Shoyo_,https://pump.fun/profile/F5D6ieWYaUqEanvaksvELCXFsWCZw6G2AcF5hcJ9dvyE,,,Shoyo_628 followers
somebidearly,somebidearly,https://pump.fun/profile/7KHJ6VfAzVbqa5bMWpTK39BTnavQdH2bJAqHy7egXV3S,,,somebidearly633 followers
Royalchestnut,Royalchestnut,https://pump.fun/profile/45oN2tCsfzG325wEPnJPvMYpuY2tgASYHmgRPdnMZB5a,,,Royalchestnut650 followers
MEADG0d,MEADG0d,https://pump.fun/profile/2892vfmwXHGmuKYhe1qPUvyXJYP2F4dnzyMDmXrH5oZU,,,MEADG0d659 followers
spectate,spectate,https://pump.fun/profile/2mjCQy1nmT7NwcKTfYoPVmarDo7YYH4NfanYHZRQhx89,,,spectate633 followers
3LUEKEK,3LUEKEK,https://pump.fun/profile/HADiW71F8cdxhMsyWANEYFy2wG9SjNQ4n7XJo9TsW71t,,,3LUEKEK631 followers
ProngShyGourd,ProngShyGourd,https://pump.fun/profile/6vdgTqSZBxSKYxkQjQ4qGhjJBnBmzmsNRvynfX9UmjrW,,,ProngShyGourd630 followers
khan_unemployed,khan_unemployed,https://pump.fun/profile/FxSuDZSxfouRxKH8LqGUHaecvQTrUNUvh9hk3HRAXiGa,,,khan_unemployed628 followers
BillySparks,BillySparks,https://pump.fun/profile/4pXEMvvgUZdhukWYyCE9L4XQzw4bvHRtQug3T1ao7Xfk,,,BillySparks631 followers
starpumper,starpumper,https://pump.fun/profile/CZwrwhCRCFgU6pXCD7sw9cb5iugvLpJHFDKWT6Yieosb,,,starpumper625 followers
Krov,Krov,https://pump.fun/profile/95DzCuFk7vU4fJycnFBpUBXqUyxSR8avuSRgVDVtKjmW,,,Krov627 followers
thebleckbro,thebleckbro,https://pump.fun/profile/D6GdUwFnETDn4ubUp1rKZBQ42ZAc15TX8SXZZHUeYMUZ,,,thebleckbro624 followers
shrektacular,shrektacular,https://pump.fun/profile/Dip4Ceq8ERLY6dZYJEgWV64jV64LmZAxNFvRGPEw1C7A,,,shrektacular624 followers
autodrop,autodrop,https://pump.fun/profile/4UU4VH4QbBscrrot2T3sWM6d1XLTp4ELmXWb4TVxscnd,,,autodrop628 followers
PlutogoonTREE,PlutogoonTREE,https://pump.fun/profile/6Zds4sU6ovw6p8KPUvRjqXgvZtMVkeEmsVRiBrxXV76z,,,PlutogoonTREE624 followers
SlyZenithbeasty,SlyZenithbeasty,https://pump.fun/profile/HRDdUxDYcufhHLeSa7oXPyUN5puhTTmbo5Ev1cu1HCwy,,,SlyZenithbeasty621 followers
cutiebullboy,cutiebullboy,https://pump.fun/profile/Ci7YRtGNjj5G7TmWfXmed4usa3EKb1R8NZHyjG3W2q6A,,,cutiebullboy623 followers
black_88,black_88,https://pump.fun/profile/6Xi3uUvwuQgKqx9Uq61HERUT3sWhVhr36HcNnpoatqH5,,,black_88616 followers
1995H,1995H,https://pump.fun/profile/D3LE8oR5vaJUsGHaM3vnCkiMU3g62kM6JNLnEuLSfREF,,,1995H609 followers
DrPumpOnX,DrPumpOnX,https://pump.fun/profile/34ikuy7RnM66vionZ6BFLEvVFVVRGTN7LzYmEZW8tM9a,,,DrPumpOnX604 followers
mike_huncho,mike_huncho,https://pump.fun/profile/E13GzSpw3rqULudRVkfX6tfV5hArRUBJhcXzLVPUKnQp,,,mike_huncho604 followers
dhina_97916,dhina_97916,https://pump.fun/profile/6VWfzz5Ev2QdAE6AJ9h38SvCdumGmQpMDmALxwE5NTJs,,,dhina_97916598 followers
tanlobster39956,tanlobster39956,https://pump.fun/profile/64hP97Bwr5PubotcTeGgfhkFrGiLVVxT2kVo9M9b4AEz,,,tanlobster39956599 followers
fukmylife,fukmylife,https://pump.fun/profile/EAWrgX8oyEQWkWqRR69iPoQ8W4scBoh9UCiprTXx6kwf,,,fukmylife604 followers
aethicm_jade,aethicm_jade,https://pump.fun/profile/7UUMqGdskvhqupMTeHb2yc8PabVnzgYkVAcA7j8cs6So,,,aethicm_jade592 followers
fakejoji,fakejoji,https://pump.fun/profile/68XiYbqQedUbV1EboBhtZDtTTzX4vwUBzKB6rbUGPvHj,,,"fakejoji9,438 followers"
rodotfun,rodotfun,https://pump.fun/profile/AxtZoNYhAxvpv416hW7yzpTdcJeY45t8JyGUYMJXL9G,,,rodotfun899 followers
koyla,koyla,https://pump.fun/profile/EV3uN9nFZEUB3z4WB5pxTzhERiziZDxjkxdjzUgCqZW9,,,koyla365 followers
Palgrani2,Palgrani2,https://pump.fun/profile/EE4u7Z2xoqtG6DCntp61XAWXrKDqcxS18VGvENraqgTG,,,Palgrani2310 followers
bdot,bdot,https://pump.fun/profile/2zXfBxtrC8GFYYxh3Pr6a9usWrG6fjZ5Dyze3Zns4FC9,,,bdot257 followers
DrOVG,DrOVG,https://pump.fun/profile/HT7fqprA2nnL7JofuEXMqDJfjvXr1KByTV1cd3V96Tc,,,DrOVG74.6K followers
Michyexe,Michyexe,https://pump.fun/profile/BEzGNvDs2iyKbkAyyAs1PMeuU239MTokYENUBZHaMPnb,,,Michyexe55.8K followers
initwithcarl,initwithcarl,https://pump.fun/profile/9YPA1vf5i17sAycKjetnRczoi4f7TzMvEftWEmWK9Gwo,,,initwithcarl50.1K followers
nextgen_moon,nextgen_moon,https://pump.fun/profile/CDwSC7pADFySB1wVwY1xbfGU5qzff4rPv4nRhUGjzuVc,,,nextgen_moon39.9K followers
hadone_de61e,hadone_de61e,https://pump.fun/profile/Ev8oB4QLD3aEkAuuG5Pm8xTMZKb5ny8jLJjpzsjtn59N,,,hadone_de61e34.6K followers
onym2ca,onym2ca,https://pump.fun/profile/BzyTveLNqp7TKhv8rtv4cksdiqAL1LSk2k1ygxPktT8i,,,onym2ca27.1K followers
lucyonsol,lucyonsol,https://pump.fun/profile/FeHQK4KcqBYcvRevtELobeBBL7tVjFAYxuAgpqA5wzUo,,,lucyonsol21.1K followers
frank_cowdf7,frank_cowdf7,https://pump.fun/profile/DpST88y1UFnSe21GVgh9AzdjD6zYRJbAEzbJegdbALVU,,,frank_cowdf719.2K followers
shitoshi__,shitoshi__,https://pump.fun/profile/HyYNVYmnFmi87NsQqWzLJhUTPBKQUfgfhdbBa554nMFF,,,shitoshi__17.9K followers
kai_cryptox,kai_cryptox,https://pump.fun/profile/4gjQBXjPMr87YS8Md5MFBeag576gYYjJBxabNAhWe9fk,,,kai_cryptox16.1K followers
hana_yq,hana_yq,https://pump.fun/profile/F4CpHu3E4iZvytdDF6zSTxw3W9Yk61Zp8X5E5MtGfM2x,,,hana_yq13K followers
alrightwhale860,alrightwhale860,https://pump.fun/profile/FLweX54kbmnmFmkDnR1NZp6jmbjHbxAbzcMch5kCaJtY,,,"alrightwhale8605,658 followers"
Degen_Cafe,Degen_Cafe,https://pump.fun/profile/GAEatC6yZd5yeNmLv8ZeRMxXrEVxMnLKygDwHt9H14yt,,,"Degen_Cafe4,331 followers"
ElonMuskReeve,ElonMuskReeve,https://pump.fun/profile/EgJoaEBSZA3wjgpPq8am9YjkxJPLa2LpXwxaQyUzB2XY,,,"ElonMuskReeve2,362 followers"
CharmyUwU,CharmyUwU,https://pump.fun/profile/AxqXBbPab4iRUMpUiCxKmkawUk77TR5mRVsTFDiUTsh,,,"CharmyUwU2,179 followers"
yom0mma,yom0mma,https://pump.fun/profile/HavGEgz9PCkwuLWn5U7qjvpEcMwLaPNfCiZ4WoEr59Uf,,,"yom0mma1,718 followers"
souljaboysodmg,souljaboysodmg,https://pump.fun/profile/36mNEe8fqTWRuomHwa2AsXQNFNKjpFjpUJLDXjPcYkQh,,,"souljaboysodmg1,335 followers"
fetidwhale49678,fetidwhale49678,https://pump.fun/profile/WLHv2UAZm6z4KyaaELi5pjdbJh6RESMva1Rnn8pJVVh,,,fetidwhale49678704 followers
PowderWeb,PowderWeb,https://pump.fun/profile/2BCKLFQYY34tstScNJUQwXryNYpxG6BGnnxzg4MtEyRs,,,PowderWeb502 followers
brandonstarr,brandonstarr,https://pump.fun/profile/7XPqFLpwzVfn6sw4W1N2zMjs4jSyEqC8cjvKY5Y76Qx8,,,brandonstarr293 followers
MintChainLook,MintChainLook,https://pump.fun/profile/9CV42qBfFa5gKjoj8KxZozNGUU2EC18EHgN7iKShZWzV,,,MintChainLook170 followers
FaucetFNF,FaucetFNF,https://pump.fun/profile/33426952-0040-47c6-adc8-c5c356f7f368,,,FaucetFNF74 followers
LucieRoseDonlan,LucieRoseDonlan,https://pump.fun/profile/E6tvipohEWXq2r7UkNtvZD4rvL7kPmUdvLkaaepm4Pz3,,,"LucieRoseDonlan3,533 followers"
eurisx,eurisx,https://pump.fun/profile/K27kZNq1P9a7A9HMSrkcwzLD7maN2S4VjhZW1ZSAvaG,,,eurisx139 followers
fiatphobia,fiatphobia,https://pump.fun/profile/4T9Fwi6efZGdfqMCwDbh1b16CpgmGFTzpdVhhq6e7Ja2,,,"fiatphobia8,185 followers"
Riskie,Riskie,https://pump.fun/profile/D5toXLMPn4FejmUsaFhQaynZ1Tdg3siPENtN7xz1qZRP,,,"Riskie1,673 followers"
bluntoctopus666,bluntoctopus666,https://pump.fun/profile/GZetT3iRmhuzuT1gkSk69MXMe8hRJZJGz1PPdKW1J2vq,,,"bluntoctopus6661,379 followers"
alvinunreal,alvinunreal,https://pump.fun/profile/7CxBnJ1HLesVgQ5ZpDRJFBPHLcfAUNf6r3mkpFwPNh1p,,,alvinunreal404 followers
PinePointedSaw,PinePointedSaw,https://pump.fun/profile/CAcPyBM3t7NhrFDAVxToqoBoM8zumrXf8NPsj7Pn9pa9,,,PinePointedSaw151 followers
WheatPastBasil,WheatPastBasil,https://pump.fun/profile/2E5rJKXz1n3bxn1ZnJvd77WC2SaeVxgDsa8SC33GYvyK,,,WheatPastBasil146 followers
SturdyYoungBeak,SturdyYoungBeak,https://pump.fun/profile/2Ysos2B2S6rb9FBNYUB7Yrk54Xv2nNbr8eBHs1sX8M6m,,,SturdyYoungBeak88 followers
dogma69,dogma69,https://pump.fun/profile/EifirzZRnk3dNqCe4WrBLSdG7qHAXWgbJHU1yDsqMwsT,,,dogma69510 followers
brezscales1,brezscales1,https://pump.fun/profile/Fvkc2thk1YcAASdR2gi8uf9n67JW9Dqqr9iRd99MDhoB,,,brezscales137.5K followers
hasaka,hasaka,https://pump.fun/profile/7jGhuFYrwdUMNY7Rt6ZhgRLMtjUxt7WY4ssXpSYcw7r2,,,"hasaka1,253 followers"
eliteish,eliteish,https://pump.fun/profile/3Ez6MSfF2UrApyQzSU5WSSKKc7mvVuWDCRuWx2mAATFp,,,eliteish250 followers
SeasonCapital,SeasonCapital,https://pump.fun/profile/7d15f62c-c0cd-4805-86de-e85e522e875f,,,SeasonCapital237 followers
raytraz,raytraz,https://pump.fun/profile/eYnhvJfC16SRn41QAYghhuNNnnPSgvjjex1gLhDyupu,,,raytraz233 followers
Vaultman,Vaultman,https://pump.fun/profile/8KtTqr3u7aXuVuJ4jSG9Q9bNZ7iLtuFsB3QhRRpNKX7S,,,Vaultman120 followers
Poorgoat__,Poorgoat__,https://pump.fun/profile/6F5x9fKqXCfPf8Rufs6ZvLjzPfCicytUgWexzx6LxoDi,,,"Poorgoat__3,442 followers"
bostoncapital,bostoncapital,https://pump.fun/profile/5xZ7Ns6kpJKDwH2MUeityAEc17qkEwofp97eLEqPvgdT,,,"bostoncapital3,062 followers"
latentfish83215,latentfish83215,https://pump.fun/profile/HDixbrzwwLXczhDBk1JVrurPQsuLE8FUKnW2pucSXN3o,,,"latentfish832152,626 followers"
officialbagwork,officialbagwork,https://pump.fun/profile/BcPrjBd7NNQyh5xoEdYWjVXDRwwejMHXMhPCWCYyjReR,,,"officialbagwork1,184 followers"
axon,axon,https://pump.fun/profile/18d844bc-8924-47e6-9451-994d5f7a245f,,,axon715 followers
alltrench,alltrench,https://pump.fun/profile/tmffWrFqwT3ks5XMpP8uenH4ctpVXwadZ72FsSqW9pA,,,alltrench521 followers
bjespo,bjespo,https://pump.fun/profile/6G48f3ZPeykRjsXdiKVx1gQEHpxpqh959dzh6bD4cEwv,,,bjespo465 followers
psyopqueen,psyopqueen,https://pump.fun/profile/A88uMtYGRx5CF4TT8L4L7KxjbPeW1o21mKMwfNcmH1db,,,psyopqueen435 followers
teddycheeseeeee,teddycheeseeeee,https://pump.fun/profile/9MZYWMzc1mapgPvA8nvYAFPYy7LbKPVfh8vqkVtu4yeP,,,teddycheeseeeee230 followers
MikeTheShark_,MikeTheShark_,https://pump.fun/profile/HK8n3xm1YXLRgfqRDrDXXkuTZGGY8LQuBvN543bA8S3s,,,MikeTheShark_197 followers
doddzcrypto,doddzcrypto,https://pump.fun/profile/AkDcMkhkK5EAb9iZAypjJMCsYMUVB6PAZpcBittkkzRp,,,doddzcrypto189 followers
hoodiejazzz,hoodiejazzz,https://pump.fun/profile/HxTCcjJA8dfAGbUGhUfThtZXuuri1MGMvveYMBBhW2ov,,,hoodiejazzz183 followers
pumpRing,pumpRing,https://pump.fun/profile/CdDFvQAfGF3zruFTNNn86VRoVbJ3AVyQMKfF4NrxKTYU,,,pumpRing182 followers
ultrao,ultrao,https://pump.fun/profile/AJmsheJmLXsQwaYr1Zu6wK8WeA2uDXUaVJcVArje5Xsy,,,ultrao155 followers
niksah,niksah,https://pump.fun/profile/96nUp9W4wDMZWL5gskraKhCszuQGo3s1fTDEb68tiZm6,,,niksah135 followers
PumpJesus1,PumpJesus1,https://pump.fun/profile/33GoUaysSdGtRWx11h8ABcCZqawpEqdmiXcHv9Jv5aBg,,,PumpJesus1125 followers
KingCashCalls,KingCashCalls,https://pump.fun/profile/ATZvzfsyHnN8YRTpqKzEkJcUTxHh7oRhvvQdSK7x7qLT,,,KingCashCalls119 followers
7iqY3a,7iqY3a,https://pump.fun/profile/7iqY3auzKUoXsHmiG2wjmzhSdX5aGgL56h4Q6fAUGR6Y,,,7iqY3a117 followers
fueled1,fueled1,https://pump.fun/profile/8WoxUp7rZ4WtmGa3eiR2kiwDsqEdNTN5c7WmVbXvL9Zq,,,fueled1111 followers
gregtheintern,gregtheintern,https://pump.fun/profile/Eq42tpS23zDD1Wzok7W4MyWdtxAd1wosDVY2CWMsZEZZ,,,gregtheintern103 followers
AMB_8,AMB_8,https://pump.fun/profile/8nY9VwTBLjhkEsN2MV9QvT7GgiTcNvMgRpf32zSPm8M8,,,AMB_884 followers
kryptomit,kryptomit,https://pump.fun/profile/FwkuiyjdYsrCf9YxwtEC5LabqqvPpAKQUdXskUeBvQA1,,,kryptomit80 followers
groundwhale7416,groundwhale7416,https://pump.fun/profile/8J6iMyB2XtkevpRtfcTAewCtZhNDA3yKg4NmaEYKNfLz,,,groundwhale741661 followers
chillorcadiscre,chillorcadiscre,https://pump.fun/profile/FQot84dZjNW3BZtVSj8EXSmh68tTLrEGHVZpoC23jmo9,,,chillorcadiscre51 followers
MoneyBobb,MoneyBobb,https://pump.fun/profile/6QgQVqYSA9Ev9nJdTgN9EE3q9K6evxtD3ubdZDebLqW2,,,MoneyBobb39 followers
navaloctopus556,navaloctopus556,https://pump.fun/profile/Av6XGJCuibPsmKHMDKZiWTRG4qmo5f4sYA4vhsUQfJDC,,,navaloctopus55635 followers
Cryptogoyim,Cryptogoyim,https://pump.fun/profile/620c8f63-9565-47f8-b878-fc35d58d27b9,,,Cryptogoyim20 followers
GrindsetFnF,GrindsetFnF,https://pump.fun/profile/76b8cac5-aa71-4187-bb13-18d1ac2889fd,,,GrindsetFnF327 followers
curvedshrimp107,curvedshrimp107,https://pump.fun/profile/4ocnRRmakqRVtxE8w4xSG6JBW93M3j58fuxtB8v64b3K,,,curvedshrimp107221 followers
TSOUTSIS,TSOUTSIS,https://pump.fun/profile/E9zsBKgRHX1YweTdKiTNFfCBH8SxSAjD1BZrggGwaetN,,,TSOUTSIS115 followers
whippedd,whippedd,https://pump.fun/profile/97c99dd8-c86c-4e5a-93f7-8c39837c7cf1,,,whippedd88 followers
Jediknight1,Jediknight1,https://pump.fun/profile/HNPryxNXUzLwpDqn5BEsh7XLJRQXfN21Qrp58KRaBkLk,,,Jediknight122 followers
thewhitewhale,thewhitewhale,https://pump.fun/profile/ECyvtxvY4KNBt5vfLtdsMrp77mKjL3JD6aha9m3aXBvd,,,"thewhitewhale1,968 followers"
TerciosFNF,TerciosFNF,https://pump.fun/profile/03556991-6d12-4d42-87b7-c1c289b97e91,,,TerciosFNF122 followers
rasmr,rasmr,https://pump.fun/profile/DtjZR9SdxUKbMyu4qeUVgjMJyGDhYg76BttXxfhf3z59,,,"rasmr4,916 followers"
PumpBloomShark,PumpBloomShark,https://pump.fun/profile/5EGgCGtM8Fgn4LGbWFRkb7Y1AM6T68Vnd442QhHK1esq,,,PumpBloomShark18 followers
4skinners,4skinners,https://pump.fun/profile/207b38d3-bb56-4728-a5d2-ded2eeacd387,,,"4skinners1,392 followers"
JewSquad,JewSquad,https://pump.fun/profile/117ea331-6646-40fa-8d18-cc38305d15f5,,,JewSquad115 followers
jewdotfun,jewdotfun,https://pump.fun/profile/6JfUxMF3LKcXmPBeerjAiXhbAjgqsxN1EnNrkQUBmGct,,,jewdotfun114 followers
jeffy008,jeffy008,https://pump.fun/profile/C2Q7PssVKhqqoqkrDxWhGNpRGd5pbjJGCn9FRWPnMyL6,,,jeffy008106 followers
pampdotfun,pampdotfun,https://pump.fun/profile/9hZatvqm1GHqS8Q4K2LZUFSaU6SViZmAozwBeezmetfF,,,pampdotfun38 followers
Ponidas,Ponidas,https://pump.fun/profile/G9ELzG3Gg6HsGmEK7xd3CWrany9haheuAiRt6jWL9D2M,,,Ponidas250 followers
archshrimp94114,archshrimp94114,https://pump.fun/profile/7y4t9NKPcg6dN3uBgyaDmDHsfedEiNhaCEZZ2y7j5Dc5,,,archshrimp94114289 followers
bingobangobongo,bingobangobongo,https://pump.fun/profile/7yisrHaMvEiPKESuaU91XtVpnyGk52qDrhH7BGVcfg41,,,bingobangobongo205 followers
FriendlyFire,FriendlyFire,https://pump.fun/profile/a224dc2d-28aa-4692-a4c8-0e9b626c6f77,,,FriendlyFire151 followers
Gooners,Gooners,https://pump.fun/profile/44050349-4a71-4b11-9339-94171c70a61e,,,Gooners435 followers
illustriousPRMR,illustriousPRMR,https://pump.fun/profile/FtXfzJArzGcoieC7jhYCLrPkvPJFoVKcaWxmzsYLSYJo,,,illustriousPRMR141 followers
topstarfish0618,topstarfish0618,https://pump.fun/profile/9fnyojTv8GYHWr4Vaj4tvVL82scPPYYkW1CAXAbfUsdj,,,topstarfish0618701 followers
degenoctopuspri,degenoctopuspri,https://pump.fun/profile/DRrReqiuNaEayekBUhsskd7oTh7Rzya5GHG63Uvx3RCQ,,,degenoctopuspri110 followers
arnoldcrypto,arnoldcrypto,https://pump.fun/profile/CP4ownzexEZ19zHqFct8SuANSWztwdurunM6VGe2Zb3M,,,arnoldcrypto24 followers
cryptoaeon,cryptoaeon,https://pump.fun/profile/A2JxRhVpS84UUWfKfCAJ84anexKzKdfDoh9tq5sdRPzH,,,"cryptoaeon6,035 followers"
VibeCurseShark,VibeCurseShark,https://pump.fun/profile/2k5hrzuykwyTbUe8L7UriYAQhr5hijNLgBvEB4B9pP5y,,,"VibeCurseShark1,909 followers"
much_confuse,much_confuse,https://pump.fun/profile/2aDBRNNdGEnCq2Av6Wz447CqgdEbmEaDudfGW1M85MAC,,,much_confuse912 followers
HopiumMirocaps,HopiumMirocaps,https://pump.fun/profile/7dCmfAHkk7zQr24H5ubGfch41uWyQbNAPvb3XZzVmDTm,,,HopiumMirocaps591 followers
winnfield,winnfield,https://pump.fun/profile/HSp9bjr1GefQVahdUwiwyESS1u9zLg7Rfut91dPhrqg,,,winnfield530 followers
saneoctopus9708,saneoctopus9708,https://pump.fun/profile/GsVfkZAoTLCCHtWN54kjaWw9dDXyTLY1MzJeEck9KpCo,,,saneoctopus9708272 followers
ethsibel,ethsibel,https://pump.fun/profile/ABkLwaxFnKKLSxHQ6aMTcwsLa17Xfw9ezUoMVAJGXmcv,,,ethsibel183 followers
Sorceress,Sorceress,https://pump.fun/profile/DHicUhRqTzaQRZaAoStMVizJL83UziUTa9pDuW83w8ph,,,"Sorceress1,788 followers"
AxisAce,AxisAce,https://pump.fun/profile/BNFyy2UQtPWeS23aBCK5LnHnLWjFv7zz87ua11maxaJN,,,AxisAce445 followers
BBZOTA,BBZOTA,https://pump.fun/profile/Bw51tSGczfaGmMAyhR9zM2rxJjfYEEaZpsrUTAnLiw6u,,,BBZOTA204 followers
DegenToDisciple,DegenToDisciple,https://pump.fun/profile/FVugAb5gWb6vz3zUppNoC5gWvbVA5xDGKnL9tTmTnxsU,,,DegenToDisciple79 followers
beastboy55,beastboy55,https://pump.fun/profile/9yfPXPnzz2XbivcxmdCCzdxFbnQ1bhuETU4NrPtEUz5M,,,beastboy5531 followers
mutemarlin20666,mutemarlin20666,https://pump.fun/profile/3Q3xUURPNkZfmPxcrkZAHTV7AwRurET8WQ9HP65Fzyho,,,mutemarlin2066622 followers
drainednetan,drainednetan,https://pump.fun/profile/3e48qiT4517cyBT31gACzVxGLoJDcWBXL5PDUttXpD3P,,,"drainednetan8,028 followers"
letsbereal1,letsbereal1,https://pump.fun/profile/BkSvVAzKhrpzvW5AqnwHXRebGvowXQzk8pMuwWfKdY5a,,,"letsbereal16,568 followers"
evildyorwgmi,evildyorwgmi,https://pump.fun/profile/AVmFMbuehLbCWB6sPdZGComwyrHtxJETZVktdA65j3Gq,,,"evildyorwgmi5,534 followers"
100xOrHomeless,100xOrHomeless,https://pump.fun/profile/D93ixUMW5pjuneJt9dBRNops3B7zYNknSnFC6eGE6p12,,,"100xOrHomeless3,756 followers"
6_96_9,6_96_9,https://pump.fun/profile/6tRZkbqwy99hWuExk8TnKYpUHHcQ6jb4FjnNwjh4RkHY,,,"6_96_93,698 followers"
mrdevvvv0,mrdevvvv0,https://pump.fun/profile/D9gQ6RhKEpnobPBUdWY5bPQt2p3zGk3iVz6ChpUi2ArA,,,"mrdevvvv03,630 followers"
callmaster100x,callmaster100x,https://pump.fun/profile/7SKJAkT3yEwjK16BqoxpicX97vLCJcUX2kQundVAWhku,,,"callmaster100x3,154 followers"
CanesNoles,CanesNoles,https://pump.fun/profile/CtpSbNLjk8Mfsdkc4qSmb47vhm5M2655khg2FUCm99kQ,,,"CanesNoles2,970 followers"
veran,veran,https://pump.fun/profile/4TNybo2T9WfsGx3vvX7AYpVQXeFMhG6gc6qBq5oyb7hD,,,"veran2,933 followers"
g7n,g7n,https://pump.fun/profile/G7NvZKjoVqBDWciSYtWWgUPB7DA1iJavdvH5jty2FAmM,,,"g7n1,996 followers"
hazedev,hazedev,https://pump.fun/profile/4ixr3qraLYJVvX3sErsmxyjPGYfxYXH3Ay8PkfC2PnUB,,,"hazedev1,193 followers"
d1yinxiang,d1yinxiang,https://pump.fun/profile/Eb7tBAyzQmFNuiDDEh3bYPoDpJaLigGn167YAoMUV1p3,,,"d1yinxiang1,190 followers"
buybuybuybuy,buybuybuybuy,https://pump.fun/profile/E5EWv8jkPLj3vP1DxYAxh19YkzFprLDKAnXub9bGYGBD,,,"buybuybuybuy1,050 followers"
Z_E_R_0,Z_E_R_0,https://pump.fun/profile/823KBszjca54UvYtrw2hSmvsdGC1vLhCavKMaWkoUzv4,,,"Z_E_R_01,022 followers"
localizedshark,localizedshark,https://pump.fun/profile/Eib5QyRtaysDejzgeXPHBhGgUK62DrqERdSSpgRmM88X,,,localizedshark992 followers
wwtreasury,wwtreasury,https://pump.fun/profile/EBxgMjihSYK1UsfsJtNUhYq6RvuzYh5qFzQVfKew79cb,,,wwtreasury918 followers
bulgingshark697,bulgingshark697,https://pump.fun/profile/7ioEZjdGdciB2jS79Rc8yqrsYanf2Q1YejHjNcQZLkER,,,bulgingshark697903 followers
realjesussol,realjesussol,https://pump.fun/profile/EkEeCwDzSuxJPbzNTE4zSYPfFVy4VKMdiwqPkRGB7AMB,,,realjesussol956 followers
fkhdev,fkhdev,https://pump.fun/profile/4TGb4yXdopy1FYAYofSvDRxGoNDEzTzWcpyqgdtFpx7t,,,fkhdev851 followers
xdxd114,xdxd114,https://pump.fun/profile/78xaauc6qmNsCuewkcnEum5C2DQ5SSypy57KZSD4nPTz,,,xdxd114828 followers
copytrademe3,copytrademe3,https://pump.fun/profile/Aozym8tJNDZyQGYUPBftsiFA2ntmC4363dtskMfnJhGE,,,copytrademe3760 followers
DonCalaca,DonCalaca,https://pump.fun/profile/GeoV6vnc1wdn4cgY8bL2upKMamvfPMKvKDr6N1mqWKRo,,,DonCalaca687 followers
silentorca35637,silentorca35637,https://pump.fun/profile/J9YVLGvC2M2KibhY7UCWa1YjYeNoK4VTprmAUc483172,,,silentorca35637666 followers
thealphacook,thealphacook,https://pump.fun/profile/CjFJsXR1PPz9F3YreDwRxnpySVjdBobqSEbBxZbzN3gd,,,thealphacook664 followers
hahahahahhehehe,hahahahahhehehe,https://pump.fun/profile/JD97GumBpsNAVMGbpJgBbWeyA1wJjmjFCwJ6RGqHYyGf,,,hahahahahhehehe645 followers
Winheda,Winheda,https://pump.fun/profile/4q6De4AJUgazFDhgoZzYX84iEwh6fdGdKWZJ2Ja1NTWv,,,Winheda606 followers
solonodolo,solonodolo,https://pump.fun/profile/G69rJXbcnoo9MTkzsF56u7xLCSBXo5py1dDp2awkDwa9,,,solonodolo589 followers
adjsbdhzz,adjsbdhzz,https://pump.fun/profile/CwMbeo27QZmoETFW6dCm5fkKGo9HcyF7oTv24VLncWm2,,,adjsbdhzz562 followers
picatrix,picatrix,https://pump.fun/profile/A3Bjtk55R3VMbPVajgK5f3cfwndKHvjXYC32UCkuVcye,,,picatrix538 followers
nukedukem,nukedukem,https://pump.fun/profile/5dXRP54f4n2va9v4to9nTdKXzospsabG26gUd6cUGtpE,,,nukedukem462 followers
blackjesus910,blackjesus910,https://pump.fun/profile/9jyroEXFm9cYi8uVmZkaj627WaRVrUGTpSgPF9xwYnXL,,,blackjesus910384 followers
guardiolapep,guardiolapep,https://pump.fun/profile/HaAXe5uUCvp3aFXXxwYSojMLwVHesWm3E5KKvRd3GweV,,,guardiolapep331 followers
XImmortal,XImmortal,https://pump.fun/profile/7djRSZvGeJmhDJHLXxi5vAdmHsiqHxDmY3WVp7VAia7x,,,XImmortal332 followers
dennis123,dennis123,https://pump.fun/profile/nXKgc3URwnUiBL9rhewhBui25EN7MQUtTnK5a4kSdSc,,,dennis123301 followers
DeanZuts,DeanZuts,https://pump.fun/profile/F2pQ7aLeFbTTLbASCMzYEXx3MH3hEjppG89oKp28fvAn,,,DeanZuts299 followers
opy,opy,https://pump.fun/profile/EMr7JziVwVm6LjjeZDcRzEcGQf4cAhH74okb7985m1RV,,,opy303 followers
silversteven,silversteven,https://pump.fun/profile/4w3GaeEvaYfs3xpEEymCXKc9p4mNzdL7DWAj5dHBrpZ2,,,silversteven266 followers
metaph,metaph,https://pump.fun/profile/DFTWxStGVbANivE4PYGdzcFEy7bRRgLWczabcLMFqCig,,,metaph262 followers
from10to100k,from10to100k,https://pump.fun/profile/Bn7GRg3Xv1zPLAaghF7uecMCdGBv9TeBsuBB9igaCnJ7,,,from10to100k255 followers
didwewinyet,didwewinyet,https://pump.fun/profile/B7HPTrQ9q1B9Ly5foAAEaG6XvMyhUUv2pQvdGnfjkUQ1,,,didwewinyet227 followers
VolDelta,VolDelta,https://pump.fun/profile/Cj9hT71Yg3r8Xj9atLrupYNSQ2L2hQv15C2CPa2KCf4C,,,VolDelta226 followers
Wazup777,Wazup777,https://pump.fun/profile/DtHabfGsvuG4M6zW9C7J3ZtzC5StH1qvGcePUKyFmNGt,,,Wazup777225 followers
shadowsyntaxog,shadowsyntaxog,https://pump.fun/profile/5d1zb8w2NWLAvn24D6AiRfernW4aSLN5DTMvD71s45xp,,,shadowsyntaxog223 followers
Crypto_g10,Crypto_g10,https://pump.fun/profile/G1GbFpZKH3auFEUCXWfLidQNQs2jesgUTY5ekhozNyfw,,,Crypto_g10220 followers
cooltuna47308,cooltuna47308,https://pump.fun/profile/GJemc946skgzsnofPZFPSHN2Zp4YSp2YQjms9aDUESD3,,,cooltuna47308208 followers
an0n0,an0n0,https://pump.fun/profile/CLc4oLuR5TYFEpuJRXCc8PpWdj7FLVwExffqEFA3MYT8,,,an0n0188 followers
Rohr,Rohr,https://pump.fun/profile/7aH29xUDZYaWJsnEjNy1tU8ZhtT8v3M1QX491tvdj1CD,,,Rohr182 followers
smallfish_,smallfish_,https://pump.fun/profile/6ZzzS16jhH5jU3gz17Jj2HZiNUeWrg5Nifc5mVhqNwt8,,,smallfish_172 followers
Rselvi1337,Rselvi1337,https://pump.fun/profile/GsieYGRvSjUuDbXCDYpL2wLemUqgXNUKsyV2zWkBgNLV,,,Rselvi1337165 followers
oddstarfish9973,oddstarfish9973,https://pump.fun/profile/Cnjup1zZ1m9X5DH1ZwqfWxVwfTAWp37djperwaNsFx5d,,,oddstarfish9973166 followers
GemTangibleBull,GemTangibleBull,https://pump.fun/profile/AASFBkwJ5cEE22gvBtfB5HfmzK2ekdj4QueeRuboECJ9,,,GemTangibleBull157 followers
SZ__,SZ__,https://pump.fun/profile/2Pc1eEASeUc9LHFWZUWr1K2pr1U1ECR9jDo564CMKJZB,,,SZ__134 followers
jesternix,jesternix,https://pump.fun/profile/dAfFhshFXDHT57h68fmrPakXfZyzFdrzKWiJ6EHhvPN,,,jesternix127 followers
GRIMSNIPES,GRIMSNIPES,https://pump.fun/profile/CAUWFgnf6GC4FT3SQx1JDfUD9Wu9EL8FEcFBeSGkH2dW,,,GRIMSNIPES124 followers
BreezyBandCloud,BreezyBandCloud,https://pump.fun/profile/8Zakr1ZFn1rdmTj9GABSkfzBnG1CBjBwh2oGj7E1gu9,,,BreezyBandCloud108 followers
Rittles,Rittles,https://pump.fun/profile/HnRWCUec2WFGeDqVqYHTgYtBj2JWQnpUK9B1j15XuXTb,,,Rittles106 followers
moonguyforever,moonguyforever,https://pump.fun/profile/AL1EEqYeoX9GHoM2KFc9kzekEKwGqc5Cyd9XbEUxvMuZ,,,moonguyforever100 followers
trucker_los,trucker_los,https://pump.fun/profile/5codEVaGn7SgPDrcqevpc5yqDVbQEHV8wPynhGqQFBmR,,,trucker_los95 followers
mrcedrat,mrcedrat,https://pump.fun/profile/6xp6U4BvYvoxLNHty1FMoDoV6s15jBfCPqEDXSwmhZcp,,,mrcedrat86 followers
treasurychad,treasurychad,https://pump.fun/profile/CRUJJdHZbWbc2wxcN4JYeTVLnyb8K57G2oXXH9z9e4UG,,,treasurychad85 followers
ejrvx6,ejrvx6,https://pump.fun/profile/EjRVX6HDRfLsnFceuydRneyiN72i7rBJQJ2tA9FsqWDz,,,ejrvx681 followers
FifthAce79,FifthAce79,https://pump.fun/profile/6RDoUD9Jt2ejZyGwhRC7YEds3pdQRa5Aj1iYJHrwbJ6L,,,FifthAce7979 followers
MrBuyTheBottom,MrBuyTheBottom,https://pump.fun/profile/GtGj8bbj2Zu8ohzEKxGyeGuhycyzuTqoLBB9uv7sqYPg,,,MrBuyTheBottom75 followers
ZmoothOperator,ZmoothOperator,https://pump.fun/profile/H2g5b3TQPBf9LipNNRTh94qN9WW44t2QiPew9NL768tq,,,ZmoothOperator74 followers
BLUNTKEEPER,BLUNTKEEPER,https://pump.fun/profile/6ikjpJs54SKz8mMjzgzbeStoAcZtMb59TxqsSHXTD4Lj,,,BLUNTKEEPER69 followers
loa_11_11,loa_11_11,https://pump.fun/profile/CmhazwogUpXFWY2AQ56TrjaSumni7KhAHZgaJzNkkNi3,,,loa_11_1168 followers
captalp,captalp,https://pump.fun/profile/CjLJSH9afe1X23iqauRpHsDsngYfz5F2HpubA3AgNXJ8,,,captalp60 followers
AledJM,AledJM,https://pump.fun/profile/4Dn167pcQu1bQ7XPynWT1xMhuzxo92spe2brQj1wYree,,,AledJM59 followers
fiohs,fiohs,https://pump.fun/profile/FitBFzFmTiCa7Y6PUGqGNvKVaAwKTp4MJJpRn1xN3NJM,,,fiohs58 followers
Maltee,Maltee,https://pump.fun/profile/SbB224xFYKo9WNEh2QGTQ9o1CU3oJu42ELikwcB3sPn,,,Maltee58 followers
IronWobblyLung,IronWobblyLung,https://pump.fun/profile/5qFs6hXXsRgMjJDzSheJ41Lb1gaKjL6cJg7wdUCZyweT,,,IronWobblyLung57 followers
thepaperman,thepaperman,https://pump.fun/profile/2hMzsWiqDLiotZt8k6gD2xpFbgQKToeP2hD3DhLBzXeE,,,thepaperman56 followers
localbottom,localbottom,https://pump.fun/profile/qg7pNNZq7qDQuc6Xkd1x4NvS2VM3aHtCqHEzucZxRGA,,,localbottom52 followers
soldcot,soldcot,https://pump.fun/profile/3usJbtJrGkBAWC4hHj4iCzfybqd8J9ByRL2rkX4t6uxR,,,soldcot52 followers
TRexSTR,TRexSTR,https://pump.fun/profile/4ypNX3m2ikKtMsJbJquMbZbVZM4TGZ7MgqvSL3ZEmJMP,,,TRexSTR48 followers
Zenster,Zenster,https://pump.fun/profile/7TLbAiWkiUXU4CqUxSSDKsvaP6gstUK9w1SsBecqDdRS,,,Zenster39 followers
aftoctopus36188,aftoctopus36188,https://pump.fun/profile/EBRzdriwm9ynWzwsZbhYjhwKvNAoWq1D5a38qrGnmqvZ,,,aftoctopus3618836 followers
CryptoSaiyajin,CryptoSaiyajin,https://pump.fun/profile/3werzVeWq8B2CAR1UxwB8BWQZZYJsJDk77FY2abVFVuE,,,CryptoSaiyajin34 followers
froggyc,froggyc,https://pump.fun/profile/Fmxc7sZo5grgJQ3Xcrkgh9zKVhJSeGudcTbS9VmFfcCH,,,froggyc31 followers
zZamfir,zZamfir,https://pump.fun/profile/C7yoyicFH34wci9hXEBUoVM4VkwHT4i319g4P8uwAPzp,,,zZamfir30 followers
bigbaggi,bigbaggi,https://pump.fun/profile/2FjUuRns5bUuZ8cvimtULdJEf8C5GmdN41QVzw3BQpLC,,,bigbaggi30 followers
badumtsss,badumtsss,https://pump.fun/profile/HiLMJedyWFuNp2dYVPhYcoXtWMd6Hu4HPMw6pcQXGYuf,,,badumtsss27 followers
007R2025,007R2025,https://pump.fun/profile/C4koJGYcZ3MYPxjPjaS3jD1idgQ5vw3ngGerNig1JCke,,,007R202525 followers
inertfish27230,inertfish27230,https://pump.fun/profile/7AaHzPitak2u3Uj4ChxcRidtx2Sry9rmKDR53v4CwjrZ,,,inertfish2723025 followers
squizzed,squizzed,https://pump.fun/profile/CfSGX2jSk1L4suhP9Qmu2ii7k9au59p7Y4WxbRYcvinn,,,squizzed23 followers
megahitler,megahitler,https://pump.fun/profile/E8MZtgJNhT2TCuGFnPsvcm2e5FngktCm8k3n34261qHV,,,megahitler20 followers
plantedorca1619,plantedorca1619,https://pump.fun/profile/EzRq3qPigwUBG4qVCmSihs9xdQ9RV2ayaUFrBLXPDkcR,,,plantedorca161912 followers
FoggySlowScout,FoggySlowScout,https://pump.fun/profile/9UEf6j3ci65bLeoSAWDxNWPbzJ3vrypKKc19bZhARDp,,,FoggySlowScout11 followers
KyriacosAndrrrr,KyriacosAndrrrr,https://pump.fun/profile/EQgQoqGiCzDANZCTmekQKJrnSxUeGcFm8aRoi9EC5bia,,,KyriacosAndrrrr11 followers
lacyotter47353,lacyotter47353,https://pump.fun/profile/2RH6rUTPBJ9rUDPpuV9b8z1YL56k1tYU6Uk5ZoaEFFSK,,,lacyotter47353764 followers
Osmoo,Osmoo,https://pump.fun/profile/5cQtB2GC2SQB3XTY9rBjcGrGDrZiuty5PRULY7fe7Rtd,,,Osmoo425 followers
glitch___,glitch___,https://pump.fun/profile/6H7sVRpWttr8hzkFkcTx4QfEpws3Ui68gdAVu1QuRcJ,,,glitch___394 followers
memecoincre,memecoincre,https://pump.fun/profile/3AZWS7dCTDi2W1CpdzdL3K4NMSapWUGRmQE6VQ5rbmBx,,,memecoincre121 followers
rareoctopusanal,rareoctopusanal,https://pump.fun/profile/B1DKGBbTUtkuc3yzYK8xN2At2jxXppugtE3syKEe3mKN,,,rareoctopusanal21 followers
acefivesuited,acefivesuited,https://pump.fun/profile/DtKNrNMXzVFa92GAQ4rYDPHdPj2z1e7ZfxKaxovSwL6P,,,acefivesuited12 followers
Ashtoshiiii,Ashtoshiiii,https://pump.fun/profile/8MoW9mtbEz6z3gPuAdYb1yWhjCAxQSYqpcTb1CQgN5qb,,,"Ashtoshiiii1,205 followers"
glory,glory,https://pump.fun/profile/f36307e6-af0e-46d1-8fd9-63157ab7579f,,,glory464 followers
brrrrrr0000,brrrrrr0000,https://pump.fun/profile/FSJu3DbuwLYsNZYNBygudn4RzYfHWQNGJ3bu5nAAULF6,,,brrrrrr0000100 followers
chudswon,chudswon,https://pump.fun/profile/E2LhMNA7ZwkVkLCDzgxPXjH8diNTX5HsH6Z4M8CDG4hM,,,chudswon74 followers
icedmilo,icedmilo,https://pump.fun/profile/CJwH8oCUA2hTxFhCKeyY8F3tAxWEEvvXJAQExtYJEKxg,,,icedmilo752 followers
Chuorin,Chuorin,https://pump.fun/profile/3TdgkBj7cYSmvk3etoMWq7bGqE6N375LsQwTyHvsS6tx,,,Chuorin313 followers
brazencrab68832,brazencrab68832,https://pump.fun/profile/CopZuLAiqEFE7cyZRwYdbfdoquxXZV46j9mFY5BfGR3f,,,brazencrab6883229 followers
Sugusoon,Sugusoon,https://pump.fun/profile/3rpfiMUYb7bxDCc5jDQqmzZZBZ2Dc9dn2r6vxpDqsdmY,,,Sugusoon196 followers
bagwifluck,bagwifluck,https://pump.fun/profile/5tkPmxBAQsRBzURJaHUSkUZhw1Wcwt76fYKUuLnYbCYe,,,bagwifluck415 followers
misterfrog,misterfrog,https://pump.fun/profile/AArPXm8JatJiuyEffuC1un2Sc835SULa4uQqDcaGpAjV,,,misterfrog18.6K followers
rektober,rektober,https://pump.fun/profile/3cG7d6GmX47HKSX5nWRX9MJpruCojbzUkak92gSXGtG5,,,rektober10.1K followers
CandleBaldStem,CandleBaldStem,https://pump.fun/profile/CgG6YwrhTEYoHk3WKspQ8N8tJa5zr8LAawHCtgTnxa8F,,,"CandleBaldStem9,136 followers"
fomo_sexual,fomo_sexual,https://pump.fun/profile/8HH3M6SfUCC9yGM3ytaFQWnDc19tSBYCNJBnqeWaQ8Xb,,,"fomo_sexual8,495 followers"
Pumpguy0x,Pumpguy0x,https://pump.fun/profile/7CscJrKVE64TvXXNS3uRQ3aQXmdSfWcrBYBSRcxwCUtw,,,"Pumpguy0x8,011 followers"
ThePatientOne,ThePatientOne,https://pump.fun/profile/3kfyzegbWkgAdLWtywmGcLFcUw2RPzt3i1EEzdXYtYM8,,,"ThePatientOne7,886 followers"
theWanderer,theWanderer,https://pump.fun/profile/GsFuckhv58RHEQgBt5zLqwSH4jmUG4UcpZFZKiMvvWxk,,,"theWanderer6,156 followers"
MandingoThe3rd,MandingoThe3rd,https://pump.fun/profile/AVAZvHLR2PcWpDf8BXY4rVxNHYRBytycHkcB5z5QNXYm,,,"MandingoThe3rd5,702 followers"
ShooterG,ShooterG,https://pump.fun/profile/4qMpTuriauYx2KMDGN3uNGcd4REjm8m1fjnwVf8aTVUH,,,"ShooterG5,138 followers"
Useful_Idiot,Useful_Idiot,https://pump.fun/profile/Bq8CiLd3RNBHjBnZ1eWfjUK97QA2wDCgFZNrcxdMFVQY,,,"Useful_Idiot5,012 followers"
HairlessEV,HairlessEV,https://pump.fun/profile/cRaxLfehr5zayHUN1jhbitLMLY93scpztGTiNcbMFRc,,,"HairlessEV4,355 followers"
trona,trona,https://pump.fun/profile/4pcAdM2zNP7tLLRHNXjfn7MvFwHx4QrGW7a3NxUNTZnw,,,"trona4,357 followers"
kevsznx,kevsznx,https://pump.fun/profile/BTf4A2exGK9BCVDNzy65b9dUzXgMqB4weVkvTMFQsadd,,,"kevsznx4,340 followers"
peng_win,peng_win,https://pump.fun/profile/3kebnKw7cPdSkLRfiMEALyZJGZ4wdiSRvmoN4rD1yPzV,,,"peng_win3,831 followers"
swiftwhalesteam,swiftwhalesteam,https://pump.fun/profile/7EmUSAXbyXoGpqLPpurkQ97S4ovMdkbjyYPrKtJHtkqa,,,"swiftwhalesteam3,579 followers"
addotveeril,addotveeril,https://pump.fun/profile/BRx8TP6HsD9srJ62rcYizjAHyZ5mt3cp8wPBEZioTsym,,,"addotveeril3,286 followers"
CordSaltGallium,CordSaltGallium,https://pump.fun/profile/J3Kj5yaSWg6E7cg3hPbNnrecef3xkotqYds9WpnByPj1,,,"CordSaltGallium3,089 followers"
KADENOX1,KADENOX1,https://pump.fun/profile/B32QbbdDAyhvUQzjcaM5j6ZVKwjCxAwGH5Xgvb9SJqnC,,,"KADENOX12,916 followers"
prospering,prospering,https://pump.fun/profile/sAdNbe1cKNMDqDsa4npB3TfL62T14uAo2MsUQfLvzLT,,,"prospering2,722 followers"
BrickedUser,BrickedUser,https://pump.fun/profile/NqoGpw8etaN9LjJLpgNghtCTUvnWXamsu4XS6UUN3Jx,,,"BrickedUser2,446 followers"
deprivedtap,deprivedtap,https://pump.fun/profile/6BW9ybrN3bfiDFJqPvq53DX9ro7uV3u2iA7ZFm4QJgLy,,,"deprivedtap2,253 followers"
FlamantRose,FlamantRose,https://pump.fun/profile/8gYj3Jk1Ck9LJg9HQanrdzsmjL1ooM8cTqMe7TtgXfe,,,"FlamantRose2,233 followers"
icymarlin30842,icymarlin30842,https://pump.fun/profile/5yH1d3gqPU75cFonez9gLeFbpMXVqfjCSAAs8mYE6ak4,,,"icymarlin308422,200 followers"
niggle,niggle,https://pump.fun/profile/CL1kvg2mAfRyEbeMFeBVwJimmj7BXB5ymRpiuMYBFPvb,,,"niggle2,140 followers"
musapnl,musapnl,https://pump.fun/profile/5gwsFVV66qqeWfXdJ1PhfKu5BJyfJcnKPPx6wPHV2XKD,,,"musapnl2,039 followers"
curtsol31,curtsol31,https://pump.fun/profile/4dmgB5Zjt6fxCdq3t6nK2X1tWkpfwfDX3mRsE8vGU8PG,,,"curtsol311,945 followers"
RobertClive,RobertClive,https://pump.fun/profile/9yux6D62cavMZJC8ysTKXeDfhed2iV8jCVRcjm1xy4eX,,,"RobertClive1,911 followers"
prada,prada,https://pump.fun/profile/gkNNf4NwkR61B1QKBFtELe6TVZFhYRaC2LbVkoNyCkB,,,"prada1,915 followers"
shortthebottom,shortthebottom,https://pump.fun/profile/CTqTnVXfvaf11i9rKL1aLF4qxCMiadcUvqqjh5SsPHG8,,,"shortthebottom1,790 followers"
growtheus,growtheus,https://pump.fun/profile/24DqxWtZSsijfHwPkFm34jiCECjczfkuCWrrAg2op6WY,,,"growtheus1,767 followers"
ppooorr,ppooorr,https://pump.fun/profile/F26E2LdR5Hyg3y2igPZg1M1LcAFdMeW5ozMTmmNMkWbP,,,"ppooorr1,774 followers"
oldwhale06352,oldwhale06352,https://pump.fun/profile/2H9G4AJnjJ73GbKpg7MyLDHfKpZaevv6NKu4RGRDQCob,,,"oldwhale063521,687 followers"
moan7,moan7,https://pump.fun/profile/7naFFwuEJWeWwWYQUkgAWHsxYKg3KctEuUj42JdAMidP,,,"moan71,703 followers"
ExpensiveGF,ExpensiveGF,https://pump.fun/profile/J7nThCiQuC2UmRGskHiDjM1uQuSAAXU52cU9vcZKwHJv,,,"ExpensiveGF1,505 followers"
hillyshark15640,hillyshark15640,https://pump.fun/profile/D9UiteKBjbVp8UYGRSKi4fJRsXYp8Csk7zcrnaCvq6LS,,,"hillyshark156401,459 followers"
gouppls5125,gouppls5125,https://pump.fun/profile/GDpqhJgwzg8zcoEmVvGDiVRVnaa797ryvPnNqQVBjQrN,,,"gouppls51251,443 followers"
ElTrencho123,ElTrencho123,https://pump.fun/profile/GsuchvzRPSiSFSvx2QUEzkxVhGemppuZaTzkhcjxiv8L,,,"ElTrencho1231,418 followers"
jnc,jnc,https://pump.fun/profile/GdRSPexhxbQz5H2zFQrNN2BAZUqEjAULBigTPvQ6oDMP,,,"jnc1,417 followers"
boldsealamorpho,boldsealamorpho,https://pump.fun/profile/K1i1BNY4m6XmnKzhV3kEP3DayF1hyFA6So2MqnP1nRb,,,"boldsealamorpho1,394 followers"
acridtuna55943,acridtuna55943,https://pump.fun/profile/HZXdwRRw27kfpYtTqc7bMfrRgK3LSUaiKDFtqoEihik8,,,"acridtuna559431,335 followers"
23n23n,23n23n,https://pump.fun/profile/DEdEW3SMPU2dCfXEcgj2YppmX9H3bnMDJaU4ctn2BQDQ,,,"23n23n1,267 followers"
MadToast,MadToast,https://pump.fun/profile/HeLp58DAyrLWfDhiMLjjrHagsQhnZC45gZ2MC5JSdyWi,,,"MadToast1,223 followers"
gigawhalearidje,gigawhalearidje,https://pump.fun/profile/4JHiEcTBA4JzMNJdVn54tsiCrPxRYhFmVDGMouHm26Af,,,"gigawhalearidje1,197 followers"
ww6t,ww6t,https://pump.fun/profile/Fu3SWQYsZFdKWyspWkx1CvyEbqyjXAPcjumEqCG4wW6t,,,"ww6t1,195 followers"
RisitasEngineer,RisitasEngineer,https://pump.fun/profile/2PYV6pHDEC4Bry9VMAL4FEVC3bSRsqGqSeiW9us9ibo2,,,"RisitasEngineer1,176 followers"
fraillobster533,fraillobster533,https://pump.fun/profile/7BkxAVBtg6xgU3jLbwx5P4TyRDH39A17t7rz4xSJu8nk,,,"fraillobster5331,044 followers"
poorplumber,poorplumber,https://pump.fun/profile/ErQn9Kwqd2jUnCke84i8GEeaA5cWZ4dtsQJZazs2mTTA,,,"poorplumber1,035 followers"
adriftmarlin890,adriftmarlin890,https://pump.fun/profile/Gf2wYM2k5ojfPzN5Uqi3mbP1nWEdZhhzMyDBsKrHA3kC,,,adriftmarlin890978 followers
redtuna66343,redtuna66343,https://pump.fun/profile/Ay77dkJkbjPCLbhHmwNg5z4WVtP2bMUpjKNnWFo1CuD2,,,redtuna66343972 followers
TopBlastoise,TopBlastoise,https://pump.fun/profile/FyyYKEu6BGX9zxaZv3mXBi1dd2RDE4NVNah83BywWmkc,,,TopBlastoise968 followers
RelaxShrimp,RelaxShrimp,https://pump.fun/profile/8iUjQmHfoo9BTqh1SqcRywSHDJu9HEBkQmhQL1VNnh86,,,RelaxShrimp980 followers
massmarlin65804,massmarlin65804,https://pump.fun/profile/TWiNYzgnpqKYePVgLxZ3W6epLg7FbC4KmGZZ1S93oms,,,massmarlin65804949 followers
lil_sub,lil_sub,https://pump.fun/profile/ApU15GJk2Qv6SRDnudUZR4iU7LpuWHAgBV53c9WFuUSE,,,lil_sub936 followers
flowa,flowa,https://pump.fun/profile/GunE1qjtnATwbLJ7bBBddB39ZdpiMtDULrEXavyHDYfL,,,flowa893 followers
smilingwhale884,smilingwhale884,https://pump.fun/profile/DQTdrXSpprk1pqgFaRoyseziNf1ZDfSNXdSEqnQxrsfT,,,smilingwhale884881 followers
kindkraken32268,kindkraken32268,https://pump.fun/profile/HodLXSGKApwv2ZYi1BTwo5DAwwxWV4zhMGa4Wz17URvd,,,kindkraken32268884 followers
typedseal13555,typedseal13555,https://pump.fun/profile/5aPa1pTiTrGyHTgZUh1LzWJcjiJpXQuppbAHZL8WVYkg,,,typedseal13555871 followers
meekkraken92330,meekkraken92330,https://pump.fun/profile/77sVYqhzriGcRDmR9NxHx5omVWCYXAQdBYbw4Z4vrY9q,,,meekkraken92330871 followers
handyotter56154,handyotter56154,https://pump.fun/profile/42wLBbyYHPqudjfq4YyrmKdJpFdPUqgkEVQiU8XPQqqJ,,,handyotter56154851 followers
scaryshark15667,scaryshark15667,https://pump.fun/profile/BTAyNAFhBJY38ZXp6yvNJGP4V6SqxJzpcXUQkXhwW5zP,,,scaryshark15667853 followers
restiveorca8946,restiveorca8946,https://pump.fun/profile/HaZg1RrXtQatSYEK9SgQob6cWVJDoV8ZUFzSYeYg73WJ,,,restiveorca8946835 followers
nobody1017,nobody1017,https://pump.fun/profile/AeyhaxSxTm1idPtfnaDps5S6JqQ8BmpADQPpNcMLZ9Hp,,,nobody1017832 followers
drydolphin02642,drydolphin02642,https://pump.fun/profile/D5C2Li1etK35ffDLrnQwNejZk5g2Gd3fuGidfkwNBwGJ,,,drydolphin02642827 followers
take0profit,take0profit,https://pump.fun/profile/GmisyaXAAoNETs3pNUcLuQwczpYTVZopnySxnyT4LSex,,,take0profit829 followers
pudgypastseize,pudgypastseize,https://pump.fun/profile/GqUpFEGqAJZaQiLAmzYxGjxk4Nxmv4TqAY1RCHiFUrFf,,,pudgypastseize831 followers
woollymarlin242,woollymarlin242,https://pump.fun/profile/3jdpnZekcUM9qbSUQdRJJTPYH5pktLXFAox68aMZPrsX,,,woollymarlin242820 followers
leftlobster3817,leftlobster3817,https://pump.fun/profile/7dCWC5ZU2HxyY4xxEUJqsLMnf4avbR6DcznS2VLmedDJ,,,leftlobster3817809 followers
viceshrimp27192,viceshrimp27192,https://pump.fun/profile/CP4o1a82VKT3bXQfw8P1jiVfC5dYr9KC6md1i4phLauy,,,viceshrimp27192799 followers
topshark13771,topshark13771,https://pump.fun/profile/6kiD2FuYrXJwB7AX19Ng3ogfEaRAUho4PbPxUwP4TLQk,,,topshark13771781 followers
AGIdreamer,AGIdreamer,https://pump.fun/profile/6b2jH7tafg1HLU8PZUyuMi6K2MfmZNFFLdgpAohyNesk,,,AGIdreamer779 followers
windingmanta572,windingmanta572,https://pump.fun/profile/GQDpp6gLKzAMMe49mTpzaqoeGEoYqwAi2QCFyc9TiZ2D,,,windingmanta572779 followers
savvycrab79727,savvycrab79727,https://pump.fun/profile/FGZ72HENqfzUv9RiPAFqF7hCCiMZMAa5MYmWangFnZwD,,,savvycrab79727779 followers
swiftshark04352,swiftshark04352,https://pump.fun/profile/AjHee8HUn6ynSgPQiDfs5XJ5oA9nbtEtStm1z6XJ8Doj,,,swiftshark04352690 followers
mmjde8,mmjde8,https://pump.fun/profile/mmJDE8zc2BGQmTakxe3SYmZaMbEdR63rLCdDNa3qmnF,,,mmjde8701 followers
pk79z,pk79z,https://pump.fun/profile/EQ36RJowwSGz1DBXMRBydR7hiMjswj2ZdgfpyhdaxJcF,,,pk79z682 followers
mr__j,mr__j,https://pump.fun/profile/Hu71EYfmaruBs49mYhva7EwKSwK4rmX8XA4nFcLBK6oW,,,mr__j622 followers
LaFamiliaLife,LaFamiliaLife,https://pump.fun/profile/4v1naZWiLmobjLHaS4GrcDQmNfeLvQmB9jsktZkQcMUy,,,LaFamiliaLife609 followers
Ysnity,Ysnity,https://pump.fun/profile/Bnfdu9bR6QcnspDAvsa7Gi4XmYzbeDp4kdn2jeaUB5NP,,,Ysnity583 followers
boldotterenforc,boldotterenforc,https://pump.fun/profile/8vB8HoZbQdEwbXB1Cs7MkvYwBVXHRgpiwRQCXY9GKGWo,,,boldotterenforc581 followers
InsanelyCutEcha,InsanelyCutEcha,https://pump.fun/profile/F34Pd6DgZKE6iRDe5CRLauHSaonkqxZHv9dSjsR7syJd,,,InsanelyCutEcha568 followers
Yummycalls,Yummycalls,https://pump.fun/profile/5aYZo44qaZrNnqEsdAoL8gHeqjXiYZWLXEW98kBW6ThN,,,Yummycalls559 followers
JTBean,JTBean,https://pump.fun/profile/CGKFBRRkqsv9nAGfPEm38bhMLJhpdBJfgERbWqMgguCf,,,JTBean545 followers
Jaysama___,Jaysama___,https://pump.fun/profile/5hyKm1pLTQvg5ajvpxfJ3kWxWb7m3naKrJdaEATxf9fy,,,Jaysama___542 followers
avidlobster7970,avidlobster7970,https://pump.fun/profile/3ATpD2CFFWtbnUVFKg6576ZkFJRg4WSptmT2cHYKTHhp,,,avidlobster7970547 followers
shoheiii,shoheiii,https://pump.fun/profile/D5r4WKC9U1S2eGXEAoq4skicE8moTZ8RTCtnhoX4dDLY,,,shoheiii536 followers
verte,verte,https://pump.fun/profile/87nm5rjm3s2yMvVeokSuMqzPS7o3ihV5nGcNJajBMiiN,,,verte528 followers
mootmarlin50289,mootmarlin50289,https://pump.fun/profile/Epij2QYgr9xpwaLoMwaNBvLbpgbmc1JrfHTLxHJ3Y62C,,,mootmarlin50289509 followers
MoonWave_,MoonWave_,https://pump.fun/profile/DsUVGPXJw9Mr9W2HZMG7TjXRVKJAUMnz59VXvUD1DRTy,,,MoonWave_505 followers
TopBlastSeason1,TopBlastSeason1,https://pump.fun/profile/7ca3yHuXVYXFSJ2XFtUkvYdymakUXF5Vo5VHkVpV7swP,,,TopBlastSeason1501 followers
Topb1aster,Topb1aster,https://pump.fun/profile/HqT6bBahzaPpj2eceQhGPsy32yVa76tXCiBchQgDZg3w,,,Topb1aster499 followers
basednarwhal374,basednarwhal374,https://pump.fun/profile/8zbF32EsQQXRJZDR3Qto6ranDvWTU3Ggf6xyfJUpAz9r,,,basednarwhal374481 followers
BigBullishFlipp,BigBullishFlipp,https://pump.fun/profile/1g6eWUnHN7GdkWEtPru8Qs4aKps33b2eHF4dTG6EdJj,,,BigBullishFlipp482 followers
0xLyxii,0xLyxii,https://pump.fun/profile/91TNXncJEDc9f895wNAPHTsoT3yhfFCSfmzPcKHeKVDA,,,0xLyxii472 followers
fgtrades,fgtrades,https://pump.fun/profile/EuC9bwq7AhtvgqhzFG5TtB2q8PYmgWbQ7Eei7FaC4oG3,,,fgtrades465 followers
Secretsauce,Secretsauce,https://pump.fun/profile/3hsz9NU4ttgsVMTFZyfPjDctECYQMMHNkqL6Rx82gBSe,,,Secretsauce468 followers
Lbs91,Lbs91,https://pump.fun/profile/DGFQRzeGwnBE1PrqRLr1fXsg8VcQowiTYkP6Qz2XRas3,,,Lbs91467 followers
beigeotter78352,beigeotter78352,https://pump.fun/profile/4suNYdgLYL1CfP6sdsVe8zJEQ9ZBiPcZtFrKzNiWRWS1,,,beigeotter78352457 followers
KalebDegenArc,KalebDegenArc,https://pump.fun/profile/4F8hmnhN1AEQcAu4PVKf1Hd8veUCNUsvyxTzoGmXWDJ3,,,KalebDegenArc447 followers
bulkytuna85591,bulkytuna85591,https://pump.fun/profile/catK9v3gp2dd32bkUxDEst4BarwDoCL3pkFfVoVjcgi,,,bulkytuna85591437 followers
badgerxz,badgerxz,https://pump.fun/profile/94JRjXuRjdo62mcyaxqmmYAFe9E73UZw5sRyJvQzzG2e,,,badgerxz447 followers
BeAnon,BeAnon,https://pump.fun/profile/8wJHQdLVa8Bpubi9i94M1F3RVPoLfJVYwAfMA6dZSxuK,,,BeAnon432 followers
hyperoctopussev,hyperoctopussev,https://pump.fun/profile/8TMwv6cvjbq5F9n9eMV43V72YuHNv7tb6rc37ub5YViN,,,hyperoctopussev416 followers
FreeTidyGhost,FreeTidyGhost,https://pump.fun/profile/Coa8eJk4sdZvq3VsUYioC7Zz7z6kxq6MGiqCUDk5tsDu,,,FreeTidyGhost412 followers
teodorZXC,teodorZXC,https://pump.fun/profile/136MvvCwqUA8DJmVS38WYyrXaRJzSPcWy5gmM27Y4FKt,,,teodorZXC413 followers
pt0kes,pt0kes,https://pump.fun/profile/Cg3DeUBdRkRPn1FGuTs8jBSDy21Hi69X8NmxVXKfaQWU,,,pt0kes410 followers
Crypt00M,Crypt00M,https://pump.fun/profile/D6fpcyds6LdvzcnvBvMkWAn1qW2L6UCN2a9TNYsyuMWg,,,Crypt00M401 followers
iamSakai,iamSakai,https://pump.fun/profile/Cq8SaKC7igN6Ub2zoh2aJ55Qcb4q2SEHGMa2nJBY3ePU,,,iamSakai392 followers
AFKCatEnjoyer,AFKCatEnjoyer,https://pump.fun/profile/ig1dkXsQv11kwpgNuQg6EpDnVPXipJ4jnUqh5py9woV,,,AFKCatEnjoyer389 followers
Lowcapmantaaaaa,Lowcapmantaaaaa,https://pump.fun/profile/FNVwcZieXbmhfNjzQWyiGzxxPVgyBVPqPx55m7qz2Ko6,,,Lowcapmantaaaaa379 followers
Quick_Mak,Quick_Mak,https://pump.fun/profile/93cH9VNDCKcTm2u1pJ9b4JsrU1bNLys2NUriymzmhUrN,,,Quick_Mak375 followers
mikeasia,mikeasia,https://pump.fun/profile/8BGiMZjg3wLB5DjohecUPaBisCH6GBFrMLi1kb2eSfHS,,,mikeasia388 followers
enword,enword,https://pump.fun/profile/GKQgfP9sQUyYovSvg41KgdVxFAY89C8BuG7EdNHzPWai,,,enword364 followers
NobodyAi,NobodyAi,https://pump.fun/profile/BPopg4NYrqNDnsXg8GKB2yCu3DcxHV1MkUeZLXZp8LLb,,,NobodyAi362 followers
Jacobs_Ladder,Jacobs_Ladder,https://pump.fun/profile/8H9zNgGHvf6EXh2bM3FCRvcVZRTn1n1XHupRTWTtfpZJ,,,Jacobs_Ladder360 followers
fuzzychud,fuzzychud,https://pump.fun/profile/4YrqTrUJ7JMNTPvRJeRN3TGxQ4KiPz7tom83XJN6aUa1,,,fuzzychud351 followers
plus100k,plus100k,https://pump.fun/profile/7LMk5tKCGXgvweApmksAvfoAVAAXQWGnJdSKTn1bGLqg,,,plus100k348 followers
JIZZLE33,JIZZLE33,https://pump.fun/profile/AvRs9vqW5t9NjMVegAmePusoNpDT22a5f3hMtw8xsQE9,,,JIZZLE33311 followers
JdnOnChain,JdnOnChain,https://pump.fun/profile/2iPgNgss7ow3v5YFkTpzABStfjFSyG3BGvP5sZqADtFM,,,JdnOnChain305 followers
celo2k5,celo2k5,https://pump.fun/profile/6MqCS36xYiJUQTT5Aaeytg3FgJgYAnTnLCNSqEZm2kZA,,,celo2k5293 followers
zkyloX,zkyloX,https://pump.fun/profile/5H3yRQDpRRvbyg23ggRutvZESGhVY3kYrpJTgoLpv1rL,,,zkyloX287 followers
VPREM,VPREM,https://pump.fun/profile/3funAwT9amXUK1Ac87Q9eGbbgb2ak7ggSGvePFm9ZEDE,,,VPREM276 followers
Alexitous,Alexitous,https://pump.fun/profile/25mUi8R6fcUHC5y1Levm8CGXsj7cjaHScoczRiPS1Teh,,,Alexitous272 followers
spiderheard,spiderheard,https://pump.fun/profile/HG1xNEhagquSPVNGgQqwUPH12eroWfgDzwLecVVxyPvY,,,spiderheard270 followers
easykrakenchips,easykrakenchips,https://pump.fun/profile/GAF81b6KMNyZk5rztUfmr7arc7Duo3nVSZLXMJcZZ4Zs,,,easykrakenchips270 followers
ruinedmylife,ruinedmylife,https://pump.fun/profile/Gw8TM3qiuTkDdHS7YqTVXdYemHbvH1LeAMdQsTejFgy1,,,ruinedmylife260 followers
_TheMentalist,_TheMentalist,https://pump.fun/profile/8YFDJtQb5vKnkY35HcqQLT3oGWLYdLV8iN352AWrasVY,,,_TheMentalist260 followers
DrChud,DrChud,https://pump.fun/profile/3DEe2Dq7553JNCULn4ngexyHEGNPG9n9M7FgPmThCKow,,,DrChud257 followers
profitmaxi,profitmaxi,https://pump.fun/profile/2QUfGV4R3bDmKEDenmfCquumP5bWtRhyC94DBVQyzRuR,,,profitmaxi252 followers
yeez_er,yeez_er,https://pump.fun/profile/D9gTruhRvQQNEaQ2VGWgXmc6Ttk17StSLtjdfqqFvYSw,,,yeez_er254 followers
Mr_Faithh,Mr_Faithh,https://pump.fun/profile/4mnh5F4iA9PGNvpzZvG78YTtBk2thPmZ1Z24uTLKTw7x,,,Mr_Faithh248 followers
joelv,joelv,https://pump.fun/profile/HpMaoDF8BNbQFPgoPQNUeJkcruAGzccDGBiUJ5mRkQWF,,,joelv237 followers
cassdotcomm,cassdotcomm,https://pump.fun/profile/7FRuVvHNWjZUBu3E1BPpvqaKrFm9q1raRzGaHe8Xjyrv,,,cassdotcomm238 followers
basedsquidmedic,basedsquidmedic,https://pump.fun/profile/CjTECLYhVEUjy34gbotTCmdzKzFaw5SyqqjpXgJjzFAT,,,basedsquidmedic234 followers
btc_homie,btc_homie,https://pump.fun/profile/7o6Hh5KcirnYXBd8arCXCcUVw628tDT4CKeHk1cKuz1W,,,btc_homie235 followers
zeub,zeub,https://pump.fun/profile/E9cRjDCbScXtmGVdxnzkNntFJo74EXGvgy35kgTsQ7Te,,,zeub225 followers
rust_,rust_,https://pump.fun/profile/3btG5PJT6Abv4YtKBj9BHGhqrecvNo4jJLA8WQ3Nvy5N,,,rust_226 followers
redelephantss,redelephantss,https://pump.fun/profile/77YSjVeTaXMHnuJLuTnRCa7RxBwgYoqF9gV2uHwYWBkh,,,redelephantss217 followers
coolsquirtle67,coolsquirtle67,https://pump.fun/profile/33E8YRxaEAuj5ZqiRQwgRzz7pcUrwkaxnqcisyQFQq9k,,,coolsquirtle67212 followers
WinOrWinMore,WinOrWinMore,https://pump.fun/profile/3FmHJJs98GMAb7r2JF7K4MQEkfhQJ2jksUjhqzFXhuFm,,,WinOrWinMore200 followers
UpRightUpRight,UpRightUpRight,https://pump.fun/profile/56qBoyewW5hyJYVSihaXAFJKULFWDg2A8Ex3JyYdEz1v,,,UpRightUpRight197 followers
oneDoge,oneDoge,https://pump.fun/profile/uGuTB2QsYQbJXSVBYCYmA2GtmjaAcw27q8UvWMdQ3pe,,,oneDoge199 followers
Ceritacryptoo,Ceritacryptoo,https://pump.fun/profile/3SRkgB5R4rJWixcdAf9bWk36yXygVbELiKVwnj1CnQCE,,,Ceritacryptoo198 followers
OliviaTrader,OliviaTrader,https://pump.fun/profile/4iKGfCKQFCA3CPhTdxFWPh6q2KexS1DkjgtDLN5emd6C,,,OliviaTrader187 followers
realfudreaper,realfudreaper,https://pump.fun/profile/5kV1MxKZd2cK7nJgUpxCdo9qwLeyLv4UzcCJLoGyEp7L,,,realfudreaper193 followers
grdenrr,grdenrr,https://pump.fun/profile/2PS7Jc2rq4VKZSk6fWihfzc7FMVwLZuFVW6WFuQAYMEK,,,grdenrr191 followers
Anon11111,Anon11111,https://pump.fun/profile/6aFBMj9BekkhGhRqtCHtwykQQHJchcKHBMu4gnAV2JFw,,,Anon11111184 followers
dempsey,dempsey,https://pump.fun/profile/4c88XqkdBAnu4JKFUqH5dbwd1VyvWsRmEKFaDZ6D6r9H,,,dempsey183 followers
Mertrade,Mertrade,https://pump.fun/profile/WPwTsbeGukuqos65dGyB4R5KYv6btVSSLyi5ECLXtzf,,,Mertrade183 followers
SnaeTroozy,SnaeTroozy,https://pump.fun/profile/2e4sTzDwLV21JGVHVJVnLKZofV8v4PCeKKraifG7xM7j,,,SnaeTroozy183 followers
malikyy1,malikyy1,https://pump.fun/profile/EvpGX7ehtTB21t17GRqgT29KwCfccFMKe7FbfTv8kiL3,,,malikyy1179 followers
xleanplug,xleanplug,https://pump.fun/profile/3pAutvBRi1StqLBHrsuVJU8SRQACSYTntfgs5PAn2DE7,,,xleanplug178 followers
vololatility,vololatility,https://pump.fun/profile/GoHDxZE8GZZw34vLB5prrwD25AmNUb6FqyV5SEDbBVQx,,,vololatility173 followers
ultrasalmondeaf,ultrasalmondeaf,https://pump.fun/profile/2BgtEXcPNdavmmbsWQ61SLN67bdXizWzT6Ra5B4cvXBe,,,ultrasalmondeaf171 followers
supercarrr,supercarrr,https://pump.fun/profile/BExXZJ2owVcR6ufp4bVt9eVPCXv9PdbDByYf3Fd5Kd2J,,,supercarrr172 followers
lagos68,lagos68,https://pump.fun/profile/7AVc15PK3Pzwm8janTCgX3EKr4r3qEokxZX7fGv3UfZ3,,,lagos68168 followers
JackdupMobywon,JackdupMobywon,https://pump.fun/profile/7gEmowyGz1TdrXkMjCbtrpzHLDLFTrTqHN6p6ftChMVS,,,JackdupMobywon168 followers
roadto1pnlonpf,roadto1pnlonpf,https://pump.fun/profile/4qm4xVuwthKQUvY3Df9DRpwoAbiSiFe6BVWtb6VUAkPb,,,roadto1pnlonpf161 followers
drifterone,drifterone,https://pump.fun/profile/7ih8aJ8mdz7NnYpFdFM46G722yKH7YYtukCLgaV7c7jP,,,drifterone159 followers
Dominik_8,Dominik_8,https://pump.fun/profile/AsQec3RTgC81fFmpDcN2EokBkothqtNBVwQEohmVzdmi,,,Dominik_8151 followers
SigmaIcyBoar,SigmaIcyBoar,https://pump.fun/profile/5RFCNwAm58M7qB2ohPA1QwHmTT4S5AVXRu26UiVnnzGb,,,SigmaIcyBoar146 followers
morningworm,morningworm,https://pump.fun/profile/4pVd2AtqStUfEBjKe2udFfqHRj5NpDry7HQgvbnfAfGs,,,morningworm145 followers
swaggyjade,swaggyjade,https://pump.fun/profile/6kBebRXMQdx1eYbNABb2AxHgcszyTuPCB1eK8ZsKmaVB,,,swaggyjade143 followers
Kartracer,Kartracer,https://pump.fun/profile/FbjYVAdXxXXnspYibqE6cFwBXaEZs7MA7vG5DitJgcML,,,Kartracer142 followers
Giupa,Giupa,https://pump.fun/profile/9GbveMyKfxQBBFLELcDXYymwuh6FnLbtJC4kUZH7nhut,,,Giupa140 followers
Eculator,Eculator,https://pump.fun/profile/2kUwpBNV95DpNkuK4Yznp2cGN1xr8LELAjt5TyS314e4,,,Eculator140 followers
dopamine273,dopamine273,https://pump.fun/profile/EdZu25biyok1Q8YSLrMhgzD5qvbxnDQovZwgRN7rXaoe,,,dopamine273140 followers
imel67,imel67,https://pump.fun/profile/9ex5ovEDsKYL9LiBTJV7Nq1wVgtmb9W1rzdPH7o3veEt,,,imel67137 followers
ishowgreed,ishowgreed,https://pump.fun/profile/6DaF6pTBzRoSw5d8edimoa1yUUVPRpSFTRShjpGfS9wN,,,ishowgreed134 followers
mckid_,mckid_,https://pump.fun/profile/5A8F1Y8txbLHX82cx1jRDAz4YaeLu3UiuKw4tz9wYSXs,,,mckid_123 followers
Mindpnltop,Mindpnltop,https://pump.fun/profile/2WZ3HYbeuYTpZsTb45nXFVi7UaN9AsDKBFrs6RuSJRiS,,,Mindpnltop122 followers
setora,setora,https://pump.fun/profile/2NMxoi4dCgPFcAYJGzr7dgZTe7Uxw8tRGT8H8A8u5Ckr,,,setora122 followers
fizzybubbly,fizzybubbly,https://pump.fun/profile/5yJonACgZ8PCi6fddFmMzqrvcAeceLKAD8pNhqBPBjpn,,,fizzybubbly119 followers
x100soon,x100soon,https://pump.fun/profile/5jARR4vNXo6LAiJ5HwWBGfZ2s2zUbsXv1sWeaYwECPLU,,,x100soon118 followers
buho,buho,https://pump.fun/profile/5zd2qbRwpwf2w9rTa9R6mW4WpJSTjoPzFRqvVMchTksL,,,buho112 followers
BagQuixoticSky,BagQuixoticSky,https://pump.fun/profile/G49EJtDjZV1uPS2y4m9xP1Pxwhvyga21hV6uYqVt9gQM,,,BagQuixoticSky112 followers
irohim92,irohim92,https://pump.fun/profile/3z2tmA8JctomTPaFs7DepsHXAvZmRvMaeFtSoJNuLHP7,,,irohim92108 followers
bizkit1337,bizkit1337,https://pump.fun/profile/BvmTuZCLP2ghuUFu2ez3jvMGzvJwfBvqmizBFbh2gaiZ,,,bizkit1337101 followers
lawdriDP,lawdriDP,https://pump.fun/profile/AeDBXhxZAK8mkz6wWKZmxmpaR29iAYgqU11LFqJpcie8,,,lawdriDP95 followers
LEMMEEOUTTTT,LEMMEEOUTTTT,https://pump.fun/profile/AAz8hgrU9AX87a4m7d38gSGShh2ZD7svSqrXfNWYSTbk,,,LEMMEEOUTTTT94 followers
dtonywazhere,dtonywazhere,https://pump.fun/profile/Fs4nhRXo6ZJbREEbzShb447zj8Dr6Mn3jB6BqjhPsfto,,,dtonywazhere95 followers
Vanta1218,Vanta1218,https://pump.fun/profile/94h5gmgMjHqo4D7YLW23GhHn2wqWC8o3wzJnigQQ1PoW,,,Vanta121893 followers
VEIL_DEV,VEIL_DEV,https://pump.fun/profile/4XrRfPwYjmCsyvqNpJhDXdFyuiiyAiWwzrZ4u4CtPaQx,,,VEIL_DEV93 followers
SpongeBobx200,SpongeBobx200,https://pump.fun/profile/4tL5YrsQi1w9CtNUvMdgevZQQxQqYQy4BmifGjraa9aJ,,,SpongeBobx20091 followers
pweaseguy,pweaseguy,https://pump.fun/profile/AmQs4VnFpvNLnB2cHeCyZKxKUgUhpqy5vwDcSxJSShRD,,,pweaseguy90 followers
markdmakerr,markdmakerr,https://pump.fun/profile/4fsjtN2gSsDe4RVk1KQoUHwygBQxQj3Go8QnFWFYqgg2,,,markdmakerr90 followers
iohnnygreenwick,iohnnygreenwick,https://pump.fun/profile/2oyZ2t4jVZwTf2miycwyYts7yypvFvZrbXWm3KUeVB2W,,,iohnnygreenwick86 followers
winor,winor,https://pump.fun/profile/3DVdgWG33BxurjN1PrGWiruSNFFicNmJ41aQh1P655Nv,,,winor84 followers
memefundxyz,memefundxyz,https://pump.fun/profile/3SFg6bVaVrK5NYqQRaYUEbBeQwCs6efgut8ZSWAYipby,,,memefundxyz81 followers
hppned,hppned,https://pump.fun/profile/HJfasgiUx5DuFPfwrqX5oiCMtjSFxx27etN7tyPCmT9U,,,hppned80 followers
IcedCatMonarch,IcedCatMonarch,https://pump.fun/profile/BcWMbdFzNKuTMvgZdLyZejNguVUbMrksTd4rPLrkqxsX,,,IcedCatMonarch78 followers
chitzu,chitzu,https://pump.fun/profile/46o2Pc4dzqmZ2ti6MTb1Ctkn711rE5QfojVv12DppZwQ,,,chitzu76 followers
Lobey,Lobey,https://pump.fun/profile/CZJzwtfjBP8vXkQWAerHz1HBvKCnoxXrTBW9zxvoDqYJ,,,Lobey68 followers
BrawnyHalfCapri,BrawnyHalfCapri,https://pump.fun/profile/4sujmGk1ZReKA55qUsEGCUEXwqa54mSrJC8gxiEc8txc,,,BrawnyHalfCapri68 followers
AlphaHunter2026,AlphaHunter2026,https://pump.fun/profile/6YF1bpBXsmonzJZHqYVHRPRbwHv6KqESahWQr5qh8ieH,,,AlphaHunter202668 followers
MOATAZGAZACOIN,MOATAZGAZACOIN,https://pump.fun/profile/5xQXknEatSgkep4cy3oh8vJr34nzybqwGkNpVfkKtqgf,,,MOATAZGAZACOIN66 followers
felixVVV,felixVVV,https://pump.fun/profile/2hNRuqRdqGet1NKCqcyNkozFsdscCkkNVpGHj7FoxfWs,,,felixVVV66 followers
Skitter_Wz,Skitter_Wz,https://pump.fun/profile/9Ed6j59eYbrv8WypR4kRBTte7uuqobiev8rHi59jvKBn,,,Skitter_Wz61 followers
CedarFlowerMind,CedarFlowerMind,https://pump.fun/profile/hCVMtuEuMqXC5WGyntpiBHeMDupzu9yGd9LDdXqrUP3,,,CedarFlowerMind58 followers
bornorca78645,bornorca78645,https://pump.fun/profile/HnHUw5H46MaZSYp8jWJpsanLjnr9GPXL5imSQohy9UxZ,,,bornorca7864558 followers
bulmaxox,bulmaxox,https://pump.fun/profile/2bsADEh7wTGGWvRR6huhCkx5AvWiu7YXEGUrYFpTWyi1,,,bulmaxox50 followers
ag_crypto,ag_crypto,https://pump.fun/profile/6QaA4nL9nPtoXgQ2MKWX5Kkdw2fQWYmZRKNKYEcj3Pdp,,,ag_crypto47 followers
fastmanta70697,fastmanta70697,https://pump.fun/profile/56cbDybrg4ojPChNuQA7Qx7QDLUCfFHTGNqsy6j4Vzzq,,,fastmanta7069746 followers
okrodion,okrodion,https://pump.fun/profile/Hddt5Kb5iQHvtro25CFBZnhUxkokNT5muQtZRvSpHYU1,,,okrodion43 followers
Pizzaslayer,Pizzaslayer,https://pump.fun/profile/JD5YPMAjjcttMZexeYjkxGKKBhkdUW8LnGUvA2Rx9fii,,,Pizzaslayer42 followers
basedkrakenrepl,basedkrakenrepl,https://pump.fun/profile/F1ePSeQ9K3WtKDhzKuUT355Wjz3m6i7Xks7mQXSwGS3F,,,basedkrakenrepl40 followers
GemQuiverBug,GemQuiverBug,https://pump.fun/profile/7amWGct2QEZBqRTsbdf7rJLLnXCq2xwafPiWrZ4wCKg1,,,GemQuiverBug38 followers
warehouseworker,warehouseworker,https://pump.fun/profile/HXn9EZAvnTYPE3SBqnReaJ5inyQdAooNLxN5gUCKheiU,,,warehouseworker37 followers
cto_god,cto_god,https://pump.fun/profile/AYV5Yxrvh1XZLBJbBxgCmhMUPU3543YMaSH5kntAEFSp,,,cto_god35 followers
PebbleBandCarob,PebbleBandCarob,https://pump.fun/profile/EipKnqitY3JxiVS18RyNo8KV9F1hZ6tedmXNTVKud7RQ,,,PebbleBandCarob32 followers
sndkdn,sndkdn,https://pump.fun/profile/2mWp9JGyfCSmTpYjSrJoMzQB7SQepnPcTimtHAfSLbwE,,,sndkdn32 followers
Diego_Rackz,Diego_Rackz,https://pump.fun/profile/DHk1CyREcGoF1PjXesjsKWnFWKWD3iJcpX8khGfwgRtF,,,Diego_Rackz32 followers
SatinFreeGeese,SatinFreeGeese,https://pump.fun/profile/HDqUbUmmVfW7m7oDmaXPAUA9hRWkHSZBC2cNuFzmWf1r,,,SatinFreeGeese30 followers
airysquid28857,airysquid28857,https://pump.fun/profile/DqiPRTUUtYf73ajfjU5aXt1ZLoD9dbjdzFu8jwQAxiT5,,,airysquid2885722 followers
pottercallersol,pottercallersol,https://pump.fun/profile/2NeqSNn5pb3USwbqzetMG5yaiyL43RZFDs7PgPRg6sJ3,,,pottercallersol21 followers
icedcherry,icedcherry,https://pump.fun/profile/2xHQiVDMrYpdyg9RNbk4MRCzjXbouj82GiKcF5DN7TVP,,,icedcherry20 followers
maximain,maximain,https://pump.fun/profile/9gPhi14dSRg96BUAeDcjetgWAPpVi48kc79imsNAJZgG,,,maximain20 followers
traderjett,traderjett,https://pump.fun/profile/6VkS6ctH25NBDaVHdVyizkNkqCLekWegmsytTvvsxEmX,,,traderjett18 followers
realsalmon74791,realsalmon74791,https://pump.fun/profile/2GFMUJfJ22HP6Uukee5dbGkCzdstFaWm1bQ2GCoGR6Qn,,,realsalmon7479110 followers
saleen40,saleen40,https://pump.fun/profile/AUUbjf4A7ajXBUiVM96V2tgcnrqzqFNisGhjdbV2shr3,,,"saleen401,914 followers"
briand3vs,briand3vs,https://pump.fun/profile/BK2ciybp5WEeWUpPzPACUDfwcNFHeDQSrQsdKyT3Wdkb,,,briand3vs830 followers
lukadev1,lukadev1,https://pump.fun/profile/DEA8gRr8YqYUR9N9KjJCrjSkpLRWR5cVa6G2Qx67WUmb,,,lukadev1255 followers
AlphaQuantksi,AlphaQuantksi,https://pump.fun/profile/AkcyAkiLepxJewFuAqdgXH54MRRrgReaUrYajJyZFVAe,,,AlphaQuantksi191 followers
KaraKryptonite,KaraKryptonite,https://pump.fun/profile/FQbBD9NoEpoBWQgHgRqzJzLt6qCUaLtYq4n1EBpsxuA2,,,KaraKryptonite99 followers
NoPromises,NoPromises,https://pump.fun/profile/6LtbLophfdJXFXz1Y4m46KDESuPBrJJQrqMDxpHTzJYR,,,NoPromises85 followers
ZenAshMeal,ZenAshMeal,https://pump.fun/profile/Dj1dPpqadALrsEDFxRUgh3cWuAbiSuPZEywPspvrgvdC,,,ZenAshMeal50 followers
Pawpaw165,Pawpaw165,https://pump.fun/profile/JA4pfyn2FgHxRrNDrYhknakbuXSQH8pXpjChZ1CjxWHx,,,Pawpaw16549 followers
LaserThinLamb,LaserThinLamb,https://pump.fun/profile/GUqKt6Jec9gMwqdD2SkDVCtQCViaS3zwDforRWz8D4n7,,,LaserThinLamb48 followers
KRISPY11,KRISPY11,https://pump.fun/profile/CHbxRNUWgpTVA2HgLKqNwJHzgeB1NyQ7PareGdP9wedb,,,KRISPY1144 followers
Dasawah,Dasawah,https://pump.fun/profile/55c3wLqzSjDbSYGLb975Uw3eT7NX7oKa7NQCYFePBF2E,,,Dasawah32 followers
fulls,fulls,https://pump.fun/profile/5qeqgFbNzAP4kwGecHDFgMFyyjpMr7C4FJazAYrGj1Bx,,,fulls29 followers
0x3ddy,0x3ddy,https://pump.fun/profile/DuGezKLZp8UL2aQMHthoUibEC7WSbpNiKFJLTtK1QHjx,,,0x3ddy479 followers
OriginalSin,OriginalSin,https://pump.fun/profile/Eh38pfuTRERvv6AcTZFeQsZZZLEtFBwvVhrD342phCTy,,,OriginalSin39 followers
megaotterlaconi,megaotterlaconi,https://pump.fun/profile/CALZBwUeN9yRFXLSZwqoWAR45BBKyZhZBsPM7YeSSsP2,,,megaotterlaconi31 followers
sloppertob,sloppertob,https://pump.fun/profile/GmEcZp1hSUuueMT4b3UTUDnxCApFdLzusATJA7DoJA36,,,sloppertob23 followers
oldpump11245,oldpump11245,https://pump.fun/profile/3YUVoCLJgTLt9vthQqH3AKWncHZnxnY5RtzJc6gL2Vxa,,,oldpump1124521 followers
vainnarwhal4505,vainnarwhal4505,https://pump.fun/profile/8vizj4VUCM44RJgkPgzm6oG852KgVN5iFfYyFq9HBAFR,,,vainnarwhal450513 followers
agentfly,agentfly,https://pump.fun/profile/4TFixhxR89JS2PfbmdJupHPscydTCamZ7MEfHVtqJ2Sx,,,agentfly9 followers
supkev,supkev,https://pump.fun/profile/2dpXkJXsAeHKpQrknemM8hUus1W1vjGg1dfBRujxZcXk,,,supkev6 followers
zen_insight,zen_insight,https://pump.fun/profile/6ijEGE2JUNt1kTP557DKQu9AgAHkpFCUpNu1eB2Z1HCM,,,zen_insight12.7K followers
heracatus,heracatus,https://pump.fun/profile/6xq3zqgSqNDr8QBdr4rG4WMfuHCC1UqNwudjnfM7Hdg7,,,heracatus11.4K followers
illicitsquid970,illicitsquid970,https://pump.fun/profile/DNfuF1L62WWyW3pNakVkyGGFzVVhj4Yr52jSmdTyeBHm,,,"illicitsquid9703,191 followers"
Shew,Shew,https://pump.fun/profile/2JxPmU9UU5KhSQ7h5v8PfhgbxPQhHNyBqNrhPAjPiWCu,,,"Shew2,432 followers"
poopypants69,poopypants69,https://pump.fun/profile/9vqXe6ibRd7wwqXycqTbQaiPgkFeQXCKmsnLvNhuBeZG,,,"poopypants692,072 followers"
opensquid92089,opensquid92089,https://pump.fun/profile/AV7PjXHL5JXZ1YoYRoN9Dsstg1x2UciBupMCXcJP8gUz,,,"opensquid920892,070 followers"
topfloor_boss,topfloor_boss,https://pump.fun/profile/F5XvCe4233m6mHRbkkq2ZsFvqrPAnRrDBExeQy2fwagQ,,,"topfloor_boss1,952 followers"
inclinedfish286,inclinedfish286,https://pump.fun/profile/8i5U2uNBEuTc4zskYP14zbebDg2RSwrrG8REhEnJb97K,,,"inclinedfish2861,863 followers"
serialdeployer,serialdeployer,https://pump.fun/profile/GH9yk8vgFvHnAD8JZqXxr3hBN1Lr1mJ9NPzrP5mVqiJe,,,"serialdeployer1,787 followers"
nilburt,nilburt,https://pump.fun/profile/FaBGrHWjcJ8vKnbgUtsdpZjvF7YAAajtQTWmmEHiKtQr,,,"nilburt1,708 followers"
grok12_john,grok12_john,https://pump.fun/profile/8HeDT75s5g4CtCimH5B5nySqCiQhtWii8UnZhxBtFo38,,,"grok12_john1,626 followers"
inertwhale72051,inertwhale72051,https://pump.fun/profile/HYWo71Wk9PNDe5sBaRKazPnVyGnQDiwgXCFKvgAQ1ENp,,,"inertwhale720511,427 followers"
abrawlerj,abrawlerj,https://pump.fun/profile/DPNPVvoGdwNBY849ryx2JZzakWuWbDTfSUYr8aNfKLwA,,,"abrawlerj1,347 followers"
chillsealgrande,chillsealgrande,https://pump.fun/profile/7GhWwhaMgbKiRWxF93Bud6HnHMci6NCLTJyTxG8zFH51,,,"chillsealgrande1,277 followers"
henn100xdev,henn100xdev,https://pump.fun/profile/6gAgy3F1tLxeBWb8UhGEnmXYVRoaz3w1Lzv6APyhfoHk,,,"henn100xdev1,194 followers"
dearbruce,dearbruce,https://pump.fun/profile/9wRuFPJZFviuHv9q4hsaxUUADDphX6oSjcMA3RuxTFRG,,,"dearbruce1,145 followers"
jimothy_phd,jimothy_phd,https://pump.fun/profile/75GMVrr2xfgAeybuNg1VMHqFE3GTFJLzEHo6xC4MwUzF,,,"jimothy_phd1,093 followers"
ribbs,ribbs,https://pump.fun/profile/3JwkJxvbC7hXHpRHEWLcGYQShCgCfAV7noxyhYdwb9vy,,,"ribbs1,082 followers"
Roshiiii,Roshiiii,https://pump.fun/profile/56dQSiMeu8FX2gAADbLEXhfSv63k3SuLJg9YJrLs9G3c,,,"Roshiiii1,081 followers"
clankerwhale67,clankerwhale67,https://pump.fun/profile/FSAmbD6jm6SZZQadSJeC1paX3oTtAiY9hTx1UYzVoXqj,,,"clankerwhale671,011 followers"
retardadwadawda,retardadwadawda,https://pump.fun/profile/E24c5R7yHWHmPg1KyBrqTedjgcdRKcj28uwvLBbwi8hv,,,retardadwadawda980 followers
pr6spr,pr6spr,https://pump.fun/profile/7bBg7mkdAfX7LomP6ym8tX9u9NyoBHDRcGFZP8aCjX1D,,,pr6spr888 followers
therealhimmy,therealhimmy,https://pump.fun/profile/H6hPTUg73GDscH4Q9NAviJrUtMwUXE6PzZat2xWDszrJ,,,therealhimmy818 followers
wojillions,wojillions,https://pump.fun/profile/J3k4T9XHhhAGrZ64ukcya19FApC8jf8xaTWwYJfjTR4p,,,wojillions794 followers
CajunCrypto41,CajunCrypto41,https://pump.fun/profile/268jNfcp2QpTnzu4uJYtLDk78WkQCb738dn5feAMxA7M,,,CajunCrypto41708 followers
solgummy_dev,solgummy_dev,https://pump.fun/profile/EeLjBXRELqrcWAXbnj8T4jQPS9Qh7UGWiKxovsJ36pZY,,,solgummy_dev699 followers
mystayor,mystayor,https://pump.fun/profile/FYc3FosJywbELnfVA79ic9mbpYBLhNgSGYHtZ5UeoQta,,,mystayor646 followers
vosum,vosum,https://pump.fun/profile/4qMhJ42sCexUkXgqEkPt9nsyK93d92QeNGKZNyNYPGUb,,,vosum596 followers
metamen,metamen,https://pump.fun/profile/9Q18hhGJxvy16VAa8Th8Lua4WUSxnW1E1mYmqS16aPFN,,,metamen577 followers
ZzzzzzSol,ZzzzzzSol,https://pump.fun/profile/J69XgzMHsZMjaoDA9DHrVA6zzBdzoc8tCQk6LQfZWBsc,,,ZzzzzzSol561 followers
mrwater,mrwater,https://pump.fun/profile/FAX4qRQdiSj2iWDYvkJ21VieVCXGREtwMhEyAHSJ1aqp,,,mrwater547 followers
2cxmmm,2cxmmm,https://pump.fun/profile/2CMMjKtY1oXKdBU5WTRXkDXCe91dAWoSb1ForTBiddVq,,,2cxmmm531 followers
frenchotter8730,frenchotter8730,https://pump.fun/profile/Dqv8whmAjdC4EtQ22AEgaYymfaD4mCPvyz5Uy3ghE67c,,,frenchotter8730501 followers
zeus1020,zeus1020,https://pump.fun/profile/A23BnSTvvuiUPRqh4h5yHLVykdgsxNghzYTRpw8ycoYc,,,zeus1020461 followers
zus1,zus1,https://pump.fun/profile/2xKDETThQeNxPZAtkicq8UABrRQtyRfHTwCs57mTpFFQ,,,zus1457 followers
pem51m,pem51m,https://pump.fun/profile/pEm51mXQqRTDYNnp9EfNPg5mL1rJaJfXKNXkbK56kYC,,,pem51m453 followers
bancrypto,bancrypto,https://pump.fun/profile/8DGbkGgQewL9mx4aXzZCUChr7hBVXvPK9fYqSqc7Ajpn,,,bancrypto415 followers
honest_76,honest_76,https://pump.fun/profile/BtSEbACppVjwRRobKfUyJYgzjyqBhK1neSMw9FXRdgCa,,,honest_76388 followers
headstarfish771,headstarfish771,https://pump.fun/profile/6SMMCc4H6DJkPLbziQFursHci2Bs6kEJWPPgKTidz1Ck,,,headstarfish771366 followers
bagworked,bagworked,https://pump.fun/profile/9Zu8AigeXgFAajBTni2VWw6Wmz7XxDqHmY5nQwdCWAyY,,,bagworked333 followers
GoofyAtomRaven,GoofyAtomRaven,https://pump.fun/profile/FNvLdMfo2aB9xf14x4TFN3dr2TDpKz78Rji1k8bTx4bs,,,GoofyAtomRaven306 followers
ronnietrades,ronnietrades,https://pump.fun/profile/2J4vPEQyiPyQuds5kukmsHVCbyTz4MJAmxqvS3vvKmdJ,,,ronnietrades287 followers
coastyy,coastyy,https://pump.fun/profile/CATk62cYqDFXTh3rsRbS1ibCyzBeovc2KXpXEaxEg3nB,,,coastyy280 followers
pumpinpies,pumpinpies,https://pump.fun/profile/5h6nhX97VZceKqX7CYEvN97CLkDJaXKiJ3suvbZqpRcB,,,pumpinpies278 followers
k3mba,k3mba,https://pump.fun/profile/4Qce9p4GYHtc7BGFzLFAKzXjyWVXhmFKUKzsUNSPjeMz,,,k3mba274 followers
neferfake2,neferfake2,https://pump.fun/profile/2pvp2wrz5Jm7Y6H4bLRUZgJr4LjHSCqaek1zgPftu61f,,,neferfake2270 followers
usefulogdev,usefulogdev,https://pump.fun/profile/3vGozu5qAHvo3FTyBdaSdPGoJVhD6r2PXPcLefWC4Koh,,,usefulogdev251 followers
Grannnyyy,Grannnyyy,https://pump.fun/profile/2o73k4nVZAdedN7rQm5ZoZGBqAsTpVAabv6XGo4AffGk,,,Grannnyyy222 followers
d3vd3vd3vd3vd3v,d3vd3vd3vd3vd3v,https://pump.fun/profile/9pd5HhSwvKtpsbYa4bD1tFPi6c9KakqW6BAgyGRfcT8Z,,,d3vd3vd3vd3vd3v185 followers
himmytimmy,himmytimmy,https://pump.fun/profile/4WHe9uMhXW7H1NY4cHzcvceEqL2U29Cfa4aApyT9iB7g,,,himmytimmy182 followers
narra_god,narra_god,https://pump.fun/profile/HF8dnkkCwqo34W8iDHexHgqez5NE8txe8evKxTCSHkYK,,,narra_god161 followers
FortuneAce,FortuneAce,https://pump.fun/profile/4D9tuunbrr2XFUQVbGjm7FiK7nZSNnEf5awCG9J5rnGt,,,FortuneAce144 followers
_kimchi_,_kimchi_,https://pump.fun/profile/Ew2saSXsvdUAFeRpBzKJMFzMUYG2Ns3hV6gQ5761EAuB,,,_kimchi_135 followers
devilantesolana,devilantesolana,https://pump.fun/profile/FEQ8ycRR9N58EQoetZCg75hBqTNi128fUHaAmXS6Yq9k,,,devilantesolana134 followers
letsgooooooooo,letsgooooooooo,https://pump.fun/profile/3Mi9HNbS8gKWpxuVZijnSraaA37rAiFuAhDa8ESwLcu7,,,letsgooooooooo133 followers
wildsealabruptf,wildsealabruptf,https://pump.fun/profile/2aKq19s7GJsqZFPudSwktPXLKqACSQjT9crQnSf8e6x1,,,wildsealabruptf125 followers
trenchsocial,trenchsocial,https://pump.fun/profile/8nDEcDzV7xGiiWSQSHg5W7eouAtFhG2YN6QEKFCzjivK,,,trenchsocial107 followers
SirBarron,SirBarron,https://pump.fun/profile/25bYdPSPkzfA6n1vpCgnrmKbWKF7yvh1DrQotHcvSifQ,,,SirBarron105 followers
snowbull,snowbull,https://pump.fun/profile/AnDmrehydTUuZmboyAfukU4wFz36MoukwPyU76Qoqewy,,,snowbull103 followers
datnigga1,datnigga1,https://pump.fun/profile/JCRWgVifq84wTDzLKPsNyipFWxqvns3i8zTJDhVCjauW,,,datnigga198 followers
lonekraken91634,lonekraken91634,https://pump.fun/profile/EhrbEY3QZmbwQnexwNjzKr3HKSMDu8A84zpLqs8sEf5G,,,lonekraken9163493 followers
superruggeddev,superruggeddev,https://pump.fun/profile/BX6hALgzp7TLXqhxj4u3qyb3hvmYSXNCy1i4iX4KoDG7,,,superruggeddev93 followers
zensealsandystr,zensealsandystr,https://pump.fun/profile/99MHiWY4DybdAM4sVgbDR7Cm8LJRUyV88deMAHUBzYp7,,,zensealsandystr81 followers
sith_emperor,sith_emperor,https://pump.fun/profile/8UTEXer1p7TuLkhD2x5zapLL38irJs5MxweJApJmiTMs,,,sith_emperor80 followers
casir002,casir002,https://pump.fun/profile/SguvMJrR9yWSjzKPpWuWfzq4b61AfN6p2TT8PcLsqjj,,,casir00279 followers
dent_dev,dent_dev,https://pump.fun/profile/GFXADsutLdcAV58RHqHobFWS1FtkiRa2LH9dM35NaP94,,,dent_dev74 followers
pumpgoblinn,pumpgoblinn,https://pump.fun/profile/4AwTxALeWVcB8BLEYhq3vrAaEa5oY7QRjw2eeBXcaUg6,,,pumpgoblinn74 followers
epicwhalelongra,epicwhalelongra,https://pump.fun/profile/EFadfqMJRxpHF7KAU5qy5Bsukf1yyQKMg5iEJxAKaQic,,,epicwhalelongra71 followers
devymcdevykins,devymcdevykins,https://pump.fun/profile/J5A69QPQQqxE2tgZfa8jixtwtpXwqGmKFymqB3LygX4A,,,devymcdevykins67 followers
wog_the_artist,wog_the_artist,https://pump.fun/profile/FVjg4QV9txoahqJV36KJ83hBctxA5purujvznRCv1nnu,,,wog_the_artist66 followers
ultramantageopo,ultramantageopo,https://pump.fun/profile/BmLswykCyG3r7Ths9MYi4pRFXuAPMd43Zy1Qxt42YLrS,,,ultramantageopo64 followers
mew_dev,mew_dev,https://pump.fun/profile/7dqEN8d6CZsWxUo6qnuSZiw5dFr179326zUpNiEfoH6t,,,mew_dev63 followers
locked_dev,locked_dev,https://pump.fun/profile/CTHqAKkm6ZYKfzim8cG6D7rsMUB5PWK9fRTkXtvuc9kE,,,locked_dev44 followers
kimbazxz,kimbazxz,https://pump.fun/profile/GpkAEVVuCPc3kWA47LqtBEGHzTRD5XBGzD6VNLryE4Ct,,,kimbazxz40 followers
cursedtradez,cursedtradez,https://pump.fun/profile/7DpEyWpiE548xGYksKWR7cBpfuoFgz1abjoctXDgpKSB,,,cursedtradez35 followers
heartywhale5484,heartywhale5484,https://pump.fun/profile/CzusVz9YDN6jB5cyQmGyTNyHTAY8QyzxXHzjSPHK1w3U,,,heartywhale548431 followers
uprightseal,uprightseal,https://pump.fun/profile/DwrCVgiK2Gufn2zL2SKg3a6sSbBwbNbAPj5nS7sRjw7Q,,,uprightseal28 followers
6uzbaq,6uzbaq,https://pump.fun/profile/6uZBAQejdPbbdSGuLruz2aD4ZrFqsgds1VPGeEZgj4Ar,,,6uzbaq27 followers
unctheartist,unctheartist,https://pump.fun/profile/9nPuP8kHmGpe94wnCkbU5cdP3uyMvjeDQGjsgG4f6s77,,,unctheartist25 followers
crazytuna93066,crazytuna93066,https://pump.fun/profile/C5xWXDEqRsYfc2G45k1Xm2PNXmejh4K9Yi5rHviDfQVm,,,crazytuna9306624 followers
5621375d,5621375d,https://pump.fun/profile/6xKz9kVXe9kVneM5983BeJ1u9H5dwaUPujdhqsT49eGu,,,5621375d24 followers
gasbyclaude,gasbyclaude,https://pump.fun/profile/FrSzXL81WVNtBmMYbxS9HxJfmH6zNtP4sFzDUzPKwxbm,,,gasbyclaude24 followers
cfmmdev,cfmmdev,https://pump.fun/profile/H4k8tLDEfzhLgqxmzJhxBMWzvkrD3mjtGvRgWdq16Bbn,,,cfmmdev21 followers
nemof1sh,nemof1sh,https://pump.fun/profile/4tctqHHLwRhY3m4f4tksNBBfQFNPxUbJF64fdh9xsm3B,,,nemof1sh18 followers
culture0nsol,culture0nsol,https://pump.fun/profile/6G1u3fQsVP7dCgr4Np3Qz3AEDote7tAiifxi1Z9UHetB,,,culture0nsol14 followers
zenmantautterw7,zenmantautterw7,https://pump.fun/profile/DsJa75sHYE4cDoGJ6UmF7Kj52NtPikbCbEhNZ1g4pKk5,,,zenmantautterw714 followers
Lvxry,Lvxry,https://pump.fun/profile/eXyMMstmsMfvxYV4dsvMnHxPmWGtSBW5Z2GiJ7LVXRY,,,Lvxry14 followers
dimwhale37997,dimwhale37997,https://pump.fun/profile/CEUEAQtBpvZi5pkUQSgGjhRoRxGmAHVDqGerFKM74v3d,,,dimwhale3799713 followers
runawaytuna9986,runawaytuna9986,https://pump.fun/profile/9heMkYRApsF62p8Lkn9MMT4ZjaNNd3aJG5uuK7MZF9FE,,,runawaytuna998611 followers
memeware_dev,memeware_dev,https://pump.fun/profile/EkTn8aeMrZtSRFxSSYrXco3hQ1JBrAPrTcsoFYZCcwEK,,,memeware_dev10 followers
burn1ngd3v,burn1ngd3v,https://pump.fun/profile/CcgBN5XFbptwG3kiaf8R6mp6RQDmzb72WjuS5e8tcwSX,,,burn1ngd3v8 followers
ComfyMaizeCanoe,ComfyMaizeCanoe,https://pump.fun/profile/B471nHHyu2UqqhMJzPPPaEaNCqyqb732KG4YAj3GDgzn,,,ComfyMaizeCanoe7 followers
alphastarfishli,alphastarfishli,https://pump.fun/profile/3rJpgJ4qBwimekLvN4cpJEZ8Ehv15FDmBYPy5RqzpJx2,,,alphastarfishli7 followers
mynameisjeff28_,mynameisjeff28_,https://pump.fun/profile/JEFFtht85JoWRb932CxqJbWFo7jbMeHJH3W9fMxq9EpC,,,mynameisjeff28_310 followers
januelo,januelo,https://pump.fun/profile/EQdsruikkFqj4Gb2jMZBxRTAifxuctXp4WMKBqotCK1w,,,januelo61 followers
Dizapump,Dizapump,https://pump.fun/profile/EHfdbMFiT5JfccJ2XaiPxxYKuTpneYfRFMr4cDnvR9Ff,,,Dizapump627 followers
0xNormii,0xNormii,https://pump.fun/profile/HbwDRjrfyQq78THJ4Ys1QckAs1py3FSCUroTMiPGhDyi,,,0xNormii147 followers
Spraky,Spraky,https://pump.fun/profile/H369BTzieBcFFtZjDuCkH1VsDeZpoK3iSEmKvCm6HbjP,,,Spraky46 followers
bumpysquid89214,bumpysquid89214,https://pump.fun/profile/52XtRAZ944AztYuqr4aRK5LfccWfj8nXzxg6cu8eCCBk,,,bumpysquid892146 followers
Bazingahappy,Bazingahappy,https://pump.fun/profile/Haee7H5bKDCnm6dXLkeR9DcWw9Puhnkwk71QBUSHcpUt,,,Bazingahappy82.4K followers
HolderMemes,HolderMemes,https://pump.fun/profile/977i68W86tr4k2WNJ7fzESRuP9SpqUddAYMgU53f9c8P,,,HolderMemes80.1K followers
peanutbutterok,peanutbutterok,https://pump.fun/profile/GatvHaSoyCgCxaUQGKsxkAc13sow39erEutNkgeqFF6F,,,peanutbutterok37.5K followers
RUGGIEBOYS,RUGGIEBOYS,https://pump.fun/profile/2xWAYSgJsYG3Rfzd8r5qmZvPpk5WLR6meJHX1N6o4xZQ,,,RUGGIEBOYS33K followers
hyper_a6c,hyper_a6c,https://pump.fun/profile/5VHUEo2aAhrUmomkMCcNLhe2EpvaezTv3mbThXp7ePFy,,,hyper_a6c31.1K followers
nathan_f9df,nathan_f9df,https://pump.fun/profile/Ebj7zMBnRaJ8Gtr5ijy5iuqJdrLetpLURoJe8XQx7peh,,,nathan_f9df14.4K followers
stacc1,stacc1,https://pump.fun/profile/7ihN8QaTfNoDTRTQGULCzbUT3PHwPDTu5Brcu4iT2paP,,,stacc113.7K followers
topjellyfish555,topjellyfish555,https://pump.fun/profile/orcACRJYTFjTeo2pV8TfYRTpmqfoYgbVi9GeANXTCc8,,,topjellyfish55513.4K followers
milo_trades,milo_trades,https://pump.fun/profile/CojAYkA6ndA1hMhnGKCzhESgQpQTqR2WWKVdr9AsqxAH,,,milo_trades11.4K followers
FaunaPump,FaunaPump,https://pump.fun/profile/6yKDYUxRcyjwDc4abjcE72LmbnSuc7vg3SL1NxgDZ5Wh,,,FaunaPump11.4K followers
gumpdev420,gumpdev420,https://pump.fun/profile/HKP4xkfRts8TrUnMW51BvcigZMGSMegyjrL5sf7fxquy,,,gumpdev42011.4K followers
Catcoin_com,Catcoin_com,https://pump.fun/profile/FN9TUnX8hPz4DePDSUwFwefX57VPmX4LSaD67jssp1sm,,,Catcoin_com11.2K followers
solunlock,solunlock,https://pump.fun/profile/EMLmnav77e6SDpVaf6Yn3QoWQGCh3RamEQeX8rfGrKDM,,,"solunlock9,774 followers"
null,null,https://pump.fun/profile/5ce6SPUj51JYi6Js1P9h6enZSz57CbF9TfhvctA7z6aj,,,"null8,540 followers"
felix_gains,felix_gains,https://pump.fun/profile/8Sh1MqzbTEZmWyKWmyQWEBHPdgcUjwgmMG1Df53tYjJk,,,"felix_gains8,291 followers"
orangie2,orangie2,https://pump.fun/profile/BgcaTtLQdt8cPtU5hCzkC7wP68ZMrhLmtZddfR5fjoKM,,,"orangie27,842 followers"
limpslowhater,limpslowhater,https://pump.fun/profile/2ksSqyzto4HJJtCpWUoxVJ591gLzgUbN4FrrZeoJfDLt,,,"limpslowhater7,678 followers"
Kotoki,Kotoki,https://pump.fun/profile/EyHhbV7AY2a6kAxfmnY5gUx17DYyeriPhVTfNUKpgQ83,,,"Kotoki7,540 followers"
huntdev,huntdev,https://pump.fun/profile/DZagH4zAkaP9ddceUCqnSe2NCPxvpKcUgWQjWDqwYR4Z,,,"huntdev7,532 followers"
luca_alpha,luca_alpha,https://pump.fun/profile/5PB1PKtNyM1JU8gtrqbQexTb5hfs92bayUKFRT26wEpm,,,"luca_alpha7,424 followers"
BESTDEVVV,BESTDEVVV,https://pump.fun/profile/i78iTQ4oUdot8rhh954aUzDLwLo2BJy8uxR2e71Cgkc,,,"BESTDEVVV6,994 followers"
ecs,ecs,https://pump.fun/profile/C3KGqm8KKdxUb2McaAX1H3vx4YFwrSfHkNQ3R9xA8gr1,,,"ecs6,515 followers"
xander_signalsx,xander_signalsx,https://pump.fun/profile/6UTrL4xhXfbMjtbQT8a2rNtJRwyHULn5NGv15gb3A9v2,,,"xander_signalsx6,484 followers"
mason_gains,mason_gains,https://pump.fun/profile/Uirjk18Hm9NfqubkHh1LeCSksYhPuparovmYot7ogiE,,,"mason_gains6,350 followers"
AnsemAnsem7,AnsemAnsem7,https://pump.fun/profile/8SSGsj3DjkXv496NWwV8nAqkRHFkSg3xpPMEhynHwBVB,,,"AnsemAnsem76,296 followers"
bodensendr,bodensendr,https://pump.fun/profile/CeQJUSvEybg2zMPPx8AeRsSDGtVfWaQhbWbjcbrNcT8g,,,"bodensendr6,273 followers"
hrz,hrz,https://pump.fun/profile/7c3BZijrXWmtCZQQxdquwvhdtf81dg3jfvZ2wJHaSp5o,,,"hrz6,031 followers"
ethan_trades0,ethan_trades0,https://pump.fun/profile/GDpXs9XQhXFGu3VUDo9bZnf7xaFDijrE7E4i8TPUQmgv,,,"ethan_trades05,859 followers"
jace_gem,jace_gem,https://pump.fun/profile/DobPyb57QsoSEbhXYFQWxPXvPomYzMs2UMVtViafMd7T,,,"jace_gem5,807 followers"
misterfeg,misterfeg,https://pump.fun/profile/DMWkXVFiXg8NFm1ybpVXmtZwaVYS9wbNasAXBKQgBoFw,,,"misterfeg5,814 followers"
chickenwif,chickenwif,https://pump.fun/profile/HWzdPRNbLDXfUqqEsjb3HJj4hGT96hFLuNtT5P7xsTh2,,,"chickenwif5,412 followers"
yeezy780,yeezy780,https://pump.fun/profile/FvTBarKFhrnhL9Q55bSJnMmAdXisayUb5u96eLejhMF9,,,"yeezy7805,326 followers"
HzBuHZ8Y,HzBuHZ8Y,https://pump.fun/profile/HzBuHZ8YWoptjgP6u7KZBPCFbmS1vA7KAnQAVwGV2dSg,,,"HzBuHZ8Y5,238 followers"
atlas_calls,atlas_calls,https://pump.fun/profile/9NoGjMSzuvpJUtFmKbh7eFHyK5btg9m4rce3oqw2i7HR,,,"atlas_calls4,758 followers"
og77,og77,https://pump.fun/profile/CDteYXzk6swDkjhqj5kwVmaZeL9LgTesyMXMsDSkeHrS,,,"og774,770 followers"
plonk_bot,plonk_bot,https://pump.fun/profile/F2S9yL1tL3HK27Eg532m42bjHNbfobsGDSdzsop7cZNS,,,"plonk_bot4,659 followers"
tryharderrrr,tryharderrrr,https://pump.fun/profile/AG6A9BDmWNNiA6uYyBDfXAMcpvdkQpP5aTW5UrCuP5pq,,,"tryharderrrr4,578 followers"
DIAMO_DEV,DIAMO_DEV,https://pump.fun/profile/J3MtfULicJ68YMkPhZ5sCMEo7RStKgYk9TtHXkYuiUUr,,,"DIAMO_DEV4,584 followers"
f0llowme,f0llowme,https://pump.fun/profile/3taNrHfq6StT5bzaeaZSw8B17T2UNNvLxiafJkW19XxV,,,"f0llowme4,485 followers"
wolfpackdegens,wolfpackdegens,https://pump.fun/profile/3re3qC3a7ko6jADUpu5MZSNyYWXxS1ih47TnjZjH7cFM,,,"wolfpackdegens4,342 followers"
soldog,soldog,https://pump.fun/profile/6wMzWbTQAdpqbpdjNdJXKdJ3cqkGqPzbC5ZsaiwviVju,,,"soldog4,297 followers"
madjack00,madjack00,https://pump.fun/profile/EYb5ERhA51iP8CMVZ5KHZumPH15Wo7jWkdtMbrps2xxL,,,"madjack004,048 followers"
perrito,perrito,https://pump.fun/profile/Bt9jAvwbXhmLrNZfp54Y8nPHA2wqN4oPxppE7yA5xJv6,,,"perrito3,915 followers"
nedobritiy,nedobritiy,https://pump.fun/profile/vGwDoftfevGkhHGHZoEMPuLTUcRe2FmdZigjrZkSGUe,,,"nedobritiy3,822 followers"
dev,dev,https://pump.fun/profile/9gKCFGV4UyX9T2zmEFf3FgB1DF6CJikNUSBEVJkzddZx,,,"dev3,826 followers"
boboga,boboga,https://pump.fun/profile/BUmWvaEF46YHAGmn3ePQLPEvt19sm6k6JRnKHHTiE4Ag,,,"boboga3,829 followers"
monkey_man,monkey_man,https://pump.fun/profile/E1mh1Wfm7JK78fJSh3Ta8XwV43tuuAkhoikVCvvDWmeg,,,"monkey_man3,798 followers"
rapevictim,rapevictim,https://pump.fun/profile/AoC91ZBuk98cCvYgNMRM9gKyHcHdku45iBzYf6MR7DXE,,,"rapevictim3,739 followers"
anxiousfish0825,anxiousfish0825,https://pump.fun/profile/2YqgUGrE2TCUBmkgAC3yj6G4m77e2p7gofPzGi8u85bj,,,"anxiousfish08253,677 followers"
gigasealwelldre,gigasealwelldre,https://pump.fun/profile/6BUw7DcLA1m5szoEELhDV4brVt7xCV2uBXcvY81xzzgM,,,"gigasealwelldre3,558 followers"
lunamoth11,lunamoth11,https://pump.fun/profile/FCRSRU6ZR88P6t4gKdCHAT19eQ7SKvKrULWFR5ACU4mB,,,"lunamoth113,534 followers"
f,f,https://pump.fun/profile/7928mUVFze38ZgohTfEbq43vrGdTzTNztbcRrWNRqYGj,,,"f3,506 followers"
stupidmemedevvv,stupidmemedevvv,https://pump.fun/profile/FimgEEqWqmzYRGWEPbjR2aYe4u68cXe8hrgXv43x5aKE,,,"stupidmemedevvv3,493 followers"
cole_trades,cole_trades,https://pump.fun/profile/5NgVDxMZ2ELy6XgoAhvTUSkGDAJCcq8V8TXyZVixCDw6,,,"cole_trades3,424 followers"
raras,raras,https://pump.fun/profile/dtrzJPj7yDdvm6eRqBAgxsK2sMJeD9HhBEBB3XMedXy,,,"raras3,404 followers"
im_in_buy,im_in_buy,https://pump.fun/profile/GgDGFZzrweSj3yRQUQnDpnmPFMP3zK54Pzogm4WF3GW1,,,"im_in_buy3,363 followers"
jker7,jker7,https://pump.fun/profile/AYFuUYiZXGKnHPaBd8brFE5EcVMbnxFqtggL9ZqumD4W,,,"jker73,295 followers"
poor,poor,https://pump.fun/profile/7Fu71mDxaHr1oqzeahCBPBASujfcLnuckhyVsQ5SbVLc,,,"poor3,255 followers"
newtate,newtate,https://pump.fun/profile/8FTbyGUpGbJM4mekCoS3jsKoHTAkq4sWopBKLNpqDKbE,,,"newtate3,198 followers"
JockStrap,JockStrap,https://pump.fun/profile/c1zfhabdmTmi8VHzyKH9AHoPYVtte7PycEthbssC3GA,,,"JockStrap3,096 followers"
notmeechie,notmeechie,https://pump.fun/profile/5wPWthsivjuGi43WbTo5LdSjDTJ8pXSSHyfXWVojJjUF,,,"notmeechie3,097 followers"
1000sol,1000sol,https://pump.fun/profile/EY2yvuj3Xk1CpQnr8AZPFWdjcH7WTGghVAFnH57mjjjr,,,"1000sol3,084 followers"
cryptohawk,cryptohawk,https://pump.fun/profile/61XkJfSAyJRmZu1TQa2MR17HoNpEDBiq67sWQ5ThdQE2,,,"cryptohawk3,048 followers"
Ogbetthat,Ogbetthat,https://pump.fun/profile/7Kw4mdrWHrmyFgw885JTrqbWmaHZq2X5AQbMaWpXYTp3,,,"Ogbetthat3,022 followers"
spektrum,spektrum,https://pump.fun/profile/D9MtLiHsWywWvqUxaCfrRQe2mkTjy1GxEF3yfeoPm3rn,,,"spektrum3,025 followers"
soaringshark254,soaringshark254,https://pump.fun/profile/GW8NRhff8KyHvM5XxMeyYNbmHGymDsRAVuLtk2ouTLne,,,"soaringshark2542,895 followers"
molesloth,molesloth,https://pump.fun/profile/C6A9MRyuLh9d8GmprKzEajg1a6gJFBYQEfNHRPDarRJY,,,"molesloth2,834 followers"
x50,x50,https://pump.fun/profile/EDYJpMdAQZVbzsmBFsxWV8Ukfr9cxfowwcRWhVjqzsRQ,,,"x502,764 followers"
wildlobster218,wildlobster218,https://pump.fun/profile/JDQKDrc1TQgBRvdFh56tkta5sYcDj1SoP52Eiu64rSrT,,,"wildlobster2182,745 followers"
triplej,triplej,https://pump.fun/profile/Go8NiJuoS33oHyCvDzsRRA2tiV3Ph6bvv7bpp7uP1Mk6,,,"triplej2,712 followers"
mike_sharingun,mike_sharingun,https://pump.fun/profile/JCowwPsfdRAgFQVPZ4CyPZN4ugvYDmrJYN7y8T3yFcUe,,,"mike_sharingun2,637 followers"
gtrs3,gtrs3,https://pump.fun/profile/7MQJZ515EXyHG6ZXw3g6nzj8kEwjQpX6SGi2b4qtqTHq,,,"gtrs32,607 followers"
ohnoibought,ohnoibought,https://pump.fun/profile/6HJGj5h4nHshYs3frVq9MjrGxX385kj3YkaTThTJsjsq,,,"ohnoibought2,583 followers"
frostysquid7558,frostysquid7558,https://pump.fun/profile/DfdH3fbSfKC7q13NFFSrwZpC2Um4oNCkJaknskahvjB,,,"frostysquid75582,583 followers"
sus,sus,https://pump.fun/profile/CcAdMF5S3xVMMVzuK42zefKbe7ohrZfpUc6oVqnxHaGJ,,,"sus2,570 followers"
fwogcto,fwogcto,https://pump.fun/profile/BT2sdwJeDWqXNUNBJwtKWBD7RjquACfjo1rT9vpZLUSA,,,"fwogcto2,557 followers"
frezh,frezh,https://pump.fun/profile/9jbUW6agPt8nQeVPnuQhqPw9mK24cDn2Q2McGQL8pEsh,,,"frezh2,553 followers"
dopamine100x,dopamine100x,https://pump.fun/profile/4BWdm1pEVogqRNuegxrLRvJyFyb2sWZcReweFBkrhhXY,,,"dopamine100x2,554 followers"
PumpCaller,PumpCaller,https://pump.fun/profile/Cj2xfsDK16ERX874VvpMFByopLabzL8ATeHV57YCV8DB,,,"PumpCaller2,530 followers"
milton_apedx,milton_apedx,https://pump.fun/profile/6HgucJXQ7k6Uz8otXKUidzUH6hgdSAdSPHz3CGhgnQ9E,,,"milton_apedx2,536 followers"
solm8,solm8,https://pump.fun/profile/A2PEjDx7fuXqdYqKeGYVQ3pDmuYr67nu5jdfeTpfgvSR,,,"solm82,520 followers"
roundtrypto,roundtrypto,https://pump.fun/profile/AMEtcdVr5vDm9SrPod9m5PDjQArdMJnU3Df7BoLmqrZe,,,"roundtrypto2,503 followers"
the_m17b,the_m17b,https://pump.fun/profile/6cbgUH4cJz5jeF14i9SnDKJjWQR4RNYFThH4m6BGAm4v,,,"the_m17b2,481 followers"
meme_tips,meme_tips,https://pump.fun/profile/vvMtssS6um8LQKCz9sqz4uu1w7u5tddmcVBSzK9nwVR,,,"meme_tips2,448 followers"
readyape,readyape,https://pump.fun/profile/8uaLAK4h4du6VNggETL8pPjFJZFmqTvmg1FbaEVtnitD,,,"readyape2,422 followers"
magic_4,magic_4,https://pump.fun/profile/WKddFV8P36UW4PD8PcEztfY66Cj92GeugjszaNpRkP6,,,"magic_42,418 followers"
cheshxbt,cheshxbt,https://pump.fun/profile/HA7bCijceSCME5xu69Ma9kKawkjTT8jx7MTxznS24n7D,,,"cheshxbt2,402 followers"
unknownkx,unknownkx,https://pump.fun/profile/CiEuA83KDFDqeamksaxyWu2jo8TVnxj7mNbDMhsgAYvT,,,"unknownkx2,372 followers"
CVN,CVN,https://pump.fun/profile/9bAHNiCf3s4N7m2pJzdvWXRDsk9eRkSSbaYVSzAVb9Dv,,,"CVN2,289 followers"
jugstorecowboy,jugstorecowboy,https://pump.fun/profile/CScBTnmRDUpq2x2dqANUnDNQZHHVPE26dvZuQofmsrjY,,,"jugstorecowboy2,290 followers"
caitlyn,caitlyn,https://pump.fun/profile/FkeU1Y62Zf9mg6DH2no2GdYacVSwvfy7faKreu4omxEs,,,"caitlyn2,273 followers"
bigdawg77,bigdawg77,https://pump.fun/profile/EmEMv8sdm3f3BPx61ww3t8jUFyUyUqCTvX8T4Lf3zytt,,,"bigdawg772,254 followers"
toliy,toliy,https://pump.fun/profile/9DVrbacfj6JVc2Ri2gcgAGQkTuoUKjzmnCjxeCRhqtTt,,,"toliy2,236 followers"
brokefag,brokefag,https://pump.fun/profile/HQNAz1WazeywXTtvGJjmpjQ6GNXVs8pMprWAAyqoMiFj,,,"brokefag2,193 followers"
ansems,ansems,https://pump.fun/profile/J2VPwr11Vp8BSrPG2CSA8bRcqkaohqEHjxjqtcJnqQi2,,,"ansems2,176 followers"
tateywatey,tateywatey,https://pump.fun/profile/7XpcowtypeJyCRJAgyQmYR4xAgdnykPJXum5b4a843YJ,,,"tateywatey2,163 followers"
cryptonody,cryptonody,https://pump.fun/profile/45mgXEoipTdZyH9xeMzwTdrt79kyyRLbMhuAvtt1Bz4F,,,"cryptonody2,169 followers"
shitanalystXBT,shitanalystXBT,https://pump.fun/profile/DUc2ic8TB3Apme1p2aRZ3cMu53rFKTjjmffrXbd2tJqP,,,"shitanalystXBT2,110 followers"
haolo,haolo,https://pump.fun/profile/HsAdShxRztVYX6Rey7zW8jkrkf5RKUSEMcKNw9bT5fyz,,,"haolo2,122 followers"
log1c_b4sh,log1c_b4sh,https://pump.fun/profile/J4c5iWttQjQSm1GnMUnH8TSDXL4r6DFPTwu72geSvDGk,,,"log1c_b4sh2,107 followers"
0_scam_0,0_scam_0,https://pump.fun/profile/9zKBTvpmG3BU1pwTCtCqc5Qy7Lxd4gUqa4UxscGhChpi,,,"0_scam_02,101 followers"
sapient_in,sapient_in,https://pump.fun/profile/8peazT5YAGN45kzeae1hMXrYMrYiRk7CuX2Vv5y5sYRA,,,"sapient_in2,055 followers"
WinDiese1,WinDiese1,https://pump.fun/profile/4JqniXGd937ashYbnHZ9a1Qmu9NZtz4CvQsXcLSC98JM,,,"WinDiese12,036 followers"
ACTI,ACTI,https://pump.fun/profile/6P2XrFUBfm6qGSadmopSMovtqNDN5hWj3JJ3bqjaL2NP,,,"ACTI2,039 followers"
Solquaza0,Solquaza0,https://pump.fun/profile/3itbpYy3S1u4hKyYNyseYx2RoA87gpeYBNgRoAXuB4rc,,,"Solquaza02,013 followers"
first,first,https://pump.fun/profile/53iFT7wk42SiHD1sNBYyT8iahFpYVFXjE3hXsLPeLevJ,,,"first2,013 followers"
ansom_dev,ansom_dev,https://pump.fun/profile/DKgpVj96gkRaFZokiZz1vBUSECLt36n8u61bJ6Vzbd2F,,,"ansom_dev1,985 followers"
xavierx,xavierx,https://pump.fun/profile/eV7dpD9qgJY7ZrUxJygtq4t86AjGrvfnK83s8fai9Dk,,,"xavierx1,988 followers"
sillyvainrookie,sillyvainrookie,https://pump.fun/profile/F9JAGZPF9ZLGz3pRXY9Ci7LGLoinmrA1UyaWem2Gx3G9,,,"sillyvainrookie1,950 followers"
Skitz8,Skitz8,https://pump.fun/profile/7K3qzDTWKH6w9YMZKgRb6JSCgp4NeMenejxyU4JB7nTU,,,"Skitz81,924 followers"
doge420,doge420,https://pump.fun/profile/31CJCZ6FwRzBDvrF35ALMa66RGLeBGECTRnpTyRBvCA2,,,"doge4201,897 followers"
pancaketrader,pancaketrader,https://pump.fun/profile/852AYXDfov8Sok1v3Joc3BRHG8L4HhxJTav7B73PP8SK,,,"pancaketrader1,912 followers"
los3r,los3r,https://pump.fun/profile/H5jTJZwE4NErGjahwhu6SCoeWJCA6zitBSKWqKsjbN3A,,,"los3r1,880 followers"
whatintarnation,whatintarnation,https://pump.fun/profile/H6LJKeQrwwUu2izYJZ36zDSMwRTbQQ5ti62acqwGZ5DV,,,"whatintarnation1,860 followers"
zylo_club,zylo_club,https://pump.fun/profile/Ga8AGfs9DeMgiMMfZek4EbsC99Rt5C2VvLPaPAci17MK,,,"zylo_club1,842 followers"
eon_alpha,eon_alpha,https://pump.fun/profile/8FqNankeewoVVvhm49mFSGJdK7ubiVFsQFCsiNCLL3Rv,,,"eon_alpha1,818 followers"
7,7,https://pump.fun/profile/FTg1gqW7vPm4kdU1LPM7JJnizbgPdRDy2PitKw6mY27j,,,"71,781 followers"
orangemane,orangemane,https://pump.fun/profile/2qciQZEFymDEfred2DNw7r8CqZUneGQ2V4mdtZ4gJnni,,,"orangemane1,780 followers"
99cpd2,99cpd2,https://pump.fun/profile/99CpD2HUv1dm9rHfuGH7pE5f1PFUc1rYMjLKHxPFuEDs,,,"99cpd21,749 followers"
chris_kyle_og,chris_kyle_og,https://pump.fun/profile/3VSPtEBgfrCHS7UoessBx1FF275Gkw3CeQswR9pCZznS,,,"chris_kyle_og1,721 followers"
4dev,4dev,https://pump.fun/profile/GiZCKyxWXMZ8t2KAYFrvmAqqyP3SaYv9M3RQqwGBqgNh,,,"4dev1,707 followers"
gcfezz,gcfezz,https://pump.fun/profile/GcfEZZXooCD2et17qbg29ujwTxNCAUtzXu7DDhJR3cA1,,,"gcfezz1,708 followers"
btc_wzrd,btc_wzrd,https://pump.fun/profile/FtcBAZTttxaCGUTyWmvMm5fvvDRrawo2GrN8wYCnZY1f,,,"btc_wzrd1,672 followers"
pumpwifme2,pumpwifme2,https://pump.fun/profile/3MGMMj3M3Apdap97eBAhKyVNgotn5d4WvM7Fj3SsYkCd,,,"pumpwifme21,669 followers"
pinkp,pinkp,https://pump.fun/profile/EWuukFD1ovTSTn3d5KJkJfacbAamdRfrEPie9cRr8H2C,,,"pinkp1,653 followers"
2s6zrc,2s6zrc,https://pump.fun/profile/2s6zRc2WgitMmtLLfSfawMSjoVHVhXMi5haQ3HSFuz1p,,,"2s6zrc1,649 followers"
jeeti,jeeti,https://pump.fun/profile/4xo4ho3kWRRWXtD6wQgMwbsmNowjfgShDGpMETbcBrTJ,,,"jeeti1,637 followers"
88,88,https://pump.fun/profile/8fSnLTnRViK83dDesivTsPx2wiRhwti9xoafeMGjEyLJ,,,"881,619 followers"
8bit,8bit,https://pump.fun/profile/EVDV9jkJx3E7U2vfsZkKdYjKv7TFBZGUv7ekZQdjnJCe,,,"8bit1,615 followers"
a523x1,a523x1,https://pump.fun/profile/8xmyjckPQKvwJhSjwvWJ8dzS6eqPETZfJTFdJd9nS5ed,,,"a523x11,603 followers"
yethoven,yethoven,https://pump.fun/profile/6uZFBTybrbAgzZ8bDjPiEsSS9CLoVDLLqsQNVjcGby46,,,"yethoven1,588 followers"
basedevvvv,basedevvvv,https://pump.fun/profile/5fEGLsqPQqRY8HKu3NDebtpxdudB9akCNGo9cNa7N1oa,,,"basedevvvv1,565 followers"
mistrefrog,mistrefrog,https://pump.fun/profile/HR6117RwUfBnMMZqwYXMFziZobACbP2MJ7rJrWyYFb6d,,,"mistrefrog1,535 followers"
mahn2w85s,mahn2w85s,https://pump.fun/profile/4JCvxuyxw7ELSGacQKQ72qT6oxWrNv23rcaLUmhW7vuh,,,"mahn2w85s1,505 followers"
MONIZ,MONIZ,https://pump.fun/profile/HGtT3hvJyk8XjB9Js8JRcdbSezXpQwZ5cGcAH89pz4Zc,,,"MONIZ1,505 followers"
challenge,challenge,https://pump.fun/profile/4s6oejfCr2kTcQcqZJN62PVatX8eSvfiFCcKLZRE9BxF,,,"challenge1,486 followers"
kk168kk,kk168kk,https://pump.fun/profile/8qHzq3mbjUaRDrP11vfvtRYKvnQgDqrTqxKajpndiwvM,,,"kk168kk1,461 followers"
basswolfishonx,basswolfishonx,https://pump.fun/profile/AkspjDnWsDD45hwQQyy2EYmTcNCezSfhXo456JMexu8z,,,"basswolfishonx1,464 followers"
dotexe,dotexe,https://pump.fun/profile/3t9imm7mAqx2xs8A1RCcYnYiSiyP4RntSrSZ9zG5ekR8,,,"dotexe1,448 followers"
pumpman7383,pumpman7383,https://pump.fun/profile/9EnbaVoFqvh4vjz5GWzoo5ZSQp2soxp3n4wNjmKSqepA,,,"pumpman73831,452 followers"
trololol_io,trololol_io,https://pump.fun/profile/hQmkJVU4iWgxCHZvVACpVPa1KN28oGxXpRmcYzYNwck,,,"trololol_io1,444 followers"
ARCHERSE7EN,ARCHERSE7EN,https://pump.fun/profile/4SykqUd3QjFUU7te3DdEPVeCmTfw3njj2UJ3W2tHv1gA,,,"ARCHERSE7EN1,448 followers"
nowornever,nowornever,https://pump.fun/profile/CMCA2xMzqH7Mir1GXxgXDBEgRd7ZgfZdYAuj2HUgijg4,,,"nowornever1,432 followers"
realjesus,realjesus,https://pump.fun/profile/AHPbYfWjk5xZtgnh5ZvSiHSCvuEWYAoh2rj5xTWTLNY8,,,"realjesus1,435 followers"
blake_gem,blake_gem,https://pump.fun/profile/CCyVKK4naZp2iEYApSomJrefGCxBKQWc9mD3314P2Qph,,,"blake_gem1,420 followers"
belowmegay,belowmegay,https://pump.fun/profile/Eu4bMDFM3BTCCXRP6q2kCokMMMq52TeuK6SPRn7sQr49,,,"belowmegay1,413 followers"
Fuckyameme4444,Fuckyameme4444,https://pump.fun/profile/9bruXr7mY779KbmjAqSytQzsgQfa9nNM8RpGF99yikao,,,"Fuckyameme44441,401 followers"
knowbodyknows,knowbodyknows,https://pump.fun/profile/6xjdM3XQZVhnTG7VKgMSLAF6D3PWWsuqBVSVeaZpjdtk,,,"knowbodyknows1,401 followers"
67dih,67dih,https://pump.fun/profile/3b2C6vXQ219hQsjzFxukmWWUnnBX6sLppZL63uDHWLeR,,,"67dih1,384 followers"
sigmaonsol,sigmaonsol,https://pump.fun/profile/HQKRiZCreXr8WsgDUPqQfftrrHK4XLhacy4yyjnowYx,,,"sigmaonsol1,385 followers"
geo777uu,geo777uu,https://pump.fun/profile/EdGEqjcJ7XsiJ7K8y4hDwjccKbkY276DZDhTAPSuPXHd,,,"geo777uu1,359 followers"
liam_gamble,liam_gamble,https://pump.fun/profile/7qeCLJoK19Yx9bxacARBCC4QxFzAwVW5T4v5Cnw43Aoj,,,"liam_gamble1,353 followers"
Wickfiller,Wickfiller,https://pump.fun/profile/Cb6DNhpNsJWJwGq6F78bS2JHobBvdnhLtQijSNVva4da,,,"Wickfiller1,340 followers"
giv9legend,giv9legend,https://pump.fun/profile/GiV9dAoMeBsCQkpALumZWQWKEU6rJSF2dsEK57v7beKB,,,"giv9legend1,325 followers"
pump_1beeed60,pump_1beeed60,https://pump.fun/profile/DPChg22Msgr4cTPGsGQ2nTd7GRDZmzCpiPEP8G6pdywF,,,"pump_1beeed601,334 followers"
phonzo,phonzo,https://pump.fun/profile/B5VKuzdTC8wfePuRCYcGYHizjEdgJq5xMkoCHHH6317v,,,"phonzo1,303 followers"
frogwifdev2,frogwifdev2,https://pump.fun/profile/AxmFqz3pbhj6HDK9dC1u7LsYP3rbsTJyKkeCMSpAxrgU,,,"frogwifdev21,294 followers"
buyncry,buyncry,https://pump.fun/profile/CXoUJHtBGnuNR6zJ3zm8nTnNzCwXxFViXh29d1kTJQmK,,,"buyncry1,254 followers"
hbgwn,hbgwn,https://pump.fun/profile/HBgwNenpM6kAVDL9jJ4RayVz9KUkjaurJJ5EncrtcTVV,,,"hbgwn1,251 followers"
centurymeme_com,centurymeme_com,https://pump.fun/profile/8MFpUTHy2EyYS9gtTv7GHBKzUhUdnmVa7nxDwEoSeLtD,,,"centurymeme_com1,247 followers"
dollazblock,dollazblock,https://pump.fun/profile/HpbGQurKZdpX4ZeWcJa8ZFmM1uSLtVutBiZ12bonxtos,,,"dollazblock1,243 followers"
skillissue,skillissue,https://pump.fun/profile/4yXnqwKCJAhWrXvKSp9VCvfLNXxvaYRKbvd2uHXzaf6k,,,"skillissue1,244 followers"
97mFtF,97mFtF,https://pump.fun/profile/97mFtFTUaPiKSSK2Y8VQ3cXAXsvHURC7h159C7NhF1KP,,,"97mFtF1,247 followers"
TIDO304e,TIDO304e,https://pump.fun/profile/3q8ZQPCdGmMznLTRkegdZ7LtGAt3HAEFBaypu3dSrL8H,,,"TIDO304e1,239 followers"
idosol120,idosol120,https://pump.fun/profile/G1jPnhWhsoaYCf9j8vTNp34iCi6Jr2GF5uXWny4uqeSs,,,"idosol1201,208 followers"
mylovefory,mylovefory,https://pump.fun/profile/EHLzxDc3rVaAgSaB6EwiTppgZT9rtv59mPCjj6JG99b7,,,"mylovefory1,184 followers"
choppppa,choppppa,https://pump.fun/profile/28YhrJLALBnpqfbcMfdMLX2kqTT5tdGdzugFLKP9SyvE,,,"choppppa1,157 followers"
eliot_calls,eliot_calls,https://pump.fun/profile/66qU4PqYyRKirbwTAz1mASSRrCgrxqSReiiygyspCof4,,,"eliot_calls1,155 followers"
0xsniper,0xsniper,https://pump.fun/profile/Xatt2uaAnQY3tmT98EaUeRrrp1QFeCNnQrqKf1GY7cC,,,"0xsniper1,140 followers"
baby,baby,https://pump.fun/profile/GcVjKfW8qKTSuZZkeM2gQCB1cxgznQQUnvY4u8a9r2UF,,,"baby1,132 followers"
handsomefi,handsomefi,https://pump.fun/profile/6B1kaq56xp9GzNScESy93VnqiD63xF9ubhdeJbGjhJVc,,,"handsomefi1,141 followers"
amazinggrace,amazinggrace,https://pump.fun/profile/25wgeMZLV1BPJtWMXb7ZwNpw8CfpF3M5Xeow3VJBwzN8,,,"amazinggrace1,118 followers"
patasko,patasko,https://pump.fun/profile/f4VoZmJSj5hKidfnbjpP2Szuir92jwZivqrsTsFcpip,,,"patasko1,122 followers"
Pille,Pille,https://pump.fun/profile/xMPPhH8df52X7XX76pQTGGaDAkRuUx4xy7MFxf5EXc7,,,"Pille1,104 followers"
topgtopstriker,topgtopstriker,https://pump.fun/profile/4jRX4iW2F5wBnfYMyB7RjS2PU5MjXrST3fB9DoV4BjHa,,,"topgtopstriker1,100 followers"
phantom110,phantom110,https://pump.fun/profile/AKBqTfczZouf73DXjHxC6BtoXwdoC6ZNo88v3E9PqYY5,,,"phantom1101,095 followers"
narracanz,narracanz,https://pump.fun/profile/4dYUhm1jYgFdWESjfXc5bt6A2wtq32VYBvXyxzDMoUQb,,,"narracanz1,098 followers"
masters01,masters01,https://pump.fun/profile/7uU8Dk8dFjmSfMhjft7eAUe5QB2eewQhQ2YMMpj48GKN,,,"masters011,069 followers"
kittycats9,kittycats9,https://pump.fun/profile/CkPgUhSrqAD2J3p8HAe8wJAJz34eZsnZhgBMkxNGSA8W,,,"kittycats91,071 followers"
lnt270,lnt270,https://pump.fun/profile/J4YEj2niLy6y2sxrRaSkCKwADew1vSqiYc3vYPDUUYSJ,,,"lnt2701,071 followers"
tbd,tbd,https://pump.fun/profile/GWB4y36k6U5SUbGuiUnwaqd4HrraxpXPFaP14rYuVJhq,,,"tbd1,066 followers"
pumpintern,pumpintern,https://pump.fun/profile/BbFzxYvGdBC5MHrebyWs95e4r5PpHiELxeFJTLbxEpC3,,,"pumpintern1,065 followers"
blacksmith,blacksmith,https://pump.fun/profile/2j7Ujd3iJRsA7MfC3V2JKdQbJUf7VRnnpSsLJ7As4JPV,,,"blacksmith1,058 followers"
Ayp123,Ayp123,https://pump.fun/profile/B2nYZGBhRT7WvH9zqjMe3CQVwgdpWWxo4mVFphbk87bV,,,"Ayp1231,061 followers"
rugalerter,rugalerter,https://pump.fun/profile/Df41NdE3qBCavq2biMWG5tZ6JHa76DYVTP8r8D6XprT9,,,"rugalerter1,057 followers"
bhgjjdjkl,bhgjjdjkl,https://pump.fun/profile/F11WGoxZ421Dh4Nz765UaUL6rnojvFaCmrxRn3DRp8KY,,,"bhgjjdjkl1,049 followers"
vibecheckbih,vibecheckbih,https://pump.fun/profile/ApoHSUUtK2AWxrM7XTcyjwVLs3q1eJCobFMHbHWNrqqA,,,"vibecheckbih1,040 followers"
DPumpFun,DPumpFun,https://pump.fun/profile/5No7XrRQjfedo2hRdxtZzk9hQf8MS3CgqMf6orXLTs1d,,,"DPumpFun1,038 followers"
FudExCEO,FudExCEO,https://pump.fun/profile/DUFxhtpCCnRSUUNkoTtc39RE62oDVrqbY2uFThwbo4ub,,,"FudExCEO1,032 followers"
seek3r,seek3r,https://pump.fun/profile/4hmTFFvh2UrHAAAaisTYck5MCzEWxxXyATXzF7kqyBT7,,,"seek3r1,035 followers"
just2,just2,https://pump.fun/profile/E1CntJUye6uca3LVCX1YHKU31RG83NcUV2xeiRrzgVZw,,,"just21,012 followers"
hwyfaq,hwyfaq,https://pump.fun/profile/HwyfaQxwhDukgWLHPu7hmsZ1fnzV4jab6WfGU8nNYJMh,,,"hwyfaq1,014 followers"
PattyICE0,PattyICE0,https://pump.fun/profile/Dzj1i4w6DNYVHPAwUpdLqSraRCLGgWTQn2mHAsBVmUSF,,,"PattyICE01,002 followers"
doglol,doglol,https://pump.fun/profile/6hi7UFaSHLQcqrf6DTjBEb9cax9KPv1oNm7PTRnUN7BL,,,"doglol1,000 followers"
solbumpbot,solbumpbot,https://pump.fun/profile/H9QCnX4QjuQhV5QELdxAqq4oSdVYyFCXhXXsoaSpUoaN,,,solbumpbot989 followers
tf0912888,tf0912888,https://pump.fun/profile/Andjt44X9Zdr1gVtVb8JgoA5YEH5mRgkRhypjhpGxabW,,,tf0912888982 followers
alphapepe,alphapepe,https://pump.fun/profile/7Zc9CxVHyi9v1fL2nVtCeQSNy9G36GcwFZkfjVkHGSSh,,,alphapepe973 followers
d7x2bcm8,d7x2bcm8,https://pump.fun/profile/D7x2BcEwZoj4iqXQYqACjBm5bUedDm8jAFy2yognM4BS,,,d7x2bcm8970 followers
Imran_xbt,Imran_xbt,https://pump.fun/profile/8y2kFm7JrisbBW8ZUgxennoW5LLqFa3LPnxRs55JfYGq,,,Imran_xbt959 followers
xzmao34,xzmao34,https://pump.fun/profile/3mL9kH1KqbpFcY9Ry5u9xfZuTSiA2BDTUC6CX9GTLs2w,,,xzmao34959 followers
sar346,sar346,https://pump.fun/profile/EBHD1bKWTQp34tsQYM7Mvjyy3ku6X8amiCEBv6GzAgFv,,,sar346956 followers
8nhwgu,8nhwgu,https://pump.fun/profile/8nhWGUBwymMYubmbwpWgvzX2JH9sec23hi1thHvvcow4,,,8nhwgu952 followers
conjurer,conjurer,https://pump.fun/profile/CXLDHGUCq4HwCETFyV2fVWEKYKeSApq1RdtCGYuq3ZNg,,,conjurer927 followers
AllRounder,AllRounder,https://pump.fun/profile/4DZdVqWSqs6zENCbcmFxJpMubiqbjHrQZuWPw3Hj5FtG,,,AllRounder924 followers
s0rry_sms,s0rry_sms,https://pump.fun/profile/9TEBDKuDLPqp7eGMKPFqKkfiurzSp6EdajftW6xc8nds,,,s0rry_sms922 followers
NEXUS0x,NEXUS0x,https://pump.fun/profile/5EJNbsLMzvukJt49jHXV1Zcow9fDmJEdtAUpZTAYH8EU,,,NEXUS0x907 followers
alelu,alelu,https://pump.fun/profile/AfWosfXqP4YkjzUaULhbCMgqVwECsFPyBtX2pzmCtH6d,,,alelu915 followers
6111,6111,https://pump.fun/profile/3K9CwHFCBGxnvoAoNzigW4ajHnT9rAMjVSSwkXg7XfcR,,,6111915 followers
thebrokenheart,thebrokenheart,https://pump.fun/profile/3z7RPM9YFpYfQ6khTpHF3gZ3MLjXBou5K3NDx17i856G,,,thebrokenheart905 followers
2x9za,2x9za,https://pump.fun/profile/9z5o33hPsBFxKtn2tEb5oHBcHQNAZBzLodvdTcNcTrbe,,,2x9za901 followers
buwad,buwad,https://pump.fun/profile/7v4EwDmkwBvpadid2L8zActcxmj5jCzfZV1Uz9a9w36G,,,buwad888 followers
fuckj33t,fuckj33t,https://pump.fun/profile/Ffb9SFFAFgBhiEU1XUj3r4JEz5Rva7SUfEAJWFinpUau,,,fuckj33t883 followers
baseddevmm,baseddevmm,https://pump.fun/profile/Esckw5xdjhja4NqYpVJ68ByggRvPdETcPgQNw8CzBLeK,,,baseddevmm879 followers
radicalriggs,radicalriggs,https://pump.fun/profile/9vEg5cH3t8y1jXZ27gRQrQLckh41FBuduprQ31W3vapv,,,radicalriggs880 followers
sohidudehomie,sohidudehomie,https://pump.fun/profile/5EUjf4oPLzrA7w7M9EC9fDEyBBjkAVS4QgqrZhRx3G9s,,,sohidudehomie874 followers
devisacat,devisacat,https://pump.fun/profile/4gXPCmmVbAsqH8VrDD1eL93U3rGar7hUu2ChjhM99dDt,,,devisacat867 followers
Ormuzd,Ormuzd,https://pump.fun/profile/554u9Rwm2wNRcMQtoCW6ZtnqYZAfaCKBh44rKVZCUfYa,,,Ormuzd859 followers
SoylamiMan,SoylamiMan,https://pump.fun/profile/8bpA7gpvuaE2ZjLAYu6xma5xb4pGqot8YiWQxXFQs1a4,,,SoylamiMan850 followers
broke20,broke20,https://pump.fun/profile/4jWWqx2vaExs9jFhoq9B8yptKfcaHJfDZsj9GdzetPAT,,,broke20846 followers
cas12f2baa,cas12f2baa,https://pump.fun/profile/7abfcbjFKoeeSqMAGMQAB1ATEE7imuQizMaME8VLVTWb,,,cas12f2baa848 followers
AB1qU9vv,AB1qU9vv,https://pump.fun/profile/ABqUvve1zKeb6hbhKkMTEGgezhSCuTcgxd1cpPMqtQJu,,,AB1qU9vv838 followers
LoneWoIf,LoneWoIf,https://pump.fun/profile/5R7fQjhed9DDcP6iiV68mjWp7pGPfxfaLtUZKpc7ae2G,,,LoneWoIf835 followers
122woqpa,122woqpa,https://pump.fun/profile/HSosWhoCLVXX5JmSRmaSTEDVHzjs1Sw8dvGawQNk9szK,,,122woqpa839 followers
imnigga,imnigga,https://pump.fun/profile/3PdAg7kAt8RhRUE8XkNvYynbmmzQs1Hon1XHqBj8mXNc,,,imnigga828 followers
sophia_alertsx,sophia_alertsx,https://pump.fun/profile/4cLTHmj1wxHmLts3iqGN3RnQR8NTQAs1RMMcFiwL4rmY,,,sophia_alertsx808 followers
LanaDelReyy,LanaDelReyy,https://pump.fun/profile/DHMhyzMkYXPtDU7qDSSWSkaEGxTkCw5g9qoxwdDUmJSd,,,LanaDelReyy802 followers
hardr,hardr,https://pump.fun/profile/5c1YsCJgUBuYgsSQb9xFfpxzvgD9JjSy49EjttAySYei,,,hardr795 followers
UFD,UFD,https://pump.fun/profile/45Y2i9ujmHYxrX6GvNC6EjUX57kd9zPw8GFsTLVrTJH5,,,UFD787 followers
godtier,godtier,https://pump.fun/profile/HU33H9Q8CA7hpyniN91rwgZwaABd7ARbzQWgEhsERdnW,,,godtier783 followers
luthervf,luthervf,https://pump.fun/profile/3SfMd2vmrKqQHbq898nvqtZNbogjDEcANcUGmRaeV4bN,,,luthervf783 followers
itismechaddy,itismechaddy,https://pump.fun/profile/8KW8dL9iw3fxQur96sTLUVJUj1dyHUG36DnKa6WzwnvX,,,itismechaddy780 followers
Deeze,Deeze,https://pump.fun/profile/3oA1iwke71hJbURwKRPhvdtkc8YsL27ivCGyeWHxxn76,,,Deeze771 followers
MAGA1,MAGA1,https://pump.fun/profile/7gLVfZavnRpuN5iFQQYAvRpbyvNkARhy2sURRvgsaFby,,,MAGA1773 followers
cakeordeath,cakeordeath,https://pump.fun/profile/98sVcsvXcew7fwf5zqRo8aec24iAS5yykSZJvofUxKJg,,,cakeordeath772 followers
pumpGENERAL,pumpGENERAL,https://pump.fun/profile/DEGKj8usAYPcy59H13PfkHAhMkGCCTBDzg7ihvHDLLXX,,,pumpGENERAL770 followers
9x9hwuqq,9x9hwuqq,https://pump.fun/profile/rFSt7YXdVPSqLMXtywyz5NnXGwVXsLFwkugESuwPahd,,,9x9hwuqq776 followers
godblessin,godblessin,https://pump.fun/profile/BeUr6FX1JiscB5JKRUwZgQE1CPJLLeE63BpK9U2TpKoH,,,godblessin770 followers
PepeLePewE,PepeLePewE,https://pump.fun/profile/coux7YdtB6yfSb2asFqfUPdqzAibMrUBKnT57sNn4A3,,,PepeLePewE771 followers
delusional,delusional,https://pump.fun/profile/C7QSo9bj1v6qfxU9T3qxKr7JFCHLaSi2nTKTa91jm38x,,,delusional771 followers
idiotware,idiotware,https://pump.fun/profile/FAeABkcdDPDEe135WDQnDAKUZJ6RtU8tVJS6DHB4SU4T,,,idiotware762 followers
boldotterspinni,boldotterspinni,https://pump.fun/profile/9PwMQak8LFpPq1pM9udpjZgJAGZe2GuztjVpmhngXg27,,,boldotterspinni769 followers
yeloooo,yeloooo,https://pump.fun/profile/48qeG8ZmnM3ZnsZu4WouUjz8fMAwUSma721o4HJ5qJBL,,,yeloooo761 followers
82peituu,82peituu,https://pump.fun/profile/84pEiTequPY3N4kHpmPu59RwcZHYCPRnPqq973SawLDa,,,82peituu760 followers
lasik,lasik,https://pump.fun/profile/CfBoFQ3tRrKhhjoXiocdVFJ9WkCzQNwbEK8uBZ6vRnrR,,,lasik756 followers
buyer_09a1b699,buyer_09a1b699,https://pump.fun/profile/FAiCoJLwYD1iCtRtW3AZP7GejAU2RtvA3ZL1nNVj4f8i,,,buyer_09a1b699750 followers
ASED_DEGEN,ASED_DEGEN,https://pump.fun/profile/FCxAWHaQZAB2KgvVXSfAcYdAKjW2EUcKbTF53tcFmMG8,,,ASED_DEGEN752 followers
Agent47v,Agent47v,https://pump.fun/profile/FxtASfwFTmigVUveL475GQLy9gMMcKkm5SMtWUmbk5tT,,,Agent47v745 followers
mebbs,mebbs,https://pump.fun/profile/6Z5yqoDsoTJgbqMpystRhWz94SSWnTYr9xMvvV3EYoFK,,,mebbs734 followers
smokebreak,smokebreak,https://pump.fun/profile/CtNCZL1BKGQEL8hK1PPb1YMRD2g1HrVar7UNUxkHa7Fx,,,smokebreak726 followers
rick_pi,rick_pi,https://pump.fun/profile/8oRZGW7wDEkmxMWhRo7eaQes4zR1smh9Q1wDwiDaCKnx,,,rick_pi720 followers
ALLMIGHT,ALLMIGHT,https://pump.fun/profile/EwXBs9UrKJANSPecJKTcMnVpJyFBPvePoPggubec3JhZ,,,ALLMIGHT724 followers
TOYOTIRES,TOYOTIRES,https://pump.fun/profile/Hw57caKZwGSLLFDTjAKGkxxNZbYSzLwWTgTiYcLKyrBz,,,TOYOTIRES717 followers
_fml,_fml,https://pump.fun/profile/7Tw64kPKQjqDfUQaDXM2Zg84Co3vHCsmAGnBzWZY5rrU,,,_fml710 followers
itakewelfare,itakewelfare,https://pump.fun/profile/JCaVUw9v2C3GjZgZqpxxwYZhcaiVkrDUEvVDQcoKDGSG,,,itakewelfare691 followers
trench00r,trench00r,https://pump.fun/profile/CESnm6y5t5X5B3YnUaq4mg2Nchh8Hdpi4QFT4byKLfKh,,,trench00r684 followers
billyinthehills,billyinthehills,https://pump.fun/profile/A7gLPkGZYuozqzowj7thkkfM9mA8t3aYG4Aqe5kK8GPJ,,,billyinthehills674 followers
ar_1400,ar_1400,https://pump.fun/profile/7MPczaJHM6wWPE2sDRrNk2ACfhRspBqvfDtpmaHfVyLS,,,ar_1400671 followers
crypto_goddess,crypto_goddess,https://pump.fun/profile/GX8uEc7QfTxkLz7xMKyrVzWHhFvrTN56oxMCfsfyWRSy,,,crypto_goddess673 followers
dune_insia0e,dune_insia0e,https://pump.fun/profile/3M758JfhfBiALa6yT7jDUyMEteygCtqvc6aLFsPYmxJx,,,dune_insia0e667 followers
niggerguy,niggerguy,https://pump.fun/profile/FVQqw6g66KEXCDCwu5GLr6MU6bzfrK7H5skSR1YEHSwF,,,niggerguy667 followers
bluecryptobabe,bluecryptobabe,https://pump.fun/profile/2tuJCPYFwcExqDdwYeRnkEw9kto6SnZ1mRa3S9CxX5a6,,,bluecryptobabe671 followers
melvinnn,melvinnn,https://pump.fun/profile/FbcGMjo8sfxQukF2af2WVUzzpimHfibAiPKc1CBKK8MH,,,melvinnn660 followers
HEY_Gay,HEY_Gay,https://pump.fun/profile/BSBKKMxPzwNvj41ZW8LQbg7pzDyz4UAs8h4ut8FSAmob,,,HEY_Gay656 followers
fiw777,fiw777,https://pump.fun/profile/FiwjgGxrWeq4Bjnf9nNFA1wdWZCCZyLqgureN7qpEowi,,,fiw777653 followers
afraiddark,afraiddark,https://pump.fun/profile/BMh9ttUC7YXoQRPFqBn72BPagp59ymcNH7GYiTYmUNAw,,,afraiddark653 followers
disaster,disaster,https://pump.fun/profile/Ei3rMnB9MUmgK8g677G2z9iSooPbrCJxnSndcJ4srwcs,,,disaster648 followers
holdmyyeet,holdmyyeet,https://pump.fun/profile/Cxh9vrtFwBPjNZ36YjwAeW6KobMenmAHgoa9Bmfvxbc5,,,holdmyyeet650 followers
w_dev34,w_dev34,https://pump.fun/profile/4WNKVxamuSYvt8BkVzXpEdU2M4CsmtrGuXGVu8RyysEh,,,w_dev34641 followers
memecoin001,memecoin001,https://pump.fun/profile/3M9oWHiCJkFC6UFVyhhpSofvKos6wHBX7LRKCHsazfSZ,,,memecoin001639 followers
0xkkk,0xkkk,https://pump.fun/profile/CAkLz9Y1uTtFgC33pAVnVcu5BHZUcH8dfg9k3CaaPC9C,,,0xkkk632 followers
connoisseur_,connoisseur_,https://pump.fun/profile/5rEjUYuwTkfvy6zsANJGhh7DjXRnTCnPv8WbQoyxRHD2,,,connoisseur_635 followers
pumpwithalon,pumpwithalon,https://pump.fun/profile/CqUfWCZQwrEJyVGDnogeFgNnG5Y422R7VMcVo8Cz3Rvo,,,pumpwithalon638 followers
0lympichero,0lympichero,https://pump.fun/profile/7ahC93iuYDA27AmvXHfj6x8eKn59F6eXHG4kH1sT37KE,,,0lympichero623 followers
leeryfealboxer,leeryfealboxer,https://pump.fun/profile/HRGr4ckC2y3zTHZ77gLCMPR94TpXrEw84sUQsMoovCR8,,,leeryfealboxer627 followers
sara_jeyso,sara_jeyso,https://pump.fun/profile/DSCuqYKbFSWLYB3fwFGcZJw3BMTxZN65WvhBM6GjKsfu,,,sara_jeyso627 followers
Troll4Eva,Troll4Eva,https://pump.fun/profile/5CE6xfXd6o6viNY8bFxj75F27xA9TCL94k5og9TYDCTc,,,Troll4Eva628 followers
daumen1,daumen1,https://pump.fun/profile/13SFZvoFpWgosd18n6bsZnF4KtooZJmZgJyDLNBnVcpk,,,daumen1619 followers
uuwuu,uuwuu,https://pump.fun/profile/HiXrRE6bynQqBqZsNsi8mEFwevNQFke4nUm4JzHpofea,,,uuwuu602 followers
pumpfunceo,pumpfunceo,https://pump.fun/profile/HFZuYsd9i5iy8U2f5yCmi78t1h5Lte3eoHQVMjq3bjMq,,,pumpfunceo599 followers
dedudev2,dedudev2,https://pump.fun/profile/4CASLGRDzSNKyx81hLeH6NdNjGAUX7GDJCZJbyoJcW82,,,dedudev2596 followers
kairos_100x,kairos_100x,https://pump.fun/profile/4dmpFJyGzvrRaMj2idvmi82nx45zdACtJ2kqEnGoSDvc,,,kairos_100x599 followers
louhundo,louhundo,https://pump.fun/profile/D6uRAUBVBcii6qNgzWw1SVuqSXs73SZBfYiWDuxBAXM3,,,louhundo595 followers
MissSotoshi,MissSotoshi,https://pump.fun/profile/54Ygxec1Fe8CVnQpaYRSDx5BapFWhqycJoMaR3c1qupS,,,MissSotoshi589 followers
lordo7,lordo7,https://pump.fun/profile/57XcaxB6899CuudzHjuVGgvwSFtUQYVEsvUhWyjhBgqA,,,lordo7581 followers
wayl,wayl,https://pump.fun/profile/AEVBLSdFeRnSsGaW9avmzJGDkPwaYMT2K4983QqEuw5U,,,wayl583 followers
404boy,404boy,https://pump.fun/profile/31JcG8fG1Drhbic1dEJqYRK8vYzrhpJ9QaRGJbyKs5Cc,,,404boy577 followers
arianagr0,arianagr0,https://pump.fun/profile/GGaUJPbiPRwXqtzVN66rRrbqn6uRTnbKK2d3zvdwELnw,,,arianagr0575 followers
footy,footy,https://pump.fun/profile/G4MhFNTd3L9p4vDgoSQSYGcQgPA18sBwYeTvtkYRo1RW,,,footy570 followers
010101010101010,010101010101010,https://pump.fun/profile/24Ng7EtEYMoktBAS9mG7LXq5uDChsNESsbQFuqKVqyAy,,,010101010101010568 followers
noblekraken8546,noblekraken8546,https://pump.fun/profile/8xMNeWRaw2jVP5YEaFn13NmbEac9kyL2yTmp9PvaTEvj,,,noblekraken8546568 followers
xztezrxyu,xztezrxyu,https://pump.fun/profile/4A29ZrCxycDQknBhZ3wKZ89bZrUjDzibR9MA65KqJvZn,,,xztezrxyu559 followers
thebelievingjew,thebelievingjew,https://pump.fun/profile/w8mN9heKAEyEdtST72L3eJMTUuqbw3mSAbcGuDD1CG9,,,thebelievingjew556 followers
i_am_aemon,i_am_aemon,https://pump.fun/profile/HpJbzERP44V21mKGRDDUArb9JJaL9NdPSgXzZ9uyieVB,,,i_am_aemon544 followers
thecapitulator,thecapitulator,https://pump.fun/profile/3oE9N4xEZ4i7DDPEWB7PPBRr1kQ3nRWJUUqcma6pD8iS,,,thecapitulator536 followers
secrotdev,secrotdev,https://pump.fun/profile/Ab3J3zoKMXFz5yLjn54gUB3dvYmzg3MCun1AjoL8aiXw,,,secrotdev536 followers
mrcashh,mrcashh,https://pump.fun/profile/65FhzS6wK5TvPzmYxupZ1uPXE13P53eGaHJv3HxwNXjg,,,mrcashh537 followers
porsche,porsche,https://pump.fun/profile/HCQb4Qrtk4qCfChDH8XvM5onymmCSmRj9bddV6QCPdRe,,,porsche535 followers
jit,jit,https://pump.fun/profile/HtucFepgUkMpHdrYsxMqjBNN6qVBdjmFaLZneNXopuJm,,,jit532 followers
CHAD_ON_PUMP,CHAD_ON_PUMP,https://pump.fun/profile/DUN2SrAzQkoUEiXfXeehhgxgLz7r36tqaFwymEfUkYug,,,CHAD_ON_PUMP536 followers
eaglewlfi,eaglewlfi,https://pump.fun/profile/GjxkUFVBaLuFEFad1qQxpfUDvZLV3K8p73hZeVmV5xjV,,,eaglewlfi531 followers
wagmishrimp7744,wagmishrimp7744,https://pump.fun/profile/7jRBWjzxgAWexRoMn5efynuhNxH5n639dfoxRWPcgyiS,,,wagmishrimp7744529 followers
supernig,supernig,https://pump.fun/profile/WkA3jFjdEGGX6AHrFNRVRwKLqSFoKBbyN8gQYiU4x6w,,,supernig522 followers
noah_profits,noah_profits,https://pump.fun/profile/5yNnZNhn6jwWshAni8BHMN8X1J1yGRBCN9YpoonavB6D,,,noah_profits522 followers
orca,orca,https://pump.fun/profile/5rwWkuTJQvt8h2mQaVXEKYXdyuZ6G8T8o84sYFEEkDcE,,,orca520 followers
longbow1979,longbow1979,https://pump.fun/profile/FnoKFjsQUET9teSkFmEDxqst2SDRCPecFVFXt1wrQMuH,,,longbow1979522 followers
mrcommunity,mrcommunity,https://pump.fun/profile/BeSWD57a6wsCszgsMZ3iePkyHAEjGdhhiBygc4ndu4So,,,mrcommunity517 followers
don,don,https://pump.fun/profile/5f2xak9W9yrTTCaEZxf996ZBsFzUUZdEsCG6uZMKgBLq,,,don509 followers
permp,permp,https://pump.fun/profile/4Asb48K7oBvWuuqgajjvm3WfBeSYSiAE83JjoRxKq4jM,,,permp509 followers
buysignal1,buysignal1,https://pump.fun/profile/36jMMG2hWBYWV7zvRuWqfFPCJaDLSpMGrUGfJY1Qj2Ho,,,buysignal1514 followers
weemz,weemz,https://pump.fun/profile/4w6MKjj8R7gtoPviXhpFvy22xK7w2MFMQKn91mj9LCXM,,,weemz509 followers
psyph3_r,psyph3_r,https://pump.fun/profile/5FD5ydoZCm6CvP4Vmwtegxa2CX1Pfhv5NxCaxXPABt36,,,psyph3_r508 followers
bigdealio,bigdealio,https://pump.fun/profile/5Z9cjqLXPVWJLEMHCCEEWqJMJCr9QWWBqee7LVkgmoY2,,,bigdealio504 followers
vonconspirator,vonconspirator,https://pump.fun/profile/CgB6UXWGLBHVKhU5tLeWH9uZiyMkbGnsMiXj8MXjwrU3,,,vonconspirator501 followers
assfartcoin,assfartcoin,https://pump.fun/profile/8fe4tgnztEYLYebyca8EiHkKMG6Ds4Y9zFeZjesy3RGt,,,assfartcoin498 followers
usor_coin,usor_coin,https://pump.fun/profile/DypM7RpnhTPkRP2b7svrp8GYPXRii4icotsUFWrCd4m9,,,usor_coin498 followers
purpleplump,purpleplump,https://pump.fun/profile/9xhJLK6FM4PwZLKPMNVEJJJuFUtdJUpf1CZHcTCWQSbC,,,purpleplump494 followers
sebixbt,sebixbt,https://pump.fun/profile/DxwDRWxQXDaVZquH3YvCVBQ75nUf16FttQ4q88okn5mc,,,sebixbt487 followers
RFKjr_rawpower,RFKjr_rawpower,https://pump.fun/profile/5mLuZXHDLv5GLza4FpMUFvXQZFL8oGXrrLAsnqrAJYKu,,,RFKjr_rawpower485 followers
deafbrokevein,deafbrokevein,https://pump.fun/profile/4BnSjhDsYp7v1f5jS4MagpuUX9m7ZCgyJVdjtB8rZ566,,,deafbrokevein483 followers
anonhrfdwxrmw1,anonhrfdwxrmw1,https://pump.fun/profile/HRfDWxRMw1juHGxFDcLnGYfUcuXNckmdDntkvkSRhT3Z,,,anonhrfdwxrmw1484 followers
WahGotPlays,WahGotPlays,https://pump.fun/profile/75nx5R5zmq9EYBHMHz95J7oqB8Mh1KmdLiJuARzopEh5,,,WahGotPlays480 followers
quotexcoin,quotexcoin,https://pump.fun/profile/6J7v1BkQA4E2N7mJUhKgQ8C8cb7wnpvn6KRuMET3DUCh,,,quotexcoin476 followers
ddcome,ddcome,https://pump.fun/profile/DDCome2MYrZFCcqtoUxmnDAU7MNsFme9SrtTUUgyDZHq,,,ddcome476 followers
universal,universal,https://pump.fun/profile/2KRGWC8pUr2W5g3n5iurpBwYNLyCA6QHBbpV1BrXDbVW,,,universal459 followers
trollauramax,trollauramax,https://pump.fun/profile/2uf35WqTNDHocvAwQxt7AJ3mPC97mPDrdh48aj6uCBpY,,,trollauramax457 followers
kroky,kroky,https://pump.fun/profile/HtfnAtFy3rQ5dxc2tpxVkUvAcQjGYpLvpcUKgFE5Sn8Z,,,kroky459 followers
madmax,madmax,https://pump.fun/profile/4paqwA9uHEJXrGrE1LB5adqb8ZhXvgKC1vwSXCTwNRrc,,,madmax455 followers
broex,broex,https://pump.fun/profile/3jyYQz9QfTieUZ7LYddfJR9H4zsMsxtL9iNNb3rcYvsa,,,broex455 followers
itsyoio,itsyoio,https://pump.fun/profile/8chKvY7nZkfFA4z4FpsbeYTuXZ2WNin1sZxvxRQGueYs,,,itsyoio452 followers
prplhze,prplhze,https://pump.fun/profile/9aK8ftm5pySkQPopySRZhCVFCsGgniZibPqgQf93v1oZ,,,prplhze449 followers
trenchvision,trenchvision,https://pump.fun/profile/C4UwHNnuJShMYAtZefrhyZW567iix2g73RCt5k29HAB8,,,trenchvision446 followers
emoshawty,emoshawty,https://pump.fun/profile/9bijoBP8hEH4X8ML4qtqnopaw2NmxikoGjM94DvpD4Wo,,,emoshawty440 followers
KaliYugaCapital,KaliYugaCapital,https://pump.fun/profile/HpiBCHfkJ1dNZEdRwzpPhd4mM3FVeoVrKTZU4KTApppq,,,KaliYugaCapital439 followers
poopsex,poopsex,https://pump.fun/profile/CwiiPtoSZTeiPXXa2U95NUFX8kVhKAqTNwqfDkXAqgRj,,,poopsex437 followers
rots0,rots0,https://pump.fun/profile/8zzv1wkmws2c9QDV25mNbTYrjqekbuzxW8YEsYiJSwWU,,,rots0437 followers
d6tnmp,d6tnmp,https://pump.fun/profile/D6TNmpGMiAdvCiyH2cvuA9rSeEJfqSw9n3657dbiofFp,,,d6tnmp439 followers
jeetrage,jeetrage,https://pump.fun/profile/DiN1h1QDykyuSxYU9BaQZngMgen8qAD5zHTpEYsrbF3A,,,jeetrage433 followers
NobodyDEV1,NobodyDEV1,https://pump.fun/profile/92kHL24HRHWKUH2ce4J6TvNpkHP4hhkzeYBiR6By5R2e,,,NobodyDEV1430 followers
evas_dip,evas_dip,https://pump.fun/profile/FYPVG489VbLiKBoyVHARH4ti9GPiMnCX2Pkoc5AFah8P,,,evas_dip422 followers
georgeerick,georgeerick,https://pump.fun/profile/78oF4wUsuvtW9fLeEFru6vuc6nBSxkK64SzVjx6CPYJ1,,,georgeerick427 followers
trenchinnn,trenchinnn,https://pump.fun/profile/7rpPVKxTorSu45VMqFHgPeMYiAn6iKqCGuVB3MWPzmGr,,,trenchinnn428 followers
justpade,justpade,https://pump.fun/profile/9Ca5nhYT9wpGoE5FduULyTDVfXVWvX4hv6xzCd8xJDWX,,,justpade426 followers
shockcatonsol,shockcatonsol,https://pump.fun/profile/BW9zntsRGtKfvQFi45piYFbWofo39itUXgZzuzoiSXkP,,,shockcatonsol418 followers
mohmmaster87,mohmmaster87,https://pump.fun/profile/DgrL1UL79zdSA14BFopyiTDKv3WwnKW4hzLbZLoXqWBC,,,mohmmaster87410 followers
gutbot,gutbot,https://pump.fun/profile/8gNygUDVzU9K7brakafqR55KVWHKrt4SzrF2WGojynir,,,gutbot412 followers
boldox3020,boldox3020,https://pump.fun/profile/9CoeSo1E8ennnXLeZg12gNvoo5EZk3QfjUeruiN8sJMP,,,boldox3020413 followers
vision0,vision0,https://pump.fun/profile/48a8cZLYaemdrejo5SDJAk6LnFBjDYFigXahg2hWYsGQ,,,vision0404 followers
kitty100,kitty100,https://pump.fun/profile/8jekZFZEh8tm33DDEEqhHL8LtKE36cTE4u79rtCY7Ees,,,kitty100406 followers
pumpydeved,pumpydeved,https://pump.fun/profile/7yxC6btWggeBNW3VB7sv4JmtTnSGJDSyrX57EnhhRoc9,,,pumpydeved405 followers
oxynd3v,oxynd3v,https://pump.fun/profile/GnRVzQ2BVdNwAtF9jNB6QcL3hgXbsnh7LcPY7b4ef2BH,,,oxynd3v400 followers
alt1234939,alt1234939,https://pump.fun/profile/FVGt31CAV1ms9wVHA4oK7cBe4oGpjGED7b3TX39bDXY3,,,alt1234939396 followers
37ywbl,37ywbl,https://pump.fun/profile/37yWbLDWYzkofmUYD42pbdrdkFrYxEPoyYeuNcH5Ah4M,,,37ywbl394 followers
barsdev1,barsdev1,https://pump.fun/profile/oFxA9RHcc8CTpJo2FLsyxR2Z47TdFvmFEjm1KMf5a3f,,,barsdev1392 followers
wdymm,wdymm,https://pump.fun/profile/7LsgxpKQxbAYmLYFRiqLtBzyFTWDiaqwzYY8yUhkgmyv,,,wdymm387 followers
thiswhyimpoor,thiswhyimpoor,https://pump.fun/profile/8XofwQb1d4DoVB7ABRUGHmQQD9WXzeqh13y2g57p3F6V,,,thiswhyimpoor387 followers
thatnigga4,thatnigga4,https://pump.fun/profile/7P5aHU8GNUr64D8qzenBjiwogNn3xWNQzqSoyx7hppFT,,,thatnigga4386 followers
DWXD,DWXD,https://pump.fun/profile/4eWaX8PqDimW4sbgvXBfuYj867x1PapVzN9VqHrgq7KK,,,DWXD383 followers
realmleaper,realmleaper,https://pump.fun/profile/EVnNxMKfbZGTEPqPuam2SJDVYRqtxtQ6gQL4VRnE6mom,,,realmleaper387 followers
ethan_signalsx,ethan_signalsx,https://pump.fun/profile/FqhQrGAQhqTdjdXv58KFZNWnsj7p9obh9NWnnCZ1E1nU,,,ethan_signalsx382 followers
kingmaker,kingmaker,https://pump.fun/profile/E4xkx84a7BV73ZUEQRALXy89njJGPbXcw5U92dvX57yd,,,kingmaker381 followers
zensealinfamous,zensealinfamous,https://pump.fun/profile/6kDVrU7yY73mLPtdu314QKTTzDpMfXkNmT8bW2RRRwx2,,,zensealinfamous380 followers
mafioso,mafioso,https://pump.fun/profile/AseScJ4Sj1j46dsWRiiMnvzg3AmxH3eVuodxyrYWoqzc,,,mafioso376 followers
cyberfly,cyberfly,https://pump.fun/profile/J14uSiLGXgorL3ucsANUXSqUhbd31K6WSfDmzAtaUoYg,,,cyberfly379 followers
WindCreek,WindCreek,https://pump.fun/profile/Gafpu1ruXcrGyQsVe9hPz9EhimQCE2paUkZyMEmVDgGf,,,WindCreek374 followers
kobushide,kobushide,https://pump.fun/profile/9hPBg6iqJKRASs8DYNrUWm6z7vRZ1R7n5N35dKTAVpWg,,,kobushide376 followers
tylerbrown,tylerbrown,https://pump.fun/profile/Haigxgessx9mbaqgp5G3uoUP5rwEJ5RBoUP1zruebd6z,,,tylerbrown374 followers
austismdev,austismdev,https://pump.fun/profile/ETWD8ZUXc2uVNNfyvyuJfhS3741TJa2XnNbySUX5k1yT,,,austismdev371 followers
mommy_maxxing,mommy_maxxing,https://pump.fun/profile/3mChAddEb2TnjUhH2hfaZhh7DJMCKuxw9DvfRa7NyqjC,,,mommy_maxxing367 followers
dryfish16095,dryfish16095,https://pump.fun/profile/2HLxs7YvCtP1yu6XhesmrN9jLRZcAGmPLtbXAs7Dtgc8,,,dryfish16095367 followers
1usdbob,1usdbob,https://pump.fun/profile/4Vg8eMEQ8hdiFfkwLJnjxDcRTX88TUc8w9hvsokvNS2q,,,1usdbob366 followers
Purcha11,Purcha11,https://pump.fun/profile/2W8iDQaT5zkyzBysLZFGHiwSLzcX8yjUmDvQ5eWbTrBk,,,Purcha11362 followers
DrHeisenberg,DrHeisenberg,https://pump.fun/profile/49AuxnyoFm2mkYazK4usgmsEzXJaVurQAm9T5DWZTWuH,,,DrHeisenberg362 followers
runninupMs,runninupMs,https://pump.fun/profile/7XMFVjdaubo3KM2sWFV3p789gWrJ4oSG5sXtze3eUd4L,,,runninupMs358 followers
PumpFunCPU,PumpFunCPU,https://pump.fun/profile/5bE3j8gj9TfBZ87XuKAFhhMxDmsGHWrje6bZ8aAGJBou,,,PumpFunCPU356 followers
leghostdev,leghostdev,https://pump.fun/profile/GAHsgkmheqsJdwq9CuS4btogGLQpKFGwjKNEbrk91dtv,,,leghostdev355 followers
alabouthop,alabouthop,https://pump.fun/profile/4mbYKUX8hQ6eWm4CLyKXJg7abLC3FFgk3cBqUkMAvrQt,,,alabouthop355 followers
hamzon,hamzon,https://pump.fun/profile/CRS89bDTsCeFvifQqPqgBiAgFZirKAMvnHJBtPmqNFqQ,,,hamzon354 followers
nofudbud,nofudbud,https://pump.fun/profile/Fn3scURM5gABSWJSDMDELLEcgTM4rJjh1sTiiDCyZS4o,,,nofudbud351 followers
ItzRex,ItzRex,https://pump.fun/profile/6gDhDKCiBpGARQkkPHVj8UtpPdGu69UEft8rkeWT7Wxa,,,ItzRex349 followers
avoidthegrab,avoidthegrab,https://pump.fun/profile/FaH5PN1Xy6dSXbQcwX2DwuNgw6c7wyU7YgVHALR8zuRp,,,avoidthegrab349 followers
7billionwhales,7billionwhales,https://pump.fun/profile/2QWL9JM9qx7uYWyirmcxdiLiZg6gxQukSBzenznQ2nY5,,,7billionwhales351 followers
undefined,undefined,https://pump.fun/profile/8kQrJVR4YRr1c15eVyh6u6HfBA5SzdiPqL17gZKcFNUo,,,undefined346 followers
teejopoly,teejopoly,https://pump.fun/profile/nWP18ZSWqx2jnZU4sPKagTZx8mVPCT1ZWbyhny4diE1,,,teejopoly344 followers
lemuelcooke,lemuelcooke,https://pump.fun/profile/EmrEfb1XEdCeD1RK2iytWVYj54FQcdEdYubK7D1y2qEs,,,lemuelcooke343 followers
df48de,df48de,https://pump.fun/profile/FhFkBWMn3Qtj9Bk1ZrLZShqpWmADcqj6yZyUcuLAmZYG,,,df48de341 followers
WolfHound25,WolfHound25,https://pump.fun/profile/AgmyPNqAtuhGRbopLVPiN2VmZPfK2MjhhJ2RgMhJ6LFa,,,WolfHound25340 followers
coldestyunc,coldestyunc,https://pump.fun/profile/4YgNDgVmj54kquFgbWupn7Kqey2PJPTfcDXbzxCS8HeU,,,coldestyunc343 followers
pssyko,pssyko,https://pump.fun/profile/FFKSLNsHMVYSNBxSGD3g8rfZSmzfdXfNHikuS46s8C4S,,,pssyko343 followers
geotradessolana,geotradessolana,https://pump.fun/profile/FzYRXrXUm5LFw9U6UNCkCF3mYiM1eNXHCLrnKz3Gw7XD,,,geotradessolana340 followers
mrxvolcan,mrxvolcan,https://pump.fun/profile/TPjsqQVG6XXHFfbpbBfrDz5sEYAW9XjYKoFjqDFN5a7,,,mrxvolcan334 followers
RomeoR,RomeoR,https://pump.fun/profile/9Ykufsjcg4WWV3t9ChMsiUoKMLoTfpxAVMwPXn95o9yP,,,RomeoR333 followers
BuckThrusthorn,BuckThrusthorn,https://pump.fun/profile/BQTim1eWa2Ypc7GctDFL9jCJwxJad3xtSh7muDRwMQ4J,,,BuckThrusthorn335 followers
deftdolphin9693,deftdolphin9693,https://pump.fun/profile/2qhPEK3751y8SrU8dnNHN15qZfrUbRh2jYGasoqzysyU,,,deftdolphin9693335 followers
cornerb10,cornerb10,https://pump.fun/profile/ARueyF5kCEXojXpc9FGKZkzzTZfDFgQdN5FiiL7mnpqh,,,cornerb10333 followers
grayson_trend,grayson_trend,https://pump.fun/profile/6nrzf9WshMmxogBfpD5Z6GY6tz4VzihyDfXiTMsoEsPi,,,grayson_trend331 followers
doodl,doodl,https://pump.fun/profile/AFaqDWpFoc4DAkodno9ZWhZwyAyTJYK2evpWmc7JsSWu,,,doodl330 followers
skinnysumo,skinnysumo,https://pump.fun/profile/AN46QwCLsCYNkpeHayCs8ErLKUp6b82cnDxETghd8NAh,,,skinnysumo329 followers
gutsu,gutsu,https://pump.fun/profile/GinWQtibd2sCALrNcHJe3iVUZ3dRQuvsmMBKcDhw3TX5,,,gutsu318 followers
boldnarwhalrapt,boldnarwhalrapt,https://pump.fun/profile/AfENtt3nevWbkv1TdMwvwSiJ9rEZys5CSor76kictnQo,,,boldnarwhalrapt311 followers
jayden_boost,jayden_boost,https://pump.fun/profile/EyN6cQcL1ciDEA4BkGCZeToqCmjQvyoy2mpJP2jZc7rz,,,jayden_boost313 followers
notmeech,notmeech,https://pump.fun/profile/831qmkeGhfL8YpcXuhrug6nHj1YdK3aXMDQUCo85Auh1,,,notmeech310 followers
766fc5,766fc5,https://pump.fun/profile/5T2gRQj5Y44pcD3vgkLYa9uNRSSdQLYLHYebJjHbzCNs,,,766fc5293 followers
ajthejuiceman,ajthejuiceman,https://pump.fun/profile/5LYLnctjtXZdYASeY6XARFaU1MjgbUpJFrpkqpyxrKw2,,,ajthejuiceman293 followers
melunalove,melunalove,https://pump.fun/profile/HoBAifnrzXaDjjoJZYFKKoVFBSGHhuKz7cg3x9RczySt,,,melunalove285 followers
Greenwifey,Greenwifey,https://pump.fun/profile/J2zxy1rbxf8JuYwZNbGqJ5LvtAEFAWh6f3AMRVkaHR5H,,,Greenwifey281 followers
sluttzz,sluttzz,https://pump.fun/profile/2eSU3g2uZSGCcTqb3LribBXLkS3FAiUVVxFsTYgMSna2,,,sluttzz276 followers
topblaster_old2,topblaster_old2,https://pump.fun/profile/2SxCb4ZZmhV5sxNZTreztggi297WKUyJJK2AavCLpump,,,topblaster_old2278 followers
zeekbasedd,zeekbasedd,https://pump.fun/profile/9pxG8EEx8Wk6EsjhZfReJQPSZufyKFGT4FxKwzbTBk68,,,zeekbasedd276 followers
memes2tokens,memes2tokens,https://pump.fun/profile/6fSW7ViDe6hMWSKd9Bh4VE4Nk97Vw8pFY3R9QhHgAhr5,,,memes2tokens271 followers
superanondev,superanondev,https://pump.fun/profile/9Hf4LBSWvq1U59LBC54g6h3NHcXkujdbwLv89SfWtaC7,,,superanondev270 followers
jbkells,jbkells,https://pump.fun/profile/CGdeot2RwbQSFWPLHoFTEpRB6thhnWvV7Ya1Rsxo5KCV,,,jbkells267 followers
insydercrypto,insydercrypto,https://pump.fun/profile/G3g1CKqKWSVEVURZDNMazDBv7YAhMNTjhJBVRTiKZygk,,,insydercrypto710 followers
witloofsol,witloofsol,https://pump.fun/profile/5f8dDi7o8tGYkFVALB6VixhStULNDxxqNivgWEfr2z17,,,witloofsol511 followers
swonzon,swonzon,https://pump.fun/profile/CXVJewdc79TYR55sz4SGLSWUPz3r4LBJ9Mn93bZ8ZyAz,,,swonzon484 followers
trainingwheels,trainingwheels,https://pump.fun/profile/DiBgtsW3cMKWMaukFibPKoPrwfrX4Ea69573adGJWiiX,,,trainingwheels225 followers
chieftrdz,chieftrdz,https://pump.fun/profile/FmYRgT6utW2FR5qKGJhheYy3rXqnzrw4k7EMcn4Wwiju,,,chieftrdz172 followers
hiruzen,hiruzen,https://pump.fun/profile/BTeTLsy2aRnjDGjTxopBeSQ785PJy2WqK6DHdTdRY4CD,,,hiruzen92 followers
SoranaDev,SoranaDev,https://pump.fun/profile/EgMCA9uYKhiXbfmjqrpm6huYucvqhEJx8bD7SmFx3qgR,,,SoranaDev82 followers
melsdevs,melsdevs,https://pump.fun/profile/6ExVBSgDnMgz7YHbuw3wFdo4cDpawv83XXsj3tm4zNQW,,,melsdevs55 followers
realedgey,realedgey,https://pump.fun/profile/6Y7VzR1dcfUyGCbUS9b5PiWhRCN7Hg5NAVUWV9gaMks1,,,realedgey40 followers
DVOCrypto,DVOCrypto,https://pump.fun/profile/6K2BEeCwFPLFBw7o7HfUMas3mLR5Eu3SZeUahoqbu5Ee,,,DVOCrypto15 followers
SkarraOG,SkarraOG,https://pump.fun/profile/3gHrfi6t4xG2KEH4gga9HxLRYqws9iTKdkLG55NwaTZJ,,,"SkarraOG1,212 followers"
moongirlgem,moongirlgem,https://pump.fun/profile/8v3afXFt3NsN12ecX6wQ2LhsSt2Th61saKQ8FJEsvhTs,,,moongirlgem486 followers
zeeksobased,zeeksobased,https://pump.fun/profile/Fc6NKATQ4LPettRnnGfApqPXgmgpaN2SwqLj1UwMXJER,,,zeeksobased478 followers
crucialseal7608,crucialseal7608,https://pump.fun/profile/35QSEZdfRDboUayim6Ai4qL4qeTjVwYHdn2cY736PCbe,,,crucialseal7608353 followers
Itz_Havoc,Itz_Havoc,https://pump.fun/profile/7Q8x74hyRFMoUYtJc42qAKs2t7xZ6MwfJAvFKc78kNEN,,,Itz_Havoc327 followers
kainrtd,kainrtd,https://pump.fun/profile/Fpf2DJPM3n7LB9RWKaZ2zQ3KRcVWACHXpjngBNS99Q2H,,,kainrtd288 followers
cybertanktrades,cybertanktrades,https://pump.fun/profile/6XUfMpJmSsSPGFLDdwv1Y9tUZTFwygXTKmsPErV54hEB,,,cybertanktrades218 followers
zeekbased,zeekbased,https://pump.fun/profile/DUTpdjVjZ3XKqeU5WFE3HbkQ77ZSaSi3CseMkr9zkC6T,,,zeekbased173 followers
armedtuna59531,armedtuna59531,https://pump.fun/profile/CBKJmhjDp7mxBYGAFWxCaPjD2BSJWpb4nQqnLd7rhSaM,,,armedtuna59531148 followers
MasterMay88,MasterMay88,https://pump.fun/profile/3pYbPii3ZdwXuLGLJamAPdtwTKx7Bgd4gSVyVj176B24,,,MasterMay88133 followers
DegenBurt,DegenBurt,https://pump.fun/profile/GdEuKUCc3dhLJBqJwa8QTxs31ShVS4bd2H6u7weibeF5,,,DegenBurt58 followers
CryptoCapital_1,CryptoCapital_1,https://pump.fun/profile/tbvC4TC2DCVGUPGX6oA9Be59XphVqeMYHrj1585xdW6,,,CryptoCapital_153 followers
cleargiantscoot,cleargiantscoot,https://pump.fun/profile/GJQvtz3j51YMGUeRMVCa7XWqTdjKK1PdLEZkAmAVZueU,,,cleargiantscoot46 followers
GOdaa,GOdaa,https://pump.fun/profile/tqCnKoUJFukceLm6VDWGFBL5uapfhBLPSRsjWziXrFA,,,GOdaa45 followers
ChartTinTemper,ChartTinTemper,https://pump.fun/profile/3JVWkpg5AykoMhuCAfJEm1kkXqwwyGTsLjUnqRzpfmSW,,,ChartTinTemper44 followers
hubzifyy,hubzifyy,https://pump.fun/profile/7ufmve7ZSFCzuNcKRunYrGtyb2Ka1MXzkWwf7jZhVsmL,,,"hubzifyy1,014 followers"
Ogrichfrog,Ogrichfrog,https://pump.fun/profile/HY4etB95ufKbnL2t9X8QL19Agx1AgaEDTcQYKQyGih6P,,,Ogrichfrog965 followers
dweedify,dweedify,https://pump.fun/profile/FH8xnCwgoQgk3nXuePEdxYB5SZDTWSZav27smVcHjN1q,,,dweedify495 followers
BeadRoundGuan,BeadRoundGuan,https://pump.fun/profile/4RwPGYsdTjUxcKwbx4M9u7XRKtz5dc3N3HksNWVaVNca,,,BeadRoundGuan264 followers
DragonSlayer0x,DragonSlayer0x,https://pump.fun/profile/Ay3jm6fEvVBn5LC42JjSei439fx4vswJzQV8smdMiYRv,,,DragonSlayer0x151 followers
lebrontrades,lebrontrades,https://pump.fun/profile/CcEgtqiXgCLTY2a5WpBJMtBhjJCLKf9sd5d6KWTYh4Jn,,,lebrontrades124 followers
bhuyaiflvneosmx,bhuyaiflvneosmx,https://pump.fun/profile/HsBQD1Ts7CWTkLTu9kErN2fbDMZTvxjGsGUiKEcrCEb3,,,bhuyaiflvneosmx122 followers
ICEDDDDD,ICEDDDDD,https://pump.fun/profile/skg3Hr8fUoxm2i3id5z2DMQ5xYpzo6La8sr42fAnB76,,,ICEDDDDD107 followers
GFayzo,GFayzo,https://pump.fun/profile/CUAiySY4e2AJQpkmnFnw4UWVhiUai1UuoGp5cAb9sWQ5,,,GFayzo57 followers
archie445,archie445,https://pump.fun/profile/H4v9btvL7VpbcdgosJu4UZWLkKwn6Bh1pyEa6UPohKf2,,,archie44557 followers
tjrainman,tjrainman,https://pump.fun/profile/HHqFugJxMo1Y3bjRvw9UboWQDeunzRrv5gmaBuQiEYkF,,,tjrainman46 followers
Froovik,Froovik,https://pump.fun/profile/FMCgKr8QSpczjQmM8cgs4ssWSbahzfkUQ1Tbn1Jh84W2,,,Froovik45 followers
Mindow,Mindow,https://pump.fun/profile/9QKPpFSSd3bGYf7gKsoXTx1USS5XvvwYHeFFhsXgzNpk,,,Mindow32 followers
latelobster5065,latelobster5065,https://pump.fun/profile/5nBbLwE2Usqrua2YgrybNn3DY1tLQVNHWuSjNQhRNYw9,,,latelobster506528 followers
UltraDandyCrowd,UltraDandyCrowd,https://pump.fun/profile/C4NTjTxWMQBER18psACVuHygzCa3zkdsbzhiWZQVUwwx,,,UltraDandyCrowd27 followers
wrystarfish8734,wrystarfish8734,https://pump.fun/profile/9op3R2h8e1FaDbLfw8bdTv4F1nA2sh9ixFrvryYczV8P,,,wrystarfish873416 followers
PhilWill,PhilWill,https://pump.fun/profile/9tX79ptgFZFwpCtnzbgsebeNh3di7SLN8qrduv2kEXZ4,,,PhilWill13 followers
ImGshark,ImGshark,https://pump.fun/profile/dzPc4EuJiTG3LEcoBUKgkeTiVCp6dgqx3n84bTZDUM3,,,ImGshark9 followers
Boatyy,Boatyy,https://pump.fun/profile/CG4JaoufrgrKedo9DKEcvGMAy6vt6aRMgfPDiRf2VDAn,,,Boatyy428 followers
Prowlerdevs,Prowlerdevs,https://pump.fun/profile/9MsrGFJqAD1JmQCfTR86XfLMsLFKFGTsUQFCLRoykZZf,,,Prowlerdevs751 followers
james_wynn_real,james_wynn_real,https://pump.fun/profile/HH7jLETzcSBnFQcAG5D4VUiFYPSATTyhu5R3QCgzW2M,,,james_wynn_real699 followers
tuofx,tuofx,https://pump.fun/profile/9H9HbzNNmHZPdYtJtXMnfJ7YtggXor7zztb6Ey2V5Frx,,,tuofx477 followers
5PMF,5PMF,https://pump.fun/profile/5PMfagSYNK1KjZGEEqw6cmSGmetCRv7yFYBh7NnSkNxv,,,5PMF316 followers
candlez,candlez,https://pump.fun/profile/FEEJCDM968D7is3AMa9yUUrnPSN5UivAPzpys7qEeiCi,,,candlez310 followers
BigLodo,BigLodo,https://pump.fun/profile/7jD9F6DJjsoD3MFzx7fbXdJUgc1LjVFo67EYpPSEexEa,,,BigLodo246 followers
Jackieeee,Jackieeee,https://pump.fun/profile/3gr3gmavmtxkFktrAPtS23oVFrxjWSsdF6S4qzDZCrus,,,Jackieeee128 followers
SOLdiier,SOLdiier,https://pump.fun/profile/GbEeHbq2MP9rMpjdcSjiht8fXdncdnvzd2BuL2GVnTiP,,,SOLdiier69 followers
Dunkaroos,Dunkaroos,https://pump.fun/profile/CzprWyQhWXzpK7TNokFjYNWj6L31qZZvMtTjE8m7AdSY,,,Dunkaroos65 followers
genwint,genwint,https://pump.fun/profile/EasYqdi3ozjRot26cxafLTtThgjCioEGC67pztqSAmTL,,,genwint51 followers
don_trenches,don_trenches,https://pump.fun/profile/ADUv45fqQNSTqKp39SsEbX86kt9TatSguQ7ouzgd9EaG,,,don_trenches38 followers
Zillaonchain,Zillaonchain,https://pump.fun/profile/EyD6vqdRv3r9Bpr8aGEmNXn9zmcnKFr8qq24FJqbS2M1,,,Zillaonchain37 followers
babyynatty31,babyynatty31,https://pump.fun/profile/6QwQLU7NVZaPCXpK5UHEdtBA3NphepYgjiaB5PuNFSu8,,,babyynatty3134 followers
brickboydior,brickboydior,https://pump.fun/profile/2gcURDRWiLBKM1mZcMKsH4QkgiXQcrCQDU7QBtKcBb8f,,,brickboydior23 followers
weesalmon21099,weesalmon21099,https://pump.fun/profile/5RzbMYHWw1cVtVCQi6Vyn6gNxfEX2NRybEi2Andy16k1,,,weesalmon2109910 followers
GroveRelicBulb,GroveRelicBulb,https://pump.fun/profile/3TmifAYLZdLzeeECJA3Af2WcbsjVS3X6hTeKEbXY9jMo,,,GroveRelicBulb971 followers
MossadCabal,MossadCabal,https://pump.fun/profile/cc974e42-96c7-4c55-983b-3bcd1cc1c91a,,,MossadCabal494 followers
ayhaha,ayhaha,https://pump.fun/profile/FRfsz3w33pHhtg96jBDjq19GWpqjM26kzjJvzznizPfs,,,ayhaha184 followers
Niczzy,Niczzy,https://pump.fun/profile/HU6xp8rA2RHknXWaFWnZ4Z1uQ1d6xcMpnxcFX2zHzs14,,,"Niczzy8,436 followers"
WagmiWarriors,WagmiWarriors,https://pump.fun/profile/f840de22-baad-46c6-8ed2-6fd00305fde1,,,WagmiWarriors191 followers
basedl6z,basedl6z,https://pump.fun/profile/FbLNfrps2tWyithgAvKjdfEsC8qoiZqVVSkP5L2XdBuw,,,basedl6z636 followers
CookedFinds,CookedFinds,https://pump.fun/profile/4PNVXXCS2XizZUa6hN3Z9ezyu28FYzFEifGoiyMyJX7p,,,CookedFinds501 followers
MaceFi,MaceFi,https://pump.fun/profile/9XjUozbj4aCDpVK1mosRTjNrVrgbmnZingjZYaJDC8CG,,,MaceFi356 followers
JimmerF,JimmerF,https://pump.fun/profile/2KP7eJnW2fRBt6UV3CX8iikDqS8545Ltk6BBFbScivm4,,,JimmerF261 followers
BrianSleuth,BrianSleuth,https://pump.fun/profile/EmcYaGsVy7kXKMbzwZzGHxAwDohZbP4rXuCKTsmojCoW,,,BrianSleuth256 followers
kzresearch5,kzresearch5,https://pump.fun/profile/ERdt6cFAHxnVXXdjSCAPCcjm9fB9FMzktFABzfa4PAQB,,,kzresearch5208 followers
rentahuman,rentahuman,https://pump.fun/profile/D7TShcKx9vFvzDvFmxbH2HjgUF35Ekfs2bPnR4GvBgaq,,,rentahuman130 followers
BenPatterson,BenPatterson,https://pump.fun/profile/4sqnzY9EstheHpJYWmNMG9GVorbHAAUxSZvA8f9Pdtqj,,,BenPatterson111 followers
AshleyCRYPTO77,AshleyCRYPTO77,https://pump.fun/profile/8vefjUMwCfrTAv4BW8mZZtwq5gBPkZ43kZHcB6kVb4xi,,,AshleyCRYPTO77106 followers
EthanXBT,EthanXBT,https://pump.fun/profile/4d4m67cTHkZUG7YbeNeUXKBGFRyPtH9wrU4AQickzP8u,,,EthanXBT102 followers
ChadGamer14,ChadGamer14,https://pump.fun/profile/uoN7RuyySj4BRL7ReG6EW8PzRmiFJp7dfhsvLn9HXyQ,,,ChadGamer14102 followers
MattiasLuvias,MattiasLuvias,https://pump.fun/profile/2QMTcEJR5oDePSbhsQNFdh8JnTbSuHjGDBdxCAKQcnjg,,,MattiasLuvias101 followers
BreadW1NNER,BreadW1NNER,https://pump.fun/profile/BsZkCM7PZ1aNV7BCnFWaKDU8mPMd4Pp5y7J1LnKgxfJC,,,BreadW1NNER98 followers
Quant_Riku,Quant_Riku,https://pump.fun/profile/DqMNcQmqxtHRGR4X1gHovtxbFYBuRHXbKHqRNCFriKu,,,"Quant_Riku2,273 followers"
Tribeleader,Tribeleader,https://pump.fun/profile/EAGy2jNaVLKVbbTdcym3W9U3s71MoVra8jkoQFBHX1Yv,,,Tribeleader978 followers
flippin_burgers,flippin_burgers,https://pump.fun/profile/E1TsL6fyLxMTjaiMjSCQRsqzznW3H1XHabtBRrP5ri7Q,,,flippin_burgers558 followers
boldoctopustile,boldoctopustile,https://pump.fun/profile/HbKi8BQWSz8zZkaiz9kqg1Tqw9iUmfkN59TFPQp4vZYC,,,boldoctopustile554 followers
squid_cto,squid_cto,https://pump.fun/profile/DPuSGVf2bMgWYBFyUv1ZiNn7hTAaxHoDjxCHzBkZ2X9P,,,squid_cto500 followers
OxyStrategy,OxyStrategy,https://pump.fun/profile/7cr6VxjS9dxK99s9uaFMFR3KHSe8VpSdhGytq1kR72GL,,,OxyStrategy479 followers
RickyCalls,RickyCalls,https://pump.fun/profile/2eF6phndKUhKQUb75sGLTQ233jRj3PSsyN4RKGZUukkx,,,RickyCalls447 followers
Xolv,Xolv,https://pump.fun/profile/3WPq2xNaD5ZYDDWjonqTZCZPiP8WTWppTcSS5g7ix9GR,,,Xolv425 followers
xtoshixXXxx,xtoshixXXxx,https://pump.fun/profile/AMc6suYDoRbVXy5Rw92fm8YpuWW539fi3sKgzeccVgYq,,,xtoshixXXxx394 followers
rockked,rockked,https://pump.fun/profile/EPKVhqyGjYDE2HoPi8n9MjjkJPhiezT1Fxb7yECZJq6p,,,rockked390 followers
basedshrimpinte,basedshrimpinte,https://pump.fun/profile/8HpUYjPxN8Qsy4pyNwYQmZRno6JYwWsLHVWxJPQDNEUV,,,basedshrimpinte356 followers
Crypto_Sti,Crypto_Sti,https://pump.fun/profile/D6urNUfRj1Kk3XP4GEpHkp65UhLeeug7LDi1oQYMud1G,,,Crypto_Sti321 followers
manwithadream,manwithadream,https://pump.fun/profile/3SoYUq5eY8gn5p9Uz3fomA5ZbbHEpe6PhitttQ84GHBK,,,manwithadream307 followers
himothysr23,himothysr23,https://pump.fun/profile/Ej7nKCBqFfp8q6Bay66vQvnh3XZEPQRC5vkSa255544F,,,himothysr23297 followers
RichThreadGlue,RichThreadGlue,https://pump.fun/profile/6ATnpbwa43DtscAWjiR3uh5bEfpc4mhFpF42F5a5f68T,,,RichThreadGlue290 followers
SIVIOKE,SIVIOKE,https://pump.fun/profile/FsWvg8VQTboUUVCHC5m1Ps7XALXR1dfvqaCGsdxzebnA,,,SIVIOKE280 followers
jaydenb56,jaydenb56,https://pump.fun/profile/G6vcb967HfKfrSkbW2h3csNufnBec7xz82EaefZAV2KU,,,jaydenb56274 followers
FoulTameManner,FoulTameManner,https://pump.fun/profile/7iXk5aHZyctWXfy3taGe5mGoWcnUFpBogCw9CKhRQ9WZ,,,FoulTameManner259 followers
sonles,sonles,https://pump.fun/profile/C9DdkTCdG5vTBJeS7FcRz89UXjTTvqsuqMrn33oKHLc9,,,sonles250 followers
JSXAW,JSXAW,https://pump.fun/profile/8xEb5Ty6TzM1xZqe2GPHGmP7b4dsXVRJ7FPGn36xU6er,,,JSXAW249 followers
Vex1234,Vex1234,https://pump.fun/profile/5BCbxZRsuRYHuCdupDSNWPBHzM4Tk8MdpKKa3DducSAQ,,,Vex1234243 followers
amos_j1,amos_j1,https://pump.fun/profile/3UVrBNZnePDykHHtWxmDrP4a1hPX5gnWZ5r8z5bMz9Nt,,,amos_j1239 followers
memepha,memepha,https://pump.fun/profile/5fkMZWa3w223cUoyWg6Qj3cW33bT4D2CjE1xdiFLgXj,,,memepha226 followers
synciemann,synciemann,https://pump.fun/profile/8x1q3VeNkjeznoUa29fF2vVHp2E7Ju9TrwS7y6AyiVMa,,,synciemann224 followers
phloozyy,phloozyy,https://pump.fun/profile/G9WZxCDa3diKLLyc19gDXeHdd3MqViFhmejgTiHFfEHY,,,phloozyy220 followers
solsteezyy,solsteezyy,https://pump.fun/profile/9KoE859t1VAjuWxNAM3Ak4PX2XktJEzL7yLqmjrMdiej,,,solsteezyy199 followers
LeukaemiaSucks,LeukaemiaSucks,https://pump.fun/profile/GsnaT6vQQNn8eie9peMhhd9gmGih8BAEvpVLVnUpgHgb,,,LeukaemiaSucks196 followers
de_risk,de_risk,https://pump.fun/profile/F3bL4JYfrg1Cr4P6bR2dJYhMdkPPz2T2eiAwEN8RAetV,,,de_risk180 followers
Rahh27,Rahh27,https://pump.fun/profile/EosbBvjGuksfE4yfSjSPm5Hm9tADmwFC9hdPdMxbCn35,,,Rahh27179 followers
TysonCrypto_,TysonCrypto_,https://pump.fun/profile/3eYQQb5sb99eysUUZGjNmAbC6jdGQY36nqPXVTfziaeX,,,TysonCrypto_178 followers
shredtrades,shredtrades,https://pump.fun/profile/ERhjPxBBain6CV1WTwXjjaeADWmS6P5THReYzLByVBst,,,shredtrades178 followers
TheMemeRadar,TheMemeRadar,https://pump.fun/profile/BKBhaxCp4ESjdS9K6FzAEDUGSpr2ZAtKRyjxnXZREfrt,,,TheMemeRadar178 followers
jam365,jam365,https://pump.fun/profile/2kyp4WVVX6jFwm6Cv55b98GN872sLL3oHESGSLz6VobW,,,jam365173 followers
CraigKla,CraigKla,https://pump.fun/profile/H9GWZph8LiAPWYajjMFzC9TRNG1r6QpRBBtBYZDRkDMo,,,CraigKla163 followers
GovrnmentHooker,GovrnmentHooker,https://pump.fun/profile/BNzrQsoY1U9nBMpC2NGjQEAbkeZDgTp2TYXzPdnLMHkK,,,GovrnmentHooker155 followers
Kozz021,Kozz021,https://pump.fun/profile/FoEpG5tBrTWpxTq1ATqAi5BnqbsGrauYZxqCe2b5WjDc,,,Kozz021148 followers
jayflip,jayflip,https://pump.fun/profile/91SHoJSssVaWEgGXTmsshKg9r6cgwz5jk2VWBMHESJiZ,,,jayflip140 followers
Ayuba_efe,Ayuba_efe,https://pump.fun/profile/7DsPAjLnwRYBQL3c72sZwFpxk4GPvzaQYrD6ruuzDmKu,,,Ayuba_efe140 followers
Challenge1739,Challenge1739,https://pump.fun/profile/GxmLUrndMiYt9eMHG4vAoeXjhkAmpfRma9ZpfgqYhgii,,,Challenge1739133 followers
OGDamon,OGDamon,https://pump.fun/profile/9mtRcD5Zo8e3WLUq3k3PWpBpFxJhZXLE1GbuZB5aopEF,,,OGDamon124 followers
ninetofivee,ninetofivee,https://pump.fun/profile/7PFGYd4bmgTSXhDhQDHagcQ67pt9UFa6TaJ2wDiwNkan,,,ninetofivee122 followers
fartlanta,fartlanta,https://pump.fun/profile/3Xdf33gkR1J6Upg7yuzuoGkSg41mbvvtcGa23gG8tiRw,,,fartlanta121 followers
C0INBR0,C0INBR0,https://pump.fun/profile/F73FGHyK9KGc9UoQK9FRBMHmbmrsKryDhRYAZvupQShV,,,C0INBR0114 followers
CryptoLouie,CryptoLouie,https://pump.fun/profile/8URSTGkPWUdTsKji9YncfU3QEDzaE7UqThUaSDbk5A72,,,CryptoLouie112 followers
Rene_0g,Rene_0g,https://pump.fun/profile/FrjQvGZDFLqMrK7P4QQXMJwwK2RPtag2UnY48uP5JReu,,,Rene_0g111 followers
aloofsharky,aloofsharky,https://pump.fun/profile/31HJsRMEzB7fSUYPZ65k631WkUU6tPg9UFR7cU3kePey,,,aloofsharky106 followers
MrMoJoJoJo,MrMoJoJoJo,https://pump.fun/profile/A8k733ien2kC9LgpYVy6MXah1mzN6SBfiFM9q4dHLaJu,,,MrMoJoJoJo102 followers
Mravec99,Mravec99,https://pump.fun/profile/BCgvKYpUBr4JeAtV1eLpyp5eGaJKUXRaNB7cVt5CVQs3,,,Mravec9996 followers
responsible,responsible,https://pump.fun/profile/FBFfmdnYhUm2KSdQi28CvzJAP6pkZBUoh5BAJfrqV2Hq,,,responsible91 followers
Tanvirk,Tanvirk,https://pump.fun/profile/H2VEM7svQ79pESuDHmSy6onFvXfzmcHHq6u3MqvqwM6R,,,Tanvirk88 followers
TheCopeDev,TheCopeDev,https://pump.fun/profile/4gkCnJh3teEXRZ3EfXSfSArBpy2pSHsd2JjMVaQfPz4a,,,TheCopeDev87 followers
HodlLoudScale,HodlLoudScale,https://pump.fun/profile/412N11Mux7xFKSDrt8cY7s53jtPMW2hXNwGxxJdAestq,,,HodlLoudScale85 followers
JohnDGoat,JohnDGoat,https://pump.fun/profile/7csa94XVzcTWJrLgL9HcNXubnBL3RQZhbAELsoLrDSkJ,,,JohnDGoat83 followers
Playmates,Playmates,https://pump.fun/profile/93c300bf-ab99-474b-8b08-21dae35fea7e,,,Playmates84 followers
Mulla101,Mulla101,https://pump.fun/profile/Dkg6dXBeF2qgvHZzsi7s4JzGeQD3pRPvgeEUAtHeXV5d,,,Mulla10182 followers
MissGreen,MissGreen,https://pump.fun/profile/9EqU35DN1xFKkPfZVCMbCtdixbtPczwQafLbsrapMzzh,,,MissGreen81 followers
Moon3ro,Moon3ro,https://pump.fun/profile/HGzdVjVxiyz5FbEMWrkUPbHCU9UARpDqDDhZA9uKrSi3,,,Moon3ro80 followers
biggywin,biggywin,https://pump.fun/profile/GAgsZAUELii4QaTECs6CRdpmSe1D67AasSDRvHmSJq6C,,,biggywin77 followers
DiceGuy1337,DiceGuy1337,https://pump.fun/profile/9DEVhxpLsRb7AWg8DtFWSkrxEW9HK1tSQBXRjH8W1oah,,,DiceGuy133777 followers
TheAbidingGate,TheAbidingGate,https://pump.fun/profile/Ae2Cyum8uRi6iAn1NC8MWBKaSkMmNGVsFKEoghWSNxR9,,,TheAbidingGate76 followers
ft3wvafsf,ft3wvafsf,https://pump.fun/profile/8D341TGXh8Qx3DbCvnASRpdtwMzokoipXgAf8dmq1X4z,,,ft3wvafsf74 followers
panicselloor,panicselloor,https://pump.fun/profile/6ZqpATuFFjVtCc8GWdGgzL46HQUgX9h3FiFGU5bBT24V,,,panicselloor66 followers
securemarlin936,securemarlin936,https://pump.fun/profile/7NhnbR1ctJzEScZJGbobahXzkoszBaPG8ZUyrD1Wi98t,,,securemarlin93665 followers
LowlyWarpSailor,LowlyWarpSailor,https://pump.fun/profile/3oanTAkGtAz7a8wpweJbuZKa1WddswFKNnkJhV3kiz5h,,,LowlyWarpSailor60 followers
BCALLS1,BCALLS1,https://pump.fun/profile/3GVKENSkuL6y9wiSsgLFPQ9cPG1DhE8BXZw9S24tvf3U,,,BCALLS160 followers
DRipper960z,DRipper960z,https://pump.fun/profile/5F4NuBte8QRfUH8HtggYMLBzTUKtYARmRVmkb1Ah7xqR,,,DRipper960z57 followers
malibu519372,malibu519372,https://pump.fun/profile/Hmt4Fex5LRi3DN1ve8FpaLbgJhNyE5GRbpHYyUQxWqJi,,,malibu51937256 followers
p2e,p2e,https://pump.fun/profile/CY6cpPtUaJbK7ccsMz39AdEWNFn7CFdSbuXAqUTGyJNY,,,p2e54 followers
amritodorito,amritodorito,https://pump.fun/profile/CFzdimFTps8eknZU1nabUaxoXwcMXbkea2TPBze1Wcik,,,amritodorito51 followers
TheApollo7,TheApollo7,https://pump.fun/profile/9xDHchBUzNZgpS4ztVJVFKPJaZdimvc1Vj4qrLLeTXvi,,,TheApollo748 followers
zhang_chi_ga,zhang_chi_ga,https://pump.fun/profile/pWzjWiAY3jaTUjJh4d2oNPKAVRSjpeXhqFZg8RoJZYT,,,zhang_chi_ga48 followers
MAKEBA,MAKEBA,https://pump.fun/profile/bTTGSwmgEtVy9HkJDZ7YB1bs3amH1fkX3758D67KkXL,,,MAKEBA38 followers
killam,killam,https://pump.fun/profile/3R1ScaXCE28UAfj5H6kUAfrPAwPiH8oGbeC35aqsnT3W,,,killam37 followers
ElitePlumeGoat,ElitePlumeGoat,https://pump.fun/profile/72YHYxoFcjSCPxhdv6i7H2Y7iFJJsav5NupwzzyM8CcW,,,ElitePlumeGoat36 followers
SharpTinPumper,SharpTinPumper,https://pump.fun/profile/ELrC2whA2heTnriHvnSwd5xrGEU862LCDUjU6d8vFW7X,,,SharpTinPumper33 followers
Th3Larg3st,Th3Larg3st,https://pump.fun/profile/BFeHNwNgGrZA88PcRqk1rmExdNyQqnTb8im1KSBobD7Y,,,Th3Larg3st33 followers
graycrab78968,graycrab78968,https://pump.fun/profile/DPufbfoqvvLRHz3w8UrFo9dFX9oA74QhPNe72hsNw346,,,graycrab7896831 followers
ZenWindCount,ZenWindCount,https://pump.fun/profile/Bci7oAnXHv7F5B7845HN93Jue644Lr3cERuLTdMpQPPJ,,,ZenWindCount27 followers
SuperBirdWatch,SuperBirdWatch,https://pump.fun/profile/G2yfVfF6CkxtXeya5YUcmJrinXU3GbHJBRVPRjhZdM4s,,,SuperBirdWatch27 followers
onewalletfella,onewalletfella,https://pump.fun/profile/48ZvUTLZAk99fEr7x5jf9YBf8NVhk6CkV2XKuukZESJJ,,,onewalletfella26 followers
aska444,aska444,https://pump.fun/profile/3uQCz1q364sGnfUGd5XqrQ4XBWWV12fjFyM7v6AcfJXt,,,aska44425 followers
SigmaFastLemur,SigmaFastLemur,https://pump.fun/profile/8nr2R1dWcuyEY1L6vmr76NNWS56wxphcBt3zMKbSYqSj,,,SigmaFastLemur25 followers
kyyshu,kyyshu,https://pump.fun/profile/DXQeoLntdxtykWE9aoVXFp9nfWYBNSCS3wzyTv42wd6N,,,kyyshu25 followers
bfulto,bfulto,https://pump.fun/profile/9SfGKWNQ43qAG4zKAWvxPTHVZcn56tFveC7BDxYandLn,,,bfulto24 followers
WildDuneEmpress,WildDuneEmpress,https://pump.fun/profile/BNH5QUuhaVrXFRzvnBX99KvQfYSWKxC5Gn2hvastLckG,,,WildDuneEmpress23 followers
FlowerSkyVault,FlowerSkyVault,https://pump.fun/profile/4fJ5y8GkwDv6c1SeihPm1QRfwdMQqVYKSnzsE1LmXFGv,,,FlowerSkyVault20 followers
adminxxx,adminxxx,https://pump.fun/profile/6us4Srs1EMN8Ds7EpXKgGvUtzb6fdD6t6kEggEiPnhXT,,,adminxxx20 followers
Grimics,Grimics,https://pump.fun/profile/CdPYjMVbnx4TH83JwQg67xqx9chqxLEEuH2kg5FywGtG,,,Grimics20 followers
UltraIcedGod,UltraIcedGod,https://pump.fun/profile/GndaUqYm1PQzZgWS1qUyyZvkxr6MBhtCSgDhUZtKgzp3,,,UltraIcedGod19 followers
closetuna28375,closetuna28375,https://pump.fun/profile/DNdCFAtj9RkdMgknPfL2Y6NgoRUmKNNPXcj5EJMfEgf3,,,closetuna2837519 followers
FogLilacCactus,FogLilacCactus,https://pump.fun/profile/2V2DAzkkYLUWABmQQCifk7HdvBofMDisvvRD5JG9F4jD,,,FogLilacCactus16 followers
MaxRareBoar,MaxRareBoar,https://pump.fun/profile/6DnLtEVsSfwvdxwdisiQk9VXB7aHWL37kTrRYN2QhUs3,,,MaxRareBoar11 followers
zekury,zekury,https://pump.fun/profile/4bQbQEPvmcc5ByyMgr1qzSUisBF5QcNrTwHonh1pEfPJ,,,zekury8 followers
AshComplexCouch,AshComplexCouch,https://pump.fun/profile/D2SA6zJQjSqSZgPNXgtyZgs1h8FPKMv5K2MXA7LMyzid,,,AshComplexCouch8 followers
FomoPebbleBuyer,FomoPebbleBuyer,https://pump.fun/profile/airZrxEVHXjyPJW6Vuf3h24dApE2Ck3mTkcnxYhJWDi,,,FomoPebbleBuyer6 followers
dwaddle,dwaddle,https://pump.fun/profile/9FWsCKHbJsBmXuTCheKuCGVwHncczYbkkZUEyvsyt83q,,,dwaddle3 followers
GrootCapital,GrootCapital,https://pump.fun/profile/1a182d4b-4e58-435e-98a7-2a83fe87bad8,,,GrootCapital227 followers
boiledshrimp937,boiledshrimp937,https://pump.fun/profile/BVURNA9qj7zFDxaFTYuUULKgMsZZTqGHBvChDwxHUT8H,,,boiledshrimp93735.8K followers
zendolphin98429,zendolphin98429,https://pump.fun/profile/5CEbueQnq1Ym2uSSx2xXds3jQAqT1BDnkA59RZobSPAG,,,"zendolphin984294,417 followers"
developer217,developer217,https://pump.fun/profile/9UuX6Lerfmu5vsUrBpTepdXLPqMWJsaRzFi3kNzeWaC,,,"developer2171,330 followers"
mingledwhale630,mingledwhale630,https://pump.fun/profile/Dzp1SrZ474xwGp6ZEP6cNKo39u9zeXe1YAuTkyZyv3t4,,,"mingledwhale6301,061 followers"
JeanPhilMadame,JeanPhilMadame,https://pump.fun/profile/BS3FxZoEnDjt76iR3WhEkQZhLqLARVCDFu4dc4Z9dE3B,,,"JeanPhilMadame1,053 followers"
lobstar777,lobstar777,https://pump.fun/profile/83XBMJZEgQ13ZPFTaLr1ktNkUDHVmWpZRMN7AL7BXxnS,,,lobstar777984 followers
adolfdevler,adolfdevler,https://pump.fun/profile/GeBJSHK4WsGrz2HRvTbqvWGx4JRMpHfJG2ikzrYBDuwR,,,adolfdevler941 followers
grimnarwhal3678,grimnarwhal3678,https://pump.fun/profile/FCUPh2jMpii3kPmLmSEiLDuaBG78uiU6AndovkgBYhm9,,,grimnarwhal3678921 followers
sirjohnpork,sirjohnpork,https://pump.fun/profile/EwMz8cE1H7JPkzo26YJfWvSJexr6d9Yr7A1cUYrqa2Yz,,,sirjohnpork842 followers
indig0,indig0,https://pump.fun/profile/B3S71WYixWaDfsS4Kn16KrPWgPGarZrb1YvZ1SDJCAev,,,indig0765 followers
doah,doah,https://pump.fun/profile/3YuNBitiCmfCPQ6SUfwoLiJKtU7shcMsemUVF44f22HY,,,doah737 followers
Swift_Otter,Swift_Otter,https://pump.fun/profile/BQEQ48NS9R9TLycSiEKjnaLErGfXxhMszbiA2SYmNnTC,,,Swift_Otter558 followers
sheertuna52472,sheertuna52472,https://pump.fun/profile/9xdK3DkLZ8CCr3bvvFAXbNcWvAr8BJSyyWDVKwSLwRPF,,,sheertuna52472548 followers
advyyyth,advyyyth,https://pump.fun/profile/GEKZWL474tFAyYDUoTgKEgYuMxT3Se7HzKDDptrnXnvS,,,advyyyth538 followers
axtrades32,axtrades32,https://pump.fun/profile/BWoZVgNjTg5uJG1aK7CWvtHUNraNuWZVY9GjTNFZmdYc,,,axtrades32462 followers
BrumBrum69,BrumBrum69,https://pump.fun/profile/7MfJwQQX9HBpye5SE5dSoY2Jb9J4jNiALDGgQxx2sYZ5,,,BrumBrum69391 followers
saivsol,saivsol,https://pump.fun/profile/BNPfsS1QFJPU1b5f1DbkzJmZA931MmMSRWrPKwE6H6u,,,saivsol339 followers
stoneoneup,stoneoneup,https://pump.fun/profile/F1924TJoDHGfgPACmZsKQwAuda8keVvBzqVWRgr7JHaD,,,stoneoneup327 followers
moneywolf,moneywolf,https://pump.fun/profile/FVxivYL5gaJvL11xH48kxmE2KCJXT2L8bFL1sjfZteZD,,,moneywolf311 followers
raimis,raimis,https://pump.fun/profile/EJDLJfooWfyFCm3MrxeG2FJKVSdyaWcC52fiuG1t3sxi,,,raimis287 followers
xavierrrrrr,xavierrrrrr,https://pump.fun/profile/BAk7jy4pPS9u4tBsbGWVJstrbami8UuxQtRktVFnfx9k,,,xavierrrrrr277 followers
hindmarlin52000,hindmarlin52000,https://pump.fun/profile/GoU9mTtFwQyCSqUyqv7mtA7FSQoqftdavhztXExtvQgb,,,hindmarlin52000236 followers
SagezUP,SagezUP,https://pump.fun/profile/AHGALeqAuRkC7cQJrKwjdL4fSxiz9HkgtMRcRGsrwaqk,,,SagezUP234 followers
MOMOCHIN,MOMOCHIN,https://pump.fun/profile/AzWP5pWaH7QbAwePvsGAjqJTBLLswrFKGB3muvv79xUc,,,MOMOCHIN206 followers
TrunithTx,TrunithTx,https://pump.fun/profile/6MrzWhz5Jt3KkpReoF5pbpcwPWrTekeJyfbbphduF9Et,,,TrunithTx206 followers
gigasealeducati,gigasealeducati,https://pump.fun/profile/3roNeb2ihF4BQSdw3dRdWfJSc4Q3UpgZwNkfUhJ7kLES,,,gigasealeducati138 followers
uppershrimp1980,uppershrimp1980,https://pump.fun/profile/gWinEp6oBvcmzDj9oA2G5PwRRBSdZK1XzzD5JsntL7v,,,uppershrimp1980127 followers
snipencelly,snipencelly,https://pump.fun/profile/2DZDCNptxt1yjDFUwyLjL3hskMTm3Ptw5QVQPJQCQBNm,,,snipencelly122 followers
ItabezUp,ItabezUp,https://pump.fun/profile/53ySUBVJCkvAkw72CojfAa8Ms8F5t8hDYCAyxXsJwTdp,,,ItabezUp119 followers
IJAGHACKED,IJAGHACKED,https://pump.fun/profile/2NsiXHVD8Ge2czhsM7cFKM9CTP1XnQHw6LJWGNTfennk,,,IJAGHACKED114 followers
DeanMachine337,DeanMachine337,https://pump.fun/profile/4ySBhNQHz5A7zXAvQwHHNrxryViDzkBd69jepSTbzeZL,,,DeanMachine337106 followers
doggiest,doggiest,https://pump.fun/profile/DwZAKBWzENadykthxwEqBWTrLnkGmdDvRk9JFngA6pjw,,,doggiest105 followers
huskynarwhal908,huskynarwhal908,https://pump.fun/profile/8cRrU1NzNpjL3k2BwjW3VixAcX6VFc29KHr4KZg8cs2Y,,,huskynarwhal908102 followers
MeowCR,MeowCR,https://pump.fun/profile/z3vsDGu8Jq5ap65bcp6b3auXaTKPGKVCXMXq7JLpPoU,,,MeowCR93 followers
SoyuzCelebrus,SoyuzCelebrus,https://pump.fun/profile/BZ5Qfr4xqNntVcGH7sd3ZQEeeWGDQYaRGJiyqVpMGtQE,,,SoyuzCelebrus88 followers
_CawKnight_,_CawKnight_,https://pump.fun/profile/5gCC7DZbrbCDLypeMvDDCWWdP6XArqu4LJSypdXYtBko,,,_CawKnight_86 followers
MintStacker,MintStacker,https://pump.fun/profile/7MgKaK2QdNrB2FyLvuA88RA1KbmsbqetB3YBrj6vpn1Y,,,MintStacker85 followers
itsamario,itsamario,https://pump.fun/profile/8zpFAgEbxAF696b4NZo1aLQQ4f9GE7W3Fpot5ocx1kxu,,,itsamario80 followers
Tobiexbt,Tobiexbt,https://pump.fun/profile/9vXhFfEhn5sKrGeGit4ah3nbEsXUBiLPSCEHLHTcZL6C,,,Tobiexbt80 followers
DissGod,DissGod,https://pump.fun/profile/DFf4dGwAcDDXiedHZQw6XpztL7Ww7QeHnbEmrcnSbBzP,,,DissGod71 followers
juicy4,juicy4,https://pump.fun/profile/F1Lcsw7wwWCVy8nEFXhVz6uHCVPqUgJnYnCYZgRSX6od,,,juicy470 followers
nnx777,nnx777,https://pump.fun/profile/8edmot5YG6C45ND1vHoefGS1fbqjYYDfK8Aa7pUxB6SF,,,nnx77762 followers
spectacular,spectacular,https://pump.fun/profile/6Fz4cnnvdRSqQzUnLS3Q5M35vo8uRnu5rag6Q6Kbb7s,,,spectacular58 followers
sigmasalmonlith,sigmasalmonlith,https://pump.fun/profile/CnPh97GMn68v1voRh9qrdSTfQS3GiDfqgrREZUGUxvwj,,,sigmasalmonlith49 followers
puffylobster757,puffylobster757,https://pump.fun/profile/79WzjHxHQ9WVjHrCvjoivNiFr5ZNfBxgf3HvZSmNbEtq,,,puffylobster75748 followers
MildFishSofa,MildFishSofa,https://pump.fun/profile/EG6ZRA9fQaJH934QsP2EedNN7FEpD162bo6YhNjvBwGF,,,MildFishSofa43 followers
ChosenOne101,ChosenOne101,https://pump.fun/profile/ESkjbWjo9Q3RyEfbFmVhcZZrQfJJt1ouTQdXKJEA3BPj,,,ChosenOne10143 followers
HungryModernBag,HungryModernBag,https://pump.fun/profile/2Ai8FhoCZ37u7Tr3tNn15WezkNDEYRNLqbCQ1nhK1kR7,,,HungryModernBag41 followers
iykyk69420,iykyk69420,https://pump.fun/profile/DB7ctE4WuaQhYccKwJ7tua8X1RgcF7bHFRSJ9dhpUCpi,,,iykyk6942040 followers
illsalmon03250,illsalmon03250,https://pump.fun/profile/89LHs8qdxHkZ9Mo69wL14baR9Dpmb58kEGQ8vwcye79s,,,illsalmon0325040 followers
devotedshark068,devotedshark068,https://pump.fun/profile/33KcyxzErfoQ3WFq391tsH2nHufPDhJzY43ck2jkB6nX,,,devotedshark06839 followers
aleiahlock,aleiahlock,https://pump.fun/profile/5xJoBZbrXGxvgSGTbdZ5GGhWpJ48HquHApcHEG5Fhny7,,,aleiahlock37 followers
ladymoon3,ladymoon3,https://pump.fun/profile/ESx8RpTp9NnWCAEEZ5YRz5gbCXSzNkZy6HvYSNpP1Mrd,,,ladymoon335 followers
IcedOutBby,IcedOutBby,https://pump.fun/profile/H1JASHmt1uff9uqEHn2oLLNmpY592zSrLuENjrAahbXH,,,IcedOutBby33 followers
RocketBagQuit,RocketBagQuit,https://pump.fun/profile/9yyCJ7AU1XM3FZ9JytnZo9XiBHmWcqrUhsEL4xYv48dG,,,RocketBagQuit32 followers
Its_t0x,Its_t0x,https://pump.fun/profile/BGSukV6DLL1FtaY72ZQAc9RmsDCTtKKVf6KvTDx3Afv2,,,Its_t0x27 followers
catbob06,catbob06,https://pump.fun/profile/DeQqKJtvqqnoAFUro9nXGKUepvsUZGtHwN51T855Qhwm,,,catbob0622 followers
MrGreenThum,MrGreenThum,https://pump.fun/profile/65WfbEfGeR1bDaFguKLaNpPy4zmWJt9gHwPtjgWtduPo,,,MrGreenThum19 followers
madwhale27602,madwhale27602,https://pump.fun/profile/62vHYZ2ELiaq6cndckAB7QoNZvDCyEFBwNZnpx6JzFWw,,,madwhale2760219 followers
kindlobster0279,kindlobster0279,https://pump.fun/profile/Dk9GjEtfB4neL2YU57sJhCJmR7kj5SWy9oceKRaXTZXs,,,kindlobster027918 followers
pumpsquads,pumpsquads,https://pump.fun/profile/2e1aa069-e2b9-459d-ace8-8a3c8ebec284,,,pumpsquads15 followers
bagholder2922,bagholder2922,https://pump.fun/profile/DuAMSTkwRDFAKnbB5RM9fL6L5Qnqgo65FkaL4xvF6hgX,,,bagholder292215 followers
price,price,https://pump.fun/profile/J9HUG3J3jpFeHoZY9hQs2Yz2jT56WtFzyAzuDF7bgS21,,,price14 followers
leaderboards,leaderboards,https://pump.fun/profile/FVz4exknu6GZUAxBEGvS28rkDwTp4jmcJaKXwxTEe8wE,,,leaderboards13 followers
vacantsquid9243,vacantsquid9243,https://pump.fun/profile/ALHHPXbw7sT8vhiM9y6qPwjwQ1w59j66jUZVwry873rB,,,vacantsquid924311 followers
hyperdolphinelo,hyperdolphinelo,https://pump.fun/profile/AZ3PmqP4Nt5bczgAJAU2tJdY57ZCPYmgXugPom4rAyLT,,,hyperdolphinelo11 followers
SassyWoodMaxi,SassyWoodMaxi,https://pump.fun/profile/4dT1oUnu7jaXgxSjJMwJXWsvXT9WzeXFykhG34Jx84hT,,,SassyWoodMaxi9 followers
thindcat,thindcat,https://pump.fun/profile/4t9TJsruwUSr23ccLw59xSYNAjhSvQ4NLT5WQ9g8hSg9,,,thindcat8 followers
GamyFishComic,GamyFishComic,https://pump.fun/profile/DNyW9CSUmJX7Y9rxQjVJQhEoXpBH1BhHGHbQHANXmGMt,,,GamyFishComic7 followers
AlderMaroonVole,AlderMaroonVole,https://pump.fun/profile/ZX1giMTaoyTMzXJx4zt2p9mqp3LtTDdExGTJz3y9PJj,,,AlderMaroonVole7 followers
MudStripedBean,MudStripedBean,https://pump.fun/profile/HNaWMTLCEr6NeQzAz2zmL6VCL88PQrdGqR1HTNLEhHrZ,,,MudStripedBean5 followers
JEHRI1,JEHRI1,https://pump.fun/profile/2TQdYxjFW7ZW186XrS4ipUFxdg13vCSAivi9y4HHnDAN,,,JEHRI15 followers
JollySwampBaron,JollySwampBaron,https://pump.fun/profile/4cpUesg1Xxd5znBLBacYb2cjDcctnj5KsCCSL72cbC8V,,,JollySwampBaron3 followers
Pillies,Pillies,https://pump.fun/profile/7c503e06-d43d-400e-9970-477495585e9d,,,Pillies7 followers
zssbecker,zssbecker,https://pump.fun/profile/7bqZMF2Dc5LspsQQeQgBdPKuy8oUm5uztQj9jVTcYXZv,,,zssbecker83K followers
illdolphin07028,illdolphin07028,https://pump.fun/profile/6DjUJBBgkp3mp1d6D8b8bwgmkEnmoP5Yx8DpQQHaFkVD,,,illdolphin07028727 followers
deecayzsol,deecayzsol,https://pump.fun/profile/Dv32u9mvSXGVNshf7xM7afuMoPRifQxzuzEjfmfMysZY,,,deecayzsol325 followers
LavishCanyonGod,LavishCanyonGod,https://pump.fun/profile/9FawvVjirN7dyiae4PJwyBMzp7WRgBW3sneWG4vnTUMS,,,LavishCanyonGod109 followers
spoilypf,spoilypf,https://pump.fun/profile/AoBMpDEvBAS33aMMSED9nWzTJjZnLq3wVsrLBD92R9Ps,,,spoilypf56 followers
copenfaa2,copenfaa2,https://pump.fun/profile/2AEYYGMRNLYwC1t7pWhtszzS6fcBSDWS6qM3c4R6jNBv,,,copenfaa229 followers
Nnif,Nnif,https://pump.fun/profile/Fk77b3pF8u4YidYASG5wYBghM4pc6jv8jM6dP4H29BNv,,,Nnif14 followers
icynarwhal92734,icynarwhal92734,https://pump.fun/profile/GiLesXFUWkQgqrTmJd9tSC6SSALWm6r86UFXwyz9ej1Q,,,icynarwhal927344 followers
Cesco_Sol,Cesco_Sol,https://pump.fun/profile/7wr4Hf1v72q9eYXRYYg4jpfud3QPL3xLQHFYkZqRMdo4,,,Cesco_Sol176 followers
WalkingFud,WalkingFud,https://pump.fun/profile/9vhLj5JGUu43KNm3m2HZomBkT4CBiu8rqqEUQBmZVgXk,,,WalkingFud29 followers
LingLingFNF,LingLingFNF,https://pump.fun/profile/91850dff-15b0-41e3-911a-14773cecf74b,,,LingLingFNF29 followers
PUMPMEMECREATOR,PUMPMEMECREATOR,https://pump.fun/profile/4gkSSw7JgtQaStyHayq7oosFDPKT5FnXDzc2yuYdDAMu,,,"PUMPMEMECREATOR2,409 followers"
WolfFrogs,WolfFrogs,https://pump.fun/profile/FZU56d9iPqohXM5XBrYYBZLi2UoUnZT4V5Qf2631tEzb,,,WolfFrogs965 followers
metacrew,metacrew,https://pump.fun/profile/FreVBbeYMrbLVfeACW5dUeQDhb8WbM1HjB5SuZSwmZX,,,metacrew753 followers
trenchdigalupe,trenchdigalupe,https://pump.fun/profile/DJkYNGQrbvr4s5ho3NTva5WwYXjafac1rAZTTXyXuJMt,,,trenchdigalupe717 followers
Apacrypto,Apacrypto,https://pump.fun/profile/FRwfpS8JK5hedZu4sjVHxpdRvVrhctjRsxxmdEoCy62v,,,Apacrypto657 followers
thismfer,thismfer,https://pump.fun/profile/4MxcUVYN4CrgTr8fCqJpS2UdJRwPQAKHU2AYJkQu66o2,,,thismfer639 followers
0xPromiser,0xPromiser,https://pump.fun/profile/J6YSoAhzeNLxX23KgMfNaQMYctGbatkbsPTSiJmQ3KUc,,,0xPromiser631 followers
ibuyrunners,ibuyrunners,https://pump.fun/profile/Aptv3xnD36tMnQj3CrET5VNjHAHryTQFWMy71jFxML8M,,,ibuyrunners526 followers
fkugetrichbish,fkugetrichbish,https://pump.fun/profile/CpAzmfxbmsZaM1a7uLGATYfjcE65TYANvQrxfUM91nkj,,,fkugetrichbish402 followers
kj1997,kj1997,https://pump.fun/profile/4rYehv4Hv5k2G8YjvBjttatfFDi6qzgr7aAaE2sDaa92,,,kj1997391 followers
Belfort100x,Belfort100x,https://pump.fun/profile/CHDy1oWVAM8jPHDGYsR2XqwHiDzgQVMGtRGMNW6xtYUV,,,Belfort100x373 followers
rxmain_t,rxmain_t,https://pump.fun/profile/8gNgpWUNMq61zb9ryoU5fAzyGZmB44iJJr5x8yjAr7og,,,rxmain_t332 followers
bonercandles,bonercandles,https://pump.fun/profile/H4JM6rZYwzeEi8AxvDppKhehMGhoDgRkjF4zmCBynTNf,,,bonercandles326 followers
mancake,mancake,https://pump.fun/profile/CZoDWudnMmEQCHRnJDqViresjvm1fvdzXctPtuw7Vk7t,,,mancake312 followers
jimothygotme,jimothygotme,https://pump.fun/profile/2SK2mXk4iVXek3zyqTC1t7w3Txt9mVwgv267MqTG9Khn,,,jimothygotme308 followers
burnaddress,burnaddress,https://pump.fun/profile/2NQNzbEx5vYyGmLe2ELU5p8J7P4VMg3rnV4VM4CAb4oU,,,burnaddress301 followers
ceightkju,ceightkju,https://pump.fun/profile/CXBxh3RfwkNwEtD1nizGx3mrDyz6M2M1b5kuk7QmyPPZ,,,ceightkju298 followers
floppinggroper,floppinggroper,https://pump.fun/profile/FK6QzqqHQSEdXDjp6T42t6Bt7dRiVs3oTXYGd1fZU3zq,,,floppinggroper295 followers
SleepyyMike,SleepyyMike,https://pump.fun/profile/BpcENgzqyaFwzr3LKmgx7Wp7zk8XsyY31uomBa2Vs6b,,,SleepyyMike285 followers
imthepanda,imthepanda,https://pump.fun/profile/5L5F6gsesFdaEgYUTTDDd9QQNNG3TC6zoXbnLBsgorbW,,,imthepanda273 followers
xhaus67ia,xhaus67ia,https://pump.fun/profile/HjtFxYG85TUSDbGowfeKMbWHhu6gRTdDCR4BPe6kfdDd,,,xhaus67ia270 followers
posof,posof,https://pump.fun/profile/GnbcRMeYdmCdA7bbqeYAC1cLwQdiQg4zix13CfXmccXU,,,posof267 followers
rightrightright,rightrightright,https://pump.fun/profile/2brY54J9MEYH1RAVgVekhSusk67zE92zhGQuWtCtEHma,,,rightrightright266 followers
robinhoodplays,robinhoodplays,https://pump.fun/profile/G676AQXSRy4o85a6VDhaUau5sB84hDgQY3KHNZCGgtnv,,,robinhoodplays257 followers
crackedreality,crackedreality,https://pump.fun/profile/5evTus7BUc62bpb2T37M3fY5zyeGrpf3YFGaddEaGNXV,,,crackedreality233 followers
InvestorJM0147,InvestorJM0147,https://pump.fun/profile/Cg6WfucbsMdH5NLgvMkghnH7v4tcUexqt8HJySE8uwLF,,,InvestorJM0147230 followers
ant9,ant9,https://pump.fun/profile/CsnWuLAU3cPY6f6CTWafnpVXPVzwZpBiNPHYfMtSE6u3,,,ant9213 followers
BattleWard,BattleWard,https://pump.fun/profile/4aGsbd4g8DpJ8QqBAYJiC8QUxbvpbZBA3W2BLB84CGta,,,BattleWard195 followers
MURSO,MURSO,https://pump.fun/profile/51CBuvrUPmCFb4UNS5RQRpW4xkRAvsebRtmEhsUZhzhn,,,MURSO190 followers
brokefuck,brokefuck,https://pump.fun/profile/DEReGLsJceJ8TGkPAq3BE5yjVC22DePZLY7m2FkV2dS5,,,brokefuck189 followers
nkysaint,nkysaint,https://pump.fun/profile/EwZk9wQsnu3ViQ2GUUMV9JmiHRtQ4398FVcth2AZzJSC,,,nkysaint184 followers
supercrabmilita,supercrabmilita,https://pump.fun/profile/DokbWdFTQY94EL2nA26wNUK2SYFYL1k43veJ5v3aJKyE,,,supercrabmilita181 followers
cryptooracle,cryptooracle,https://pump.fun/profile/9mQjQptuDrLSoBhCF1QobKmdNQMey9RnHTRQVduLPq3x,,,cryptooracle174 followers
asleepsquid7727,asleepsquid7727,https://pump.fun/profile/AMoLKtk9YcX4woAjriPRw7y2A4nuE9Syfp9qMZGCnqf4,,,asleepsquid7727169 followers
lmao_dev,lmao_dev,https://pump.fun/profile/8xVMbc1uWi5ivchyL13aEtdDorEdW3yPz9A28FvFd3By,,,lmao_dev167 followers
adeptmarlin2783,adeptmarlin2783,https://pump.fun/profile/13ES2rZtWfcYzKaZz51iUhTVgMW9R3aJtS6PKgjWznSC,,,adeptmarlin2783159 followers
jttrades,jttrades,https://pump.fun/profile/FL5zRQyfKoEbwAzrauxsPmFNfopaAi9YnCnWFQVyDjU8,,,jttrades153 followers
CryptoTrenchinn,CryptoTrenchinn,https://pump.fun/profile/7hEqv6SEZjEq73sbCe4kQhk9VgPpZeo1rd5K4ATZJykF,,,CryptoTrenchinn148 followers
AlleyOopOctopus,AlleyOopOctopus,https://pump.fun/profile/B8LtKiJpBdDAQEHGrfAcZGFELywpjNoQpshcrS4erL4R,,,AlleyOopOctopus146 followers
legallyregarded,legallyregarded,https://pump.fun/profile/14JDJp2zwz4Epc6EtqQHZpw3CXVJ5YaSkST7iEky9kZE,,,legallyregarded140 followers
verypoor00,verypoor00,https://pump.fun/profile/6RDHVyh8HieAiihn5LTYUFyduAZVzA8GWFZAUQrbeer6,,,verypoor00135 followers
Blessfull,Blessfull,https://pump.fun/profile/4Ad66EW8hYuEQSCKSVjU64iHKQJS8Cu5FLbhzLsg2Szg,,,Blessfull133 followers
CallingGod,CallingGod,https://pump.fun/profile/2evsecMANbuNb3rCme6UxwCG8A2gncLT7vh9ohtQs8ox,,,CallingGod133 followers
KenGoldin,KenGoldin,https://pump.fun/profile/FQp7CvmnbUzFG29ZoBUyPyMRihYb6cvMs2DujBTu1HGS,,,KenGoldin119 followers
earnelo,earnelo,https://pump.fun/profile/3BTynXHUJHNVxjbKh1F51sMrmZvK6J8PiDYCG4u823RK,,,earnelo98 followers
lateshark75691,lateshark75691,https://pump.fun/profile/2EPUmSDqCoFmqfCsVn7Q4pQtTF1vd4pP9TykVE4a4kUi,,,lateshark7569195 followers
FokuMe69,FokuMe69,https://pump.fun/profile/DLqE7LqsVocXMk4JipZq154jC8GLsmYbizKCK3LNjZXR,,,FokuMe6992 followers
Keefe,Keefe,https://pump.fun/profile/Gfra6vX3E3KAtzs6VrwYDb647iGphG5b4VPfVVhqSHwC,,,Keefe82 followers
fkkruggpulls,fkkruggpulls,https://pump.fun/profile/3VE4gBEoE4Hw29DtCyUr21omFjypD4TModQxhL9qHogW,,,fkkruggpulls78 followers
idrawwlines,idrawwlines,https://pump.fun/profile/7CDHmcRe67uAfPJgHebN3d6a1h8BGpmFEhAyNpLaNnp4,,,idrawwlines75 followers
JuubSol,JuubSol,https://pump.fun/profile/BiHVrfXBiD88YtgbFEpvZAjNV7M8TXm3HhMxNwwXGPqe,,,JuubSol71 followers
DumApe,DumApe,https://pump.fun/profile/EZFBzdoSRUGDbwpdYSsRgDB898qd6hXmY6CufEZ5wHaD,,,DumApe69 followers
GrompO7,GrompO7,https://pump.fun/profile/FiLNkwxxE7iv48L41ft9hfxLse6Cfoxv6fx3adFTyLDq,,,GrompO765 followers
TameFastTwill,TameFastTwill,https://pump.fun/profile/8kVrBpjsz1FLrVfx9Q2BJ8fUS9Ds3vLbDLVg7q1PZ9Y4,,,TameFastTwill64 followers
ChefJihadi,ChefJihadi,https://pump.fun/profile/D63jALmkdaxHPtVRR29GNp8aB7ULru1kP7tfPySwN1K,,,ChefJihadi63 followers
milliesmaker,milliesmaker,https://pump.fun/profile/6ECPW757NGqVKpm4Rb6Z28suQsbWaZemmp12ZVHFWDej,,,milliesmaker61 followers
Solaryn,Solaryn,https://pump.fun/profile/8d7d6L61heHX6aK5Stb2KvYXYuMqGLFhLHNgn5Jic1W2,,,Solaryn60 followers
zensharkkindmic,zensharkkindmic,https://pump.fun/profile/AxbDByzkwstiMJCBA5EnsT3BiLNu6wEtCpRv4ig1EwzZ,,,zensharkkindmic57 followers
1000000000xxxxx,1000000000xxxxx,https://pump.fun/profile/DhPpPoe7ijbhqFD6kosMH1oDCndETberZ1wfWG3paBAk,,,1000000000xxxxx50 followers
thatguy,thatguy,https://pump.fun/profile/crime9Q8qFEjs7RibkX9u7qGyQepMFbxJuNpwP5t1X9,,,thatguy46 followers
archlon,archlon,https://pump.fun/profile/4eysWx8rPBfRP6ACrv1hVEe65FW3EV68tP96VJFKU7Wi,,,archlon42 followers
notoriousleelee,notoriousleelee,https://pump.fun/profile/ENWQoF8Lvch843Re1sST8y8yxqvZmqdFVwBmZWwBZPeJ,,,notoriousleelee40 followers
____________,____________,https://pump.fun/profile/BTqBrk4njnEcJe689JTb1eFWR5PYJAC2vBXZKxzYyUxV,,,____________40 followers
jojeets,jojeets,https://pump.fun/profile/FKX5uWmsBDDAm4HxU5csXBTM82tYz69k5joDoCwrKy8i,,,jojeets39 followers
fishyshark60263,fishyshark60263,https://pump.fun/profile/DnLyBHeVZcC2wQx9vjfCaay8mqX3GmbQQEiYi8kq1amM,,,fishyshark6026338 followers
highone,highone,https://pump.fun/profile/CXagyCFJendCB9bxWnjtoxXmLrXE3nhncqKLCiBjDZmc,,,highone38 followers
SinVy0,SinVy0,https://pump.fun/profile/AmyDv2pnEzMXJvTPGMMhH4KGMnBCpt1Hb55RfWhFewPX,,,SinVy034 followers
NlGGERSLAYER67,NlGGERSLAYER67,https://pump.fun/profile/HgqrtC8BDH3GGdaNG4oZSkSVM7v1prNWCRt8tipebKfS,,,NlGGERSLAYER6734 followers
pumpy_call_sol,pumpy_call_sol,https://pump.fun/profile/61KVq3xGTDnTo1qhWerKSXfebPpGNgoFKe7iwHfWrjJc,,,pumpy_call_sol32 followers
crabbensjwi,crabbensjwi,https://pump.fun/profile/DfqDHnF3T6xGw4YjipMSDkQdKQNTNRyAdc16E5M3poCa,,,crabbensjwi32 followers
TinkerinAbout,TinkerinAbout,https://pump.fun/profile/GjeQV6ofDqKZiLx8f3HGV1edwiHHrdQ7uj3vNAjhenm9,,,TinkerinAbout31 followers
bingshilling,bingshilling,https://pump.fun/profile/5zhmTbr32pNu6XK4MLUurQKwY9embazb9hq9SvizqSmp,,,bingshilling31 followers
GOODGOD77,GOODGOD77,https://pump.fun/profile/9B348Do2anpTRMKPspLXQj26p9sYmx37vrmiVPkG2Sjy,,,GOODGOD7730 followers
toffler,toffler,https://pump.fun/profile/DP1eJLZ691839iEMpAkKkmuHz75a4mWSS47x7P431oY3,,,toffler30 followers
jewyce,jewyce,https://pump.fun/profile/6rpZ5uQA6dUk1GNTMVNqo9KW81f8M5fdtx9wxrXm5qPn,,,jewyce30 followers
SsSooSss,SsSooSss,https://pump.fun/profile/2BHFEPcG2Yr2yVahgkbF8Q4LGvYa21jqHtVtm5ABF1gs,,,SsSooSss30 followers
Gold_Mind,Gold_Mind,https://pump.fun/profile/8w9d6viMkH3FbU7BbkpYxptGTM8cCgjqY5n8deRhKZkL,,,Gold_Mind28 followers
stranger_xyz,stranger_xyz,https://pump.fun/profile/8JEa93MUCfH8qXefNMDozaoXMMwaqq3P7iz2MMGsUUzG,,,stranger_xyz28 followers
BikeTysonReal,BikeTysonReal,https://pump.fun/profile/c0f5f8b8-c4be-4772-a76b-03334ab47351,,,BikeTysonReal24 followers
jasonhunter,jasonhunter,https://pump.fun/profile/9V3Tm5wYfMwgp7Z8o1E7THiKz1uazeQZeQy1cc89DF49,,,jasonhunter20 followers
thewombat,thewombat,https://pump.fun/profile/58d3ydUPZ4CVnFGUR34YcRTmqBTfdPm8SyHtgFsVLWdK,,,thewombat20 followers
imwitarded,imwitarded,https://pump.fun/profile/9MqeoFpmFw8ZgB7GAiB169EMgNxiJxsZ2M9zGuA2sBTi,,,imwitarded19 followers
i_NEED_money,i_NEED_money,https://pump.fun/profile/C4YXYdeoJvnT2Ef6dMXmWnAjVrybQxJFs1CSiHwkiBRF,,,i_NEED_money19 followers
ManVanilka,ManVanilka,https://pump.fun/profile/7sTDNRBHUN4YXU4d6YEL83ydE7uAycDahThU5i4myy8K,,,ManVanilka18 followers
gaylordxx,gaylordxx,https://pump.fun/profile/RVu253Bt72PUJhgvGTtsdznToTpUk6UzWx8s3HWTAMi,,,gaylordxx18 followers
TrenchTown_,TrenchTown_,https://pump.fun/profile/4Zo7GdWmbxAuzYuUjirvFwd6Fk61x1V7Ck3Zz9Tybu7W,,,TrenchTown_18 followers
zewildndcrzyguy,zewildndcrzyguy,https://pump.fun/profile/AK9YkGmd2PkByGPxbogb2XstBk8tCBwUedbyLTZ2Zxw9,,,zewildndcrzyguy15 followers
lukaszb,lukaszb,https://pump.fun/profile/4FTKGLbesUiCEU4sJ7AwE8Qs8eBqGCXgWnoTtnAx2j8J,,,lukaszb14 followers
zenlobster61726,zenlobster61726,https://pump.fun/profile/FLG2kaDWUngt3ZhkGwEA8sgJZZRMMCfiDug2uWVH75bt,,,zenlobster6172614 followers
lordofprofit,lordofprofit,https://pump.fun/profile/DgH3kcbQAPh6Ck4TsvuhXJgQrnJToTAMDkHbaFoVAjpy,,,lordofprofit14 followers
qpx,qpx,https://pump.fun/profile/5NuveA5mStGwrx5z3ZKS7EBL6t1oAprc96oHpXKAUJ69,,,qpx13 followers
IONLYBUYBANGERS,IONLYBUYBANGERS,https://pump.fun/profile/2kJsuYcwM4hQbbdV6KzVMcfqJqXwvp3crSWG53YWWCAd,,,IONLYBUYBANGERS13 followers
linearshrimp267,linearshrimp267,https://pump.fun/profile/9Rb6BgGKXj4RA9UUuZjExFbPJw9rUaHx3PM2YitEUS5P,,,linearshrimp26710 followers
degenunknown,degenunknown,https://pump.fun/profile/3hjXCba2Rc5tDuK2jdKe1KocCNp33syQCpx6H3azW7jp,,,degenunknown10 followers
nbky2k,nbky2k,https://pump.fun/profile/FR6zbDCcJWW8sPqMtkWHMD7L6tV7RHwaNMrnBL8MAyYk,,,nbky2k9 followers
maiunagioia,maiunagioia,https://pump.fun/profile/FxrgNGAHrAMv8AtMF5mQvokCgVXRZMJ52bUhR9BopWZM,,,maiunagioia9 followers
RipperSol,RipperSol,https://pump.fun/profile/5NmBapxSJ6z5TTBsbfhMu71o1MdSdwWQXEckMgoNdPZo,,,RipperSol8 followers
shuttuna40069,shuttuna40069,https://pump.fun/profile/GCyAyadcAs8wJGoULrGzUeWM9LmRuWVHoqXJspjYrXF1,,,shuttuna400697 followers
trenchkidd123,trenchkidd123,https://pump.fun/profile/5HwHa81mmcg5ngYqJFoSzppgNsvDfxGgQzXXpAtrftCi,,,trenchkidd123207 followers
Applebottomjean,Applebottomjean,https://pump.fun/profile/57gsfHMx48nMxF5WX5RXTuYWijHZCm34zrCKrSE199hX,,,"Applebottomjean5,021 followers"
Mimicsz,Mimicsz,https://pump.fun/profile/5tHRrrmu9Y9pzARLDVPHn8soSqNBYCrTJ4ei8eD5wZuQ,,,"Mimicsz1,833 followers"
SlashLizardBurn,SlashLizardBurn,https://pump.fun/profile/3HWEqtPnx1z4oDMTxfA66pfhK7Gm8KF2LKhSPbKgPgdJ,,,SlashLizardBurn458 followers
proseal71446,proseal71446,https://pump.fun/profile/4CRX74nxAdmFY4Eh1WhTrmYqHoxwxGzwXfgzTWvhUfFn,,,proseal71446992 followers
AlphaTenSilence,AlphaTenSilence,https://pump.fun/profile/4aBBexAkMUh6JLTbTuFPDZnmzPcrE3fcngnUKqyKKz4W,,,AlphaTenSilence347 followers
apemaxxing,apemaxxing,https://pump.fun/profile/5tWakziTFkhei34Rpcdj5hRbEhokYuoe7jgDv3zoWuFC,,,apemaxxing338 followers
specialcrab2206,specialcrab2206,https://pump.fun/profile/A2DnUcmUcZEojz8zPAbDCXPuJML6uYMue7TWZsBZkqrp,,,specialcrab2206220 followers
textexanbull,textexanbull,https://pump.fun/profile/BEjRAS9BrF8Q3LmCgmMjvxSajTF1dkyjAMETL4zCLPJf,,,textexanbull204 followers
FifthWheatCalf,FifthWheatCalf,https://pump.fun/profile/5RzJkMjbB71cEhDa2WUsV799FKpDLXLTAtnaGKDksSp7,,,FifthWheatCalf184 followers
MoneyPrinter777,MoneyPrinter777,https://pump.fun/profile/7dNmP8GgWVbsdNVitWqEPd2KWcDgGPq8ZfLyMXUrxeoy,,,MoneyPrinter77736 followers
MrAskAboutIt,MrAskAboutIt,https://pump.fun/profile/m4gQQJTY9vjUio11nkcef9qCsmDGqvQi3qHaupeJiCc,,,MrAskAboutIt34 followers
SkyWhale,SkyWhale,https://pump.fun/profile/4zz6431jKo9HNBxcekTAr4vFRi12jn2j4UM9BewdSMKu,,,SkyWhale25 followers
0xAmarok,0xAmarok,https://pump.fun/profile/8bF9vC437cQowDmuFmrDFrxTsF6d7xR6maJ8zinNTj2r,,,0xAmarok19 followers
BowPumpNut,BowPumpNut,https://pump.fun/profile/DBaZmearbAH18xoShkUt7ZW9sy6cxdEMRmoFkc78t2YV,,,BowPumpNut13 followers
OasisHandyFir,OasisHandyFir,https://pump.fun/profile/GxNs1MoaUjUtNNHrtGLwFHbHquZC7LneDM5iLNXx5EdY,,,OasisHandyFir9 followers
jeetersfnf,jeetersfnf,https://pump.fun/profile/4b930bf6-eee0-4c16-a7a3-9cd16d30f142,,,jeetersfnf7 followers
topblaster,topblaster,https://pump.fun/profile/7C3M2BYsQjhYushBdvJ3KMU4jw2kH38ehvv2q9nWZqvh,,,topblaster100 followers
bluntmanta43155,bluntmanta43155,https://pump.fun/profile/8ZHUP7yQPkVSgg5Z4u6Rdg19eNaKwQSXH16X3JGrjg7e,,,bluntmanta4315557 followers
huxmotion,huxmotion,https://pump.fun/profile/8y83ZUQH8gsbYa9qEyYF6Wdqw3so7L9ThsWREuCVXWTr,,,"huxmotion1,080 followers"
DesertDogee,DesertDogee,https://pump.fun/profile/9gpdgZTNxvSrbiBcFM8aWdCUBvQrcprQR4TmsJLU2M9L,,,DesertDogee541 followers
boxbox3122,boxbox3122,https://pump.fun/profile/55msLm128tQdXLXCXLxd756H9SaCo7wPpdetEioe7D8d,,,boxbox3122387 followers
RealDesertDoge,RealDesertDoge,https://pump.fun/profile/DogeUX58ATqUPGzhTVdEdtpWnkaxWg9kJcBHqjM6Derp,,,RealDesertDoge150 followers
zurh0x,zurh0x,https://pump.fun/profile/DdfD3nWchXtVyfJkWkHPtj9oaMte7TD4YVpvu5vq8Ks5,,,zurh0x132 followers
orlan100x,orlan100x,https://pump.fun/profile/AQG1Uu3iFCrWYLw97NSHq5ND8n4HMqh5rURkLAmiqQbg,,,orlan100x15 followers
lilbro,lilbro,https://pump.fun/profile/96zgEQDs6HvfM2o4tS6U1s83pwoYbSfSR7UCyE8bVd7z,,,"lilbro2,478 followers"
houstonthehog,houstonthehog,https://pump.fun/profile/DYcbufRgaivCGPnD4uEvbH9zXcaTwy3PHcjk18nzw2rP,,,houstonthehog416 followers
PoopyShoes,PoopyShoes,https://pump.fun/profile/7TUW4yrUB91bm9zLUNedwVa3grtsKMJmBukLsvE36bsb,,,PoopyShoes175 followers
mssylveon,mssylveon,https://pump.fun/profile/8Ki76qnFNCkY88aRzWHcbkkLAKXnrtfbewgm7X5kMzTB,,,mssylveon51 followers
medicicalls,medicicalls,https://pump.fun/profile/HroS1zsYWgCRLJUhWYLX3NxcRXNRQbFn1YZCNvM8Qr8a,,,medicicalls48 followers
th3b3ar,th3b3ar,https://pump.fun/profile/DXg3yjvBQBiwvtctEpaCniXHeEcSQy7iBzf84ir3ZaWN,,,th3b3ar44 followers
acesol4win,acesol4win,https://pump.fun/profile/655EWgs9daym5CptGsLsewpj5DCpzmtQcsHoEW8hsykU,,,acesol4win44 followers
grod_gg,grod_gg,https://pump.fun/profile/CdCTdPvd5ohU72Bkkfhd5bxM7tNhrF2PznydsEALah82,,,grod_gg39 followers
Gocham,Gocham,https://pump.fun/profile/GqV3kRUWUmhjfsFcPaVCZmAA8fuK8g31qqUsktT19uMM,,,Gocham21 followers
samfiyn,samfiyn,https://pump.fun/profile/8DNkYnnsmgoveoeTz6po6CSMeJe9chgAmPVquMMjxfTS,,,samfiyn11 followers
seriousgoofy,seriousgoofy,https://pump.fun/profile/4XiEzPUXMgNwa7gzDWsoAMn8Y18bBbkyxmGi6uD7tM4M,,,seriousgoofy178 followers
RichSleepySpade,RichSleepySpade,https://pump.fun/profile/EP6x9RGXomfAewJbczcTRqYtopFSrMBMUhAZBmoD5M3R,,,RichSleepySpade165 followers
bushymarlin6595,bushymarlin6595,https://pump.fun/profile/DLGbYHobBG4DyZCZtZ861yZt7jkiQs8ANcY3SAythALF,,,bushymarlin659581 followers
chroniccrab7146,chroniccrab7146,https://pump.fun/profile/53YVSWZbKqtr4tVtrnnhUrpCk16cXDrZEFDYPNL9u7N7,,,chroniccrab714667 followers
JazzySoftRoarer,JazzySoftRoarer,https://pump.fun/profile/5ft9cxfoRe2kuR5jYVYbNAq38x1d9fzRYaicso4AXJz3,,,JazzySoftRoarer14 followers
OCB,OCB,https://pump.fun/profile/75c4a63b-a3a5-4d1b-9ddc-75d6330317f4,,,OCB311 followers
Trustiee,Trustiee,https://pump.fun/profile/FTTyhVAbAsCY9XudEixb313CwG68J4SoQ82fz4qAurHh,,,Trustiee237 followers
_xiaoming,_xiaoming,https://pump.fun/profile/EK74N8v1F22NZaE8YWbR4V6xAVQMvTCza3Twq1prJ5FB,,,_xiaoming218 followers
blub_,blub_,https://pump.fun/profile/66aG8XAfuWZpj9vcmn2oS2iNW7Rs6ip6Fy6ycE3ep3Jp,,,blub_153 followers
Jan1tor,Jan1tor,https://pump.fun/profile/C73rAxAewYxrgWorGkx1WUMNG95brzNQcPYAbu6izQxp,,,Jan1tor124 followers
TA_Godd_Inu,TA_Godd_Inu,https://pump.fun/profile/4gdZQzvb3moJ1YJYVGJXeUS8JBijKyjxp89h4GURzbGv,,,TA_Godd_Inu77 followers
turbo333TRIpsz,turbo333TRIpsz,https://pump.fun/profile/DhERrK5NyhmikQx4g9u7hdch9Ajiir8HXNPo5fKJSBLP,,,turbo333TRIpsz47 followers
0xMesmerizing,0xMesmerizing,https://pump.fun/profile/DZhenJ7omPrwbggzxhcGCciWyAd6ig3Bg4Rs3bQxkoTs,,,0xMesmerizing26 followers
Kevo0o0o0,Kevo0o0o0,https://pump.fun/profile/2udB9sTtoemtLuodTnsu6ddHe8xxEx1ZUoneKPuhAAch,,,Kevo0o0o025 followers
fbgThanos,fbgThanos,https://pump.fun/profile/5bp3yy91UX3WoyxUL6aNVMpaNLvnBHyzJE53BnPk2Kb9,,,fbgThanos22 followers
bannedseal77218,bannedseal77218,https://pump.fun/profile/Btxty83QiNskbHX5XPMWk9o54SYj9uNpKEKkbCu6gL3q,,,"bannedseal772182,286 followers"
nftdude,nftdude,https://pump.fun/profile/BDZnR7hLaU4GXJ4h2WYZG4qZ7Go9uRYsAmSStsmN6Fs2,,,"nftdude1,538 followers"
sahildotfun,sahildotfun,https://pump.fun/profile/7s3v1jP9o1qZgovd4i9QfKej7is4cLV3uSbqKCNZN9rh,,,sahildotfun584 followers
YungDumpling,YungDumpling,https://pump.fun/profile/G1u2YHhQUmJ897QeZ6y26n6di2VBaeLyt8zbXKLXbrpf,,,YungDumpling387 followers
megalobstertrai,megalobstertrai,https://pump.fun/profile/Bwrb3fuuBsNwHsoLa37VMeSKTyKHcYGgR5SUmZHU8py2,,,megalobstertrai372 followers
Bumba_PF,Bumba_PF,https://pump.fun/profile/BEQcyjDafrZvbyLP3XAxzztjjh27wkVDRzG7U6PdBpn8,,,Bumba_PF356 followers
NADGEMS,NADGEMS,https://pump.fun/profile/363sqMFaxZgvCoGzxKjXe1BqMGYkSVoCwmghZUndXuaT,,,NADGEMS329 followers
Candleooor,Candleooor,https://pump.fun/profile/84SQPGUNgHncjNC9M4GvZR57Sno7X8VQ2hVeBxRcGxTF,,,Candleooor316 followers
YuriwifG,YuriwifG,https://pump.fun/profile/4WauoA8FtFA553VjssWaGbmZAAjt92bSJT17HByixg5j,,,YuriwifG291 followers
decky_trader,decky_trader,https://pump.fun/profile/4ey6hH9yBqpFsJJuJvN1g2ftkfqgFRGsAmJgNW8Wrd4x,,,decky_trader273 followers
savannahvas,savannahvas,https://pump.fun/profile/3wVfRdoiYeJhyVkrDgLuByPLS71dzVYCYeQafdjNUqoj,,,savannahvas273 followers
needarunner,needarunner,https://pump.fun/profile/GaPnTpjGu2q2aJTxZvkVUg6V5ZqY1yw5V7AgxetjL9L7,,,needarunner257 followers
luna_dip,luna_dip,https://pump.fun/profile/DRrCsmYQS33cj7iRdSJCMpMuANbHa15o6vWpNcpDjjgS,,,luna_dip218 followers
avidotter23844,avidotter23844,https://pump.fun/profile/6zMVSeukMUMKu5tDsECh4QMqrCRZqTbTvuawztFfwNti,,,avidotter23844191 followers
modestfish73904,modestfish73904,https://pump.fun/profile/MfDuWeqSHEqTFVYZ7LoexgAK9dxk7cy4DFJWjWMGVWa,,,modestfish73904186 followers
gigastarfishret,gigastarfishret,https://pump.fun/profile/J264qzNLniDHaoELNf9KRpfuhwuQ6QbdZiCzbgoue1uZ,,,gigastarfishret171 followers
addedcrab87403,addedcrab87403,https://pump.fun/profile/44P5Ct5JkPz76Rs2K6juC65zXMpFRDrHatxcASJ4Dyra,,,addedcrab87403168 followers
chillmarlinpuzz,chillmarlinpuzz,https://pump.fun/profile/BeTkc3Wf7A14MQR3kDajyt6hrV46EfGPZMgk8sVLPps2,,,chillmarlinpuzz165 followers
reverze,reverze,https://pump.fun/profile/Dxxdpkdof1PGntWJv7YMmEhDDryErfJtjH6SfuYYXB41,,,reverze164 followers
slykiller516,slykiller516,https://pump.fun/profile/7YGgNKxq27SRZ1MZ7vzdju7kc7ptnfPiZWuvbSTXyw4c,,,slykiller516155 followers
abjectcrab01230,abjectcrab01230,https://pump.fun/profile/cN3odeHSBtaP2HiiDS5xkLSLxmtEr2d5jDzBnQJEodX,,,abjectcrab01230143 followers
some1tookmyname,some1tookmyname,https://pump.fun/profile/9qhhzBRzB4w3JaQan2JMGx6Ed6gHwjXDQRT11yTdur5B,,,some1tookmyname139 followers
ayyyyeoo,ayyyyeoo,https://pump.fun/profile/69gnPkNEFkdaqfqf94owasyAYASwqs1DGZ57g22LWXCv,,,ayyyyeoo131 followers
dimsalmon43627,dimsalmon43627,https://pump.fun/profile/7s1da8DduuBFqGra5bJBjpnvL5E9mGzCuMk1Qkh4or2Z,,,dimsalmon43627120 followers
LovelyRoanTarn,LovelyRoanTarn,https://pump.fun/profile/7FBwbx4GoXunF4PjXRwJM274BMk1oS1gpz138jjSRRhk,,,LovelyRoanTarn116 followers
LavaRebelAirbus,LavaRebelAirbus,https://pump.fun/profile/81tVzaNvRiqr4FQ5gbGDrYtRT4ZEj4nhyVWd12FjmuDg,,,LavaRebelAirbus104 followers
abcdef83,abcdef83,https://pump.fun/profile/DejY9Nf7fkHMo7i2v1LwiG3fcqm7gi1MEnDE18EqxtZx,,,abcdef83104 followers
MintFactory,MintFactory,https://pump.fun/profile/48hyWh85HsqiSegzrKrmfWrcbVRy7aNjQQ5u4sDCAgmE,,,MintFactory101 followers
madisonn,madisonn,https://pump.fun/profile/EkhZCZgVDg32st5YbUZhcfp79DmSFUKNvGGvq3nPfJCS,,,madisonn100 followers
froggybets,froggybets,https://pump.fun/profile/FgUMWrLJi2VMdQAdjfnpViaiaDEnKZjxTjHvmR5Uxunw,,,froggybets96 followers
amberorca62150,amberorca62150,https://pump.fun/profile/Em8J3gBWapfVBGVhVipwQnLrqCvnWBnLajw6XFsFECPF,,,amberorca6215091 followers
weeshrimp20150,weeshrimp20150,https://pump.fun/profile/AuvtNJMmzL9nhqGphC5ZLbur7s6wjtrVQRNY9noXWoFJ,,,weeshrimp2015083 followers
invalidated1,invalidated1,https://pump.fun/profile/FPNuAFCxm3YxfjJEKs4vvhXiiUyYcN6AsPjWYFnbA9RM,,,invalidated173 followers
aurafarmingirl,aurafarmingirl,https://pump.fun/profile/8XknGQzRbwQntendmqnTXzD6Z7MNCxAQFVvzBMKDqj3g,,,aurafarmingirl67 followers
bladexrunnaog,bladexrunnaog,https://pump.fun/profile/AbF3hu12FB8UUMMdogv6SeTTRaHv5xkMqWVkMyKfFkZq,,,bladexrunnaog65 followers
xiq,xiq,https://pump.fun/profile/HixzeCZwwkSRLfeMmUhuwti4DmqsKTVfapUyAByiiExZ,,,xiq61 followers
bentmarlin25534,bentmarlin25534,https://pump.fun/profile/GM1XaBLA7SBjXxQAPvPoPqrxR81V3KJ4RiuLovK66fsB,,,bentmarlin2553456 followers
thisaccgotraped,thisaccgotraped,https://pump.fun/profile/BA9L8nzEBhudtZLTiR1UaQYy13yWJxptv4jgBcpHzvNc,,,thisaccgotraped51 followers
tsumo,tsumo,https://pump.fun/profile/EsyLN84YVXSYTmmCUoYbm4gxmGJvrEqA2v1DqgcWKZHi,,,tsumo43 followers
boldtunashadyyo,boldtunashadyyo,https://pump.fun/profile/DHiVjpjeAoYcT7Er6FwkrcoFC3qTMLctgchJC8hrTDXb,,,boldtunashadyyo37 followers
AlphaMarshOkra,AlphaMarshOkra,https://pump.fun/profile/HV43yQBZVK6ehg9WZfjUqk3ZthXoQQoErW9gV6uTYzzV,,,AlphaMarshOkra31 followers
loserboi0,loserboi0,https://pump.fun/profile/Hto9MjXXTf4nGj62jRtah23YFpfRucuz6yi5LF5BhaYM,,,loserboi029 followers
wildhiredradio,wildhiredradio,https://pump.fun/profile/9sMppkPRujmipPLrDga3VhdHE7EzPse6oC9N8nu8QveJ,,,wildhiredradio27 followers
ruhrohraggy,ruhrohraggy,https://pump.fun/profile/HxBJPfuTqYYSJDzUUz6AANK4dNNkdUVBEaAdyBcxDGXr,,,ruhrohraggy22 followers
CopangaChick,CopangaChick,https://pump.fun/profile/ZAxqsL68mNY2vVYqvYnH8x6XNEoePqz4PbouSKVjbro,,,CopangaChick22 followers
dfdfdfdf,dfdfdfdf,https://pump.fun/profile/BnhRKpbu8sCuPJLtjA3Mckg6y39HfDKfc1NFc32d1w2x,,,dfdfdfdf20 followers
basssmokyfelon,basssmokyfelon,https://pump.fun/profile/5QCZec7qEQrg9jZx8KQR1juLJenMZ2MQAqw1StK8skUj,,,basssmokyfelon18 followers
danny_egg,danny_egg,https://pump.fun/profile/3HduwQA8qYRDNxJyWXEP8Vk52CdL9UELhEjzR37FFsQe,,,danny_egg18 followers
wavysalmon97360,wavysalmon97360,https://pump.fun/profile/ACDbw4Xmo5NHJmBoxDsqhcqEMz8Dh8NxEKKLmkfdgiSW,,,wavysalmon9736018 followers
navalwispystaff,navalwispystaff,https://pump.fun/profile/Fz3t7Bgws1NPQPqWyqeP6eKLDh1oh6WqCtukWxA8jyoN,,,navalwispystaff16 followers
methax,methax,https://pump.fun/profile/CnscBz3PLfwzeYaQB8yh3U1f9RPGWrtKC7CrsfbqEuz8,,,methax15 followers
superwhalefirst,superwhalefirst,https://pump.fun/profile/kJ3wvEMGvdyWpLYNTVALmc2DdaZNRjJtNxb2sRxZcbW,,,superwhalefirst14 followers
pumpfear,pumpfear,https://pump.fun/profile/JA8qU9m7NYzM7LwDTGPhxyDdDqH7Mj34aNLted1q96kA,,,pumpfear13 followers
masked_streamer,masked_streamer,https://pump.fun/profile/8qbkDnhEyfst4Rd6Y6YxtSAfKEgfnxR4uTP61Kb4mNGv,,,masked_streamer13 followers
justbuy971,justbuy971,https://pump.fun/profile/6Z2qs2zLB6ouhQ5h8cLPvqAMLfMPjJ5HBCGKMk99XV85,,,justbuy9719 followers
skimpyotter3095,skimpyotter3095,https://pump.fun/profile/E2UqfNcZZVXWBvNrEHK2n9sbygCihTNZ6C6SDwRHqiwm,,,skimpyotter30958 followers
jerzseygg,jerzseygg,https://pump.fun/profile/mu3zcFuARc5mX7tSVmJduQC98BQBwjHaUA3w7h62Sxt,,,jerzseygg7 followers
quant40k,quant40k,https://pump.fun/profile/quantGE2HCG98NEkbeEj77mduF5pYNAf1XyJdpWz2Zd,,,quant40k7 followers
AWESOMOai,AWESOMOai,https://pump.fun/profile/4s8BX3Un37bzSPz1Zn4wDmqN4rMwifF4HTgKwg3hL1KJ,,,AWESOMOai6 followers
ChillRoundGecko,ChillRoundGecko,https://pump.fun/profile/C1sthCRjFchcAMDE1xB258mp2ekCvG1jUTdo1wqWccd8,,,ChillRoundGecko6 followers
grassymarlin608,grassymarlin608,https://pump.fun/profile/AEcg9ayW6Wrxd2fTmGumEKP9tacQYHDQjktDLdKByyLv,,,grassymarlin608789 followers
gmonadedx,gmonadedx,https://pump.fun/profile/6Nh9gVwZ3wRazUq1ipZodAugaZhz5Yz8f5afPjC6qtDy,,,gmonadedx656 followers
earlynotwrong,earlynotwrong,https://pump.fun/profile/AbTryVHp7uxxk2KwJGnhTa2E4HhM2ZWmd8NpMWjqCWyC,,,earlynotwrong559 followers
runecrypto_,runecrypto_,https://pump.fun/profile/3CPHk5b7SRvAsTsocehAu1bA5YKMXJYMr3qc2SuMFkWY,,,runecrypto_428 followers
ae4_,ae4_,https://pump.fun/profile/4eaEGA4FTUQYJTUyqp6689Gtr5rijTWgRaY2GzfhcYAB,,,ae4_214 followers
bubblegum,bubblegum,https://pump.fun/profile/DY1nBAXk7ou6fNy2UraLeFeFvW81ZkHkanoUJASo9Xpg,,,bubblegum62 followers
lporiginalg,lporiginalg,https://pump.fun/profile/A65121coDRwDaeQvWFwptmBj6rbEcgLiDaPFn8jqkkxu,,,lporiginalg54 followers
Lucaliney,Lucaliney,https://pump.fun/profile/Cw7mFgD8cTqWLgx4UFMjqJmVErkFLHTq7ZwW86g5z8WA,,,Lucaliney47 followers
DrewLevin,DrewLevin,https://pump.fun/profile/EkXN5ZYxL6FkscM59gbBWfonEQKUoYR7wEkGbfr9Uhn9,,,DrewLevin40 followers
sx410,sx410,https://pump.fun/profile/5bUfHCthdfs2F3qpZVBjztipJpHDCmsmgEKHxc8UDr7p,,,sx41025 followers
0xJamesJ,0xJamesJ,https://pump.fun/profile/BKTjyADsU1t2h6gRVRSce7NvzjLhep6GeDDmos2QRD6f,,,0xJamesJ23 followers
permabulla,permabulla,https://pump.fun/profile/APuDAAfU4zfNktsZcFZhkyKz4AL8iGVioyv2QrVpyn6,,,permabulla23 followers
Larry_Fitz,Larry_Fitz,https://pump.fun/profile/Cfvi1TVEyjmeqY3iLmHSwsfVuY2MxZbyHz71WkfyDBT5,,,Larry_Fitz15 followers
muricaaa,muricaaa,https://pump.fun/profile/3FuVpwM6Ks4ZjbZvqMWTZ2aWEBzHR4Ru61gHJ5Jy6nRZ,,,muricaaa12 followers
PatrixStar6969,PatrixStar6969,https://pump.fun/profile/7yvTTQ1CZzzcL8mxpwfekPg7gYfC3drPvW5LVGFMdNav,,,PatrixStar696975 followers
donpepper,donpepper,https://pump.fun/profile/iqmXNTBRu1Uu2vZfqNxLe4cuwTGpcfTTMFuk4ugU2qw,,,donpepper61 followers
RockingSol,RockingSol,https://pump.fun/profile/AxmcXeDGCoMAtcv8gAZDciNJxSigv24j45uhLadyuaPy,,,RockingSol582 followers
deftnarwhal1763,deftnarwhal1763,https://pump.fun/profile/HfNYSMMd26iZQymoMaZNUkJxvbH1v3CgXLB7sLyfHF72,,,deftnarwhal1763322 followers
hauntedmanta066,hauntedmanta066,https://pump.fun/profile/ryYK9SK4wwB2pyhVt45196aqJyXunBw1FW89FgYxVx8,,,hauntedmanta066281 followers
dayzbasebuilder,dayzbasebuilder,https://pump.fun/profile/3s3pMijh1pKRzvx99DiA4cS24xRi9JTBKZqJd7J9Kh87,,,dayzbasebuilder129 followers
perilous,perilous,https://pump.fun/profile/DzCncEtbehhHMbuoqwdfN994fm7jh1rvH6ePK6y8bhBA,,,perilous110 followers
HostileRaise,HostileRaise,https://pump.fun/profile/EEr2ZpfH7RV7jn6rCMfns3rHLDPsnh5xGEzxTBkRRX1w,,,HostileRaise92 followers
airykraken30198,airykraken30198,https://pump.fun/profile/AwX9k6vUA4GTWxm6LvoUK7bSrN488UiQG4jPFwbKrEW4,,,airykraken3019841 followers
ALDemon,ALDemon,https://pump.fun/profile/CxxNSoJbxDLcp6HrNLGvKgnQRA2nZbGiEgUrgyheauL9,,,ALDemon26 followers
LordEdwin,LordEdwin,https://pump.fun/profile/Cqn2kck7gC2wM11jqh8eR5BDuHNgyyrTuNqRSMfC9qiv,,,LordEdwin570 followers
AndyFly,AndyFly,https://pump.fun/profile/BqSoADr5bgLAJDVyS3pSVWU3CTLcrkvekVDmyetXjTy,,,AndyFly411 followers
CoolPatty,CoolPatty,https://pump.fun/profile/4hfuvpkpyZcMhHVLPurUHbdJ3arNq86jEe29wByKTBzB,,,CoolPatty221 followers
sexy_shrek,sexy_shrek,https://pump.fun/profile/BpmcWWWAbzWXFDuV7cSxu6Rxq7F3pAx6JvqBuzw1gga4,,,sexy_shrek69 followers
moarkymoark,moarkymoark,https://pump.fun/profile/2dRRXfqdDa5kudgDZ5W96LCS4Q94B9d37bWM7HkAbu34,,,moarkymoark58 followers
fukununu,fukununu,https://pump.fun/profile/5z3J3dE3FoGgvLVPtq5KrNJGuACnAWorYoCm9R5cncKs,,,fukununu40 followers
RiccoRosasFOMO,RiccoRosasFOMO,https://pump.fun/profile/BkZXXb6BSLdEU6YkPV1YSTFRPy43hWe5riK7Cfm45mBw,,,RiccoRosasFOMO31 followers
Tunggriffin,Tunggriffin,https://pump.fun/profile/HfF4ynGsPRb74R2aUDEy8TaLEqBdezjCNAzSpETsGMNe,,,Tunggriffin24 followers
rinbep,rinbep,https://pump.fun/profile/8jQwM5LhQbhjaWtqw61Msyome4nhvK8iJUCB9PKwcJSE,,,rinbep4 followers
CATALYTIC,CATALYTIC,https://pump.fun/profile/Cwxzs3EHvMdmFUiJf6F2kGiPLAhcR4XBKaEuVLkjSQyW,,,CATALYTIC38 followers
marinymariny,marinymariny,https://pump.fun/profile/DLFFPhVv18Wb3RUk1X8WrTGBsU1AcAiSFdzWvoo8UtVK,,,marinymariny270 followers
bigboypantson,bigboypantson,https://pump.fun/profile/Hp4HVV26rqUR4geRRnsVKTEMroWxPXJwPayrWjZiTVyt,,,bigboypantson242 followers
Frenchcolonial,Frenchcolonial,https://pump.fun/profile/BUUshCBv1rpYWPSpnsSviV1MhNTTWZmYwV4Mo3YoptSe,,,Frenchcolonial202 followers
JordanN9,JordanN9,https://pump.fun/profile/2pB3ZfVHC5sqA4gEYZreo7ksKB4d753RvmYz3ZTgMhnQ,,,JordanN981 followers
STEVEthesaviour,STEVEthesaviour,https://pump.fun/profile/9RZxmztUogynPyD42gLanaxPvZbDVzU28LDStccSo5Mz,,,STEVEthesaviour80 followers
0xboop,0xboop,https://pump.fun/profile/DkrhHnKRupSjiPxLM4MLbYgLWQ3ds3TyLPyNshj73JDA,,,0xboop77 followers
ananazpineapple,ananazpineapple,https://pump.fun/profile/6FcicufM1hFR6ZjPiDEDByXSUUDw3DuYytmShwKz8vXe,,,ananazpineapple75 followers
9999,9999,https://pump.fun/profile/A4tGxKTSAiCMPDfBFmp25RwH2vUSa36zGcot9r4JzzRW,,,999971 followers
toonytoons,toonytoons,https://pump.fun/profile/CxCenHNTfXoVvqjQqEtDtuzjKvjxbvrbK3wdDZYbzyBG,,,toonytoons34 followers
moonfish88041,moonfish88041,https://pump.fun/profile/4yFejCgfGtA68J9GAu91oYDJTXRuzBnuiGrkBbteMJyf,,,moonfish8804127 followers
BingBangBong,BingBangBong,https://pump.fun/profile/AmpmyC9C7k9eKpPHt7N2qPR5cDPmrv1mQPjKjz7xZqRw,,,"BingBangBong3,208 followers"
221234,221234,https://pump.fun/profile/DSMMszFoe51bNs99kxhZqy9eKFiUH4Gd713wRZshq3bu,,,"2212342,134 followers"
THEBREADGIVER,THEBREADGIVER,https://pump.fun/profile/CdoQKournsTERPHJwJowB7DrS2o4tvBywASHPuuumaow,,,THEBREADGIVER225 followers
GEM_no1,GEM_no1,https://pump.fun/profile/B6QnEaMmbWjn4LGDQVA6HGCKXwcjSxio8GN8J5ZnhgVU,,,GEM_no1189 followers
BadNewsBear,BadNewsBear,https://pump.fun/profile/ArCHDw5sAhxEiTrdQhzWFVJZZbsEwoJoYV55CmaC5AbY,,,"BadNewsBear1,038 followers"
_Just_a_guy,_Just_a_guy,https://pump.fun/profile/5PDsTFdBxCSmwu52FDMdxkdGDfJKLHL5QUi17NS2a7kx,,,_Just_a_guy908 followers
smallpnl,smallpnl,https://pump.fun/profile/6QhowAhh9o5H1dzeGCiGNykt5wkw3yDestSaxzw4wdY7,,,smallpnl516 followers
WebcadeDev,WebcadeDev,https://pump.fun/profile/AKPTMaUev1fGoWkVZZuAhrC9dXBHpmCJXT3HEfZpGwMs,,,WebcadeDev230 followers
nothingbuttime,nothingbuttime,https://pump.fun/profile/9SsF9SEYP2P2961mVY14cPfhfggJHiQiUVm6skoSs3D3,,,nothingbuttime90 followers
BattleOfTheMeme,BattleOfTheMeme,https://pump.fun/profile/5cPXAT4zy7xpZhj5UoarRjSNKcFuYGPzTLLTiGaoPWcZ,,,BattleOfTheMeme68 followers
missesturtle,missesturtle,https://pump.fun/profile/EbYozSQfhREY6QLKhkY9u7As2QzDaGaoxSghV5qX5PyW,,,missesturtle38 followers
KLaSSyKant,KLaSSyKant,https://pump.fun/profile/6ftk973v2H3ir18dcyZM9ux6cYEYVB8xTKmyZubMYhyt,,,KLaSSyKant27 followers
istvan_sol,istvan_sol,https://pump.fun/profile/48Nr68ESbcn8u38LV59ZruTq7sGefosec6zge5N8V75a,,,istvan_sol23 followers
Craigeddyboi1,Craigeddyboi1,https://pump.fun/profile/HXerZaHPpra7dXFHw1rsK14n8H5UXaqsMPY8vSvnAc3W,,,Craigeddyboi110 followers
jakeyso,jakeyso,https://pump.fun/profile/3fFUU8yL5kymtJaNFB6AGbPDdxvckfzGDMtqsdsrCXNv,,,"jakeyso3,283 followers"
katetrader2000,katetrader2000,https://pump.fun/profile/HDr9Ag1rWaFAn4QDdBA36Z1q4jg5fkmC4XSG1E9Coioe,,,katetrader2000536 followers
spesu,spesu,https://pump.fun/profile/FaqbH7QDYmwpHT4RKLQrwn9SgeeopgzX2kpQmKjzq2wE,,,spesu321 followers
vvswhale,vvswhale,https://pump.fun/profile/BYqWnii4DiCUgYvNkGPCrPwGTykeNGN3xDrJRiF8FAZy,,,vvswhale169 followers
latefish54822,latefish54822,https://pump.fun/profile/86xCnPeV69n6t3DnyGvkKobf9FdN2H9oiVDdaMpo2MMY,,,latefish54822102 followers
CrawMaxime,CrawMaxime,https://pump.fun/profile/41AmJgFaUgBvjbJLzFrMbCTJsNuSjmAo7pVrdFFX42p8,,,CrawMaxime54 followers
whaledeployer,whaledeployer,https://pump.fun/profile/4iS6184bFC3sE2W3Q3EtkYTsa2zztMdQhg2Cfeih16n2,,,whaledeployer42 followers
Mackerz0025,Mackerz0025,https://pump.fun/profile/CwdR1N6cv4qQPrsszAdJqWLMR28yzG2W8r854bpFVncE,,,Mackerz002542 followers
DiamondCapital,DiamondCapital,https://pump.fun/profile/75d3999f-32d0-46b6-b963-7b4bc17f9075,,,DiamondCapital9 followers
elonmusk,elonmusk,https://pump.fun/profile/8YgDQwKvhRKqXeUBoGXrmuEQx3ECFuY9teAbzd5awPsw,,,elonmusk7 followers
iDontFullclip,iDontFullclip,https://pump.fun/profile/g7As48s8K5gLsEJDsrZ4vKvaGhq78Lz5zjJUmV2oogV,,,iDontFullclip850 followers
maxxx6,maxxx6,https://pump.fun/profile/5QQ5Xi9iyY29th4bt5q9GEA1QFSVprMDk6FRadupE7Aj,,,"maxxx61,036 followers"
turbooctopuslig,turbooctopuslig,https://pump.fun/profile/7oGnfiGdzwaDztTjNE2FvPmKpxG6JGwYzA2iWyXn7eLj,,,turbooctopuslig375 followers
Stoicc,Stoicc,https://pump.fun/profile/6WxiAPEuDrKncBDfm87zA1DiSbtCksSrM5oGgdN3HBug,,,Stoicc366 followers
Devin_Mailman,Devin_Mailman,https://pump.fun/profile/EbTf6S2gbeReGp2CYb72NJQM7TqwGh6SB4xXCUr83kve,,,Devin_Mailman341 followers
LevelFanGravity,LevelFanGravity,https://pump.fun/profile/C7uRNFTcxHZHjNToUZQT34xCuuFSKtTuMmhF8i3jW5SX,,,LevelFanGravity321 followers
fkyouhigher,fkyouhigher,https://pump.fun/profile/FkycJXpp47RPkGn1hAsPkxwqK3QTPqNG3WRerEv1P46R,,,fkyouhigher269 followers
defnotdegen,defnotdegen,https://pump.fun/profile/36dZKJq61VmUaqKDVDCN4KrfceFvDCNa2kPsXDkSwKtv,,,defnotdegen265 followers
artorius,artorius,https://pump.fun/profile/AjS2epGyyiZxf52p8exyB9w5T4ahXQpMg4xDKmd8kqNF,,,artorius206 followers
PieEastReferee,PieEastReferee,https://pump.fun/profile/9hVshY72iH5r1GWNiZtY8b6JFFJHRtQQ4h35t2Ema6td,,,PieEastReferee202 followers
estebano,estebano,https://pump.fun/profile/4gYVBe9SJewzVKxmWb2gCaTq75wtso8d6tEGY5TstBj5,,,estebano168 followers
bullonadip,bullonadip,https://pump.fun/profile/BiDKoCV8Rgme29tZ1AanuGQRsWRhAWuJSa6dnfq5xkgC,,,bullonadip164 followers
404lzy,404lzy,https://pump.fun/profile/HUcbejSCVSZn4LW3wD3JTxhsR5qEJriBeMGY6ubwCyLx,,,404lzy131 followers
RufWheels,RufWheels,https://pump.fun/profile/F4zw2tBwnV2VtRSD6ctEWLGzsqXj6pt352c3jbqaWTRn,,,RufWheels121 followers
4BRx2026xpump,4BRx2026xpump,https://pump.fun/profile/5WGcFti7sFw5G2XZDhAQwBn6kp7w171usW5aJj5pNVer,,,4BRx2026xpump121 followers
obesemanta20203,obesemanta20203,https://pump.fun/profile/Aw7RbPpvd7FFcVsTzvQmNVp4w1kAV79Qb9TLXnnEscwL,,,obesemanta2020387 followers
GGwif47,GGwif47,https://pump.fun/profile/2r3HubbpweLpkYbk6DZC5PafJ2WwYRXwV6To9gtE62sM,,,GGwif4781 followers
RealDEV_,RealDEV_,https://pump.fun/profile/64bdXduQZRQZXr3trZNrf62fePfxKnNxPAUWVbh6wNoW,,,RealDEV_78 followers
kingvon_tek,kingvon_tek,https://pump.fun/profile/14PaMcMsZzQBBQBsqDS6uVEyn8HnZ56UTUfTD52FSnMq,,,kingvon_tek63 followers
alphacrabwovens,alphacrabwovens,https://pump.fun/profile/63t9ZWurAiWFfFFn5KKvyPFcAa23upzQHkVMsZ4GbmTj,,,alphacrabwovens60 followers
MiliarderMeme,MiliarderMeme,https://pump.fun/profile/GWHcTEQV4MxjtagmquxwgSqXRxpUR8qJWYEdZ6ymyQh7,,,MiliarderMeme58 followers
Scavengers,Scavengers,https://pump.fun/profile/388e6e1c-a8d3-4623-b922-745215eaa8dc,,,Scavengers53 followers
cozydolphin7997,cozydolphin7997,https://pump.fun/profile/BA5P3gNKSaiv2i2618F5FLd9KL8F6jhkXoNixQSAT4xR,,,cozydolphin799751 followers
4mBGZf,4mBGZf,https://pump.fun/profile/4mBGZfAgMHY5TbCmBEUjAMqo8F9kY27g2RRpfJmpmKew,,,4mBGZf26 followers
FASHR,FASHR,https://pump.fun/profile/719sfKUjiMThumTt2u39VMGn612BZyCcwbM5Pe8SqFYz,,,FASHR410 followers
Asta1,Asta1,https://pump.fun/profile/ASTAyBjCUG3xDQKEvP6nffYZwWmXKWybNoRhix7b5V8h,,,Asta1172 followers
johnnyblazze,johnnyblazze,https://pump.fun/profile/HkcXf3w8T6sJi1rq3DsaWin99V8rJjAJcnNxhq3W6mTC,,,johnnyblazze15 followers
grimwhale15856,grimwhale15856,https://pump.fun/profile/g2kai8M6mJQroTG1EGGtP4RQHaqStDgsXGkukLutzo9,,,grimwhale15856741 followers
f45w4,f45w4,https://pump.fun/profile/EGZg2bdZCrwU9i9UDjsDHPEkg9ebhmrFc19wjZjsPcTA,,,f45w4176 followers
topstarfish6975,topstarfish6975,https://pump.fun/profile/Aedjcgq8EpdyqX1U7SU9sSBW7p6Ldhkw1TzCMxvn6f4u,,,topstarfish6975136 followers
dryseal46275,dryseal46275,https://pump.fun/profile/GbjYhc9qQHpyL2E8yMaqaa7XeNChhA86E7TxaYDxAHmA,,,dryseal4627574 followers
bulbquant,bulbquant,https://pump.fun/profile/792em9t2tiNqecDxgpBcLmdgHtgAAtUYaMocPFLkDQHC,,,bulbquant38 followers
shanksz,shanksz,https://pump.fun/profile/8afJrXKB7sEoCo3pC3UTr8ejhGQDDYsiq6YnJgQuRGxC,,,shanksz84 followers
k_vlde,k_vlde,https://pump.fun/profile/B2ToNMN42ftyCFeAJD9vm6JD9bdqAAHGUxnGhb4vCNmL,,,"k_vlde7,374 followers"
alpatch3,alpatch3,https://pump.fun/profile/4SBJLGjLNz9fKdUDK1B2ixW4EC1WeoT2fHBeSexYZ5aW,,,"alpatch35,612 followers"
orion_alpha,orion_alpha,https://pump.fun/profile/DAyWWFX8psHFyGwBSpFgqBuXfUWpLKjHmPtH2mu7g4jb,,,"orion_alpha4,718 followers"
luk_filter,luk_filter,https://pump.fun/profile/8cJvDtZLFFQnhkgfLqggRvRf3NzjSahL18XBdfCeuMWB,,,"luk_filter4,474 followers"
LadyboyDestroyr,LadyboyDestroyr,https://pump.fun/profile/5RmywfYqdCuFHCM7vFfoKaobD6MZharunTMT1qQHiy93,,,"LadyboyDestroyr3,726 followers"
DrAlpha,DrAlpha,https://pump.fun/profile/7rub7XPEpg2rZceWNmFsBkhijXuFHCyR9QWq3fEyK8mm,,,"DrAlpha3,001 followers"
workerzzz,workerzzz,https://pump.fun/profile/HTcPDpzxMuMZF9Xbb7iTHGsZ77BFUGqJPqDp2GefnuWQ,,,"workerzzz2,909 followers"
TheRealTachii,TheRealTachii,https://pump.fun/profile/6HQRZW6zT3vJzJuiQJ3VdubTCbCAk6Av4uTSWzdLUqZY,,,"TheRealTachii2,505 followers"
hydra_degenx,hydra_degenx,https://pump.fun/profile/Gok67i3oHRs6ZrwrJkssL8uZWR46ekGdAPewiYZAeRfv,,,"hydra_degenx1,978 followers"
crabinator,crabinator,https://pump.fun/profile/CHpAXNGmtfkPzQ6wgCa5gnAH2BfVeBstYXUHdt223DXQ,,,"crabinator1,938 followers"
turbolobstersix,turbolobstersix,https://pump.fun/profile/Ew58rptSs81EDh1BCGzdbuZjmowfADzHgf4cNKrgoeNP,,,"turbolobstersix1,695 followers"
constanttuna016,constanttuna016,https://pump.fun/profile/8uwyMxThgnTmBLUdkYtzG3b1n4QjpGhvBCEYm2tE1dfU,,,"constanttuna0161,634 followers"
PlsUseMyCalls,PlsUseMyCalls,https://pump.fun/profile/4NRFWVdLhSBkKt89nCRbVfbLpSvTsW4jyLquG7jstuqr,,,"PlsUseMyCalls1,601 followers"
tiulo_dip,tiulo_dip,https://pump.fun/profile/91fvxEKfaUBBSznP86HZYN7ATCpQdhMkf3qimAduJfAW,,,"tiulo_dip1,513 followers"
LittleBigMan,LittleBigMan,https://pump.fun/profile/85Nv5zLFjSX2xT3bJVLcrsynpEEbU3tQRVdCVFZKL3ea,,,"LittleBigMan1,472 followers"
pipinstal,pipinstal,https://pump.fun/profile/CtRM61zVL6RdP8CpSyGcTFrNJm88VQeBmtJzM2AdW8PR,,,"pipinstal1,452 followers"
winnerwin,winnerwin,https://pump.fun/profile/56CAAJg43yNYX5ADT2jVdiTRMUbC485ZhWSNJFUSV7Qy,,,"winnerwin1,410 followers"
hiddensendo,hiddensendo,https://pump.fun/profile/4A2GsbyNfQdqvf1Upz8GTXf6f3j5tcx8qko5yMbiFD8D,,,"hiddensendo1,345 followers"
memes4charities,memes4charities,https://pump.fun/profile/Fr1Cfqzhe5YrG8L6BJSqQtVHSM6ZxjxosKGBiWe26ruL,,,"memes4charities1,347 followers"
bigfish14,bigfish14,https://pump.fun/profile/DCqk5Dr3La5qbbruGDjPD5cws1o3Moo8BiZVCAUowFE1,,,"bigfish141,319 followers"
laviedepauvre,laviedepauvre,https://pump.fun/profile/3X8782oi2UBDcToKWYaeMAc4c2WF4wDWU3bBSvGMVxxF,,,"laviedepauvre1,212 followers"
nyarlath,nyarlath,https://pump.fun/profile/9EPHRt9EaBqhQBpb4THDhmcs4j9EcdTS25qw78aP7neD,,,"nyarlath1,171 followers"
numbkeencork,numbkeencork,https://pump.fun/profile/F2CpQV2RsMMXL1sRqy2ewq3vLuSyvvQT29kt5tYd8G6t,,,"numbkeencork1,147 followers"
sillysausage,sillysausage,https://pump.fun/profile/EYvGLf3e3iahmtXRp3WHiCq1qgUq7WFC7rGv7jx9AV9w,,,"sillysausage1,097 followers"
xBxYourself,xBxYourself,https://pump.fun/profile/4BYjXY3RS1wKVo89g9rJQF76TWiwVxZBHRhdzCed563R,,,"xBxYourself1,079 followers"
panicbuyer_,panicbuyer_,https://pump.fun/profile/3SoxgEdLMuUervqJL1KqhqsB43MGDmQ7Wz34bgHDMyzH,,,"panicbuyer_1,060 followers"
layfreshbarb,layfreshbarb,https://pump.fun/profile/EMA3gmBVncrAtCSmSE9fpAbVPETRuMkhiJEYV7t3fqKB,,,"layfreshbarb1,035 followers"
wwwd,wwwd,https://pump.fun/profile/HEye34TsKiksdfSppNp2PYQFqUZb7gCnd3X5etQUK7Dq,,,"wwwd1,026 followers"
wenz0o,wenz0o,https://pump.fun/profile/DKuNKQedB2yG3HuLgfZrgu2UcrnNxdVnMugbDGdknvbh,,,"wenz0o1,005 followers"
ItzMoha,ItzMoha,https://pump.fun/profile/FgNZrM2xsRHphAdvXuB53euZDUjb6MWPgSBWHnFqgkGn,,,"ItzMoha1,002 followers"
ak__,ak__,https://pump.fun/profile/7G6Et7oF4Lt9RvikmF8a71EwX5Gj9hw8PmSVswmudckb,,,ak__966 followers
GOLDenGODess,GOLDenGODess,https://pump.fun/profile/Bdpd4aX1ANwDh91F3AnudXfFa1cnuZbJUDBeRDTfTqtQ,,,GOLDenGODess947 followers
bagchaser999,bagchaser999,https://pump.fun/profile/HpXny1xqZqg8drxETR1gDHKdnNK49ZYwFWLxZGVP7mJa,,,bagchaser999932 followers
BoiledFairStay,BoiledFairStay,https://pump.fun/profile/7zRmP2PxXxXh4c8GuE9kkZvsPp6YwSrdg6Uj6NJhWdXq,,,BoiledFairStay925 followers
TheDipWhisperer,TheDipWhisperer,https://pump.fun/profile/29BvrUmdZhWA9MowDQBpbEnQWhGgLgUQYCxiW8ysQ6Et,,,TheDipWhisperer925 followers
MOONPARTYBANGER,MOONPARTYBANGER,https://pump.fun/profile/RpsMtYTFz42FVxHA2fgsUCZvJ5popsnxdtZ22NVDADU,,,MOONPARTYBANGER907 followers
wakeupneo67,wakeupneo67,https://pump.fun/profile/BwPFmWgirMuf7RDyxxBg8eBHwFuqSTupSdtgG3DRNpDd,,,wakeupneo67891 followers
neko69,neko69,https://pump.fun/profile/2pidmg2QDs8j98W4ZZrPNgTiMdzbqmRxtFLjbkX2i6ic,,,neko69861 followers
nouser1,nouser1,https://pump.fun/profile/6bor5T6jza1jg4d83Z6uv96m5cBqhMd2mNWeD9W1Gjig,,,nouser1837 followers
Crypto_Key,Crypto_Key,https://pump.fun/profile/2NJQY4GpGKC1YZEVRmo1uzNMx9A3NoQfC3sTG3X1yDoB,,,Crypto_Key826 followers
argazim,argazim,https://pump.fun/profile/CRzpBtFwjGkYKjwPSBzC4mn8qF2eb7XpjfPemubT4dgE,,,argazim796 followers
SasquatchLurks,SasquatchLurks,https://pump.fun/profile/ESy7XRDdcz2ydjvLmZgDPXPrhZkd8BUUHNjDxWuWUCdG,,,SasquatchLurks785 followers
pinkreaper,pinkreaper,https://pump.fun/profile/CoWQnHo5MJTf1NH71UCWNnYno7tkJETMVC7eVPe15QaD,,,pinkreaper783 followers
exeycrypto,exeycrypto,https://pump.fun/profile/84vGsG7BHQWKXvYxtHCKBeCG18dwm7DsCZoco4Ez4oDi,,,exeycrypto765 followers
NOTSIW355,NOTSIW355,https://pump.fun/profile/FiNfQbWhqRL3bx8LYwfCXm1n98V7wAutQLcLXzsusHoa,,,NOTSIW355760 followers
ProfitableUnc,ProfitableUnc,https://pump.fun/profile/7wApEzL5nKm6fEpteaSvAxtzDPzvnd2LdjATRyWH1JGh,,,ProfitableUnc753 followers
chillwhaleutmos,chillwhaleutmos,https://pump.fun/profile/2oosgwS9FQLc2TYDkBroNiTfTMzKkUZGsbTNAhkFzvFN,,,chillwhaleutmos754 followers
shuvojit23,shuvojit23,https://pump.fun/profile/6Xbyi4p3SeUg3XbGRjYA1JUWmtTUd2JiaBZX9ttpArvj,,,shuvojit23746 followers
DCRYPTO171,DCRYPTO171,https://pump.fun/profile/5rJSr9YJQUvv2x8uuZu3w8r1KLGVdFHCfYNRZPBXEVi2,,,DCRYPTO171739 followers
YZ490,YZ490,https://pump.fun/profile/B9MKk6xgZdXnch2EW2CLkdeoeyM7qQBrovFboJBCUpf9,,,YZ490744 followers
cqdsum,cqdsum,https://pump.fun/profile/CQdPH7dU3Y3vsHDazFcDkuVNbZ91iWRC2Hj326bSzSuM,,,cqdsum741 followers
bitcoinbbb123,bitcoinbbb123,https://pump.fun/profile/BDqfi4iSoV444ws4gKQzH2c8qssdwSYY3gqEZAQxcDvd,,,bitcoinbbb123732 followers
AbsoluteCringe,AbsoluteCringe,https://pump.fun/profile/BLeWeeXvZS5dJxraEPfrUAfPcvXhSkbvoMSMJskFegw6,,,AbsoluteCringe711 followers
EvilWojak,EvilWojak,https://pump.fun/profile/GWExHzCjzaXkW3fjhZuVFXEyv1fEH6PcS1mBTFzzDq98,,,EvilWojak712 followers
bullonsol300,bullonsol300,https://pump.fun/profile/9zXtNvd6UcfgAiQPb1Qeu7yxDbArvNS3huQtbhqEYqhc,,,bullonsol300708 followers
lastunknown2,lastunknown2,https://pump.fun/profile/AKj6JJPcHpWgL614LcPqaZj8k5YYk8jRAcfbdUrYcJKG,,,lastunknown2700 followers
dirtypumper,dirtypumper,https://pump.fun/profile/CEC8SGJea2R4gUrL9C3cCJDa9ChhLie2NmCSFZfwD2hD,,,dirtypumper700 followers
dipon,dipon,https://pump.fun/profile/9g1ME6xaRVMC1EabPkQwyBpHGHWenSt5HKMzfino4fMd,,,dipon693 followers
midorfeed,midorfeed,https://pump.fun/profile/849AB8U87G6TPrECpY2FeVehcztM9pLQZrWWZbcuAJjN,,,midorfeed689 followers
buyalert,buyalert,https://pump.fun/profile/3oPg4daCVsux5Jyoruoiug8FAxNm8L1f1ejZLMHebyLc,,,buyalert693 followers
Nobiliorixx,Nobiliorixx,https://pump.fun/profile/B1TJsjhPCfjgN5x2NWigXXPDKN6hSXHuEek3DSSwPwDi,,,Nobiliorixx687 followers
8R48U5,8R48U5,https://pump.fun/profile/9E9hbk8bEq81S8dU4Q5tfSFrYovvEWwWCkwg9TPtxhXf,,,8R48U5678 followers
PumpedRice,PumpedRice,https://pump.fun/profile/4zvLAvMbDqV69TXB67s2mF4miPnJG8QncxLC5YhxDiaF,,,PumpedRice679 followers
hotmeltedsalmon,hotmeltedsalmon,https://pump.fun/profile/2pV7sJn5PcZW89qHCB7849ut65tNKT4MwW5grwGsaCYU,,,hotmeltedsalmon663 followers
solinflow3868,solinflow3868,https://pump.fun/profile/48PyBvzzuqKR5p2WAkVQ1thsSKJ5keYBB15t79UBLCy5,,,solinflow3868661 followers
FPINGS,FPINGS,https://pump.fun/profile/FW4cF2UmD8PEYSeSH2nH3UnJ7UTVzZXJMxJ5saPvtqmk,,,FPINGS654 followers
Scuffyy,Scuffyy,https://pump.fun/profile/RgfCe2AHWyPvFXYh4MJYi7LUvDWJ8jjXdUsLqA5C1HC,,,Scuffyy646 followers
PumpHome,PumpHome,https://pump.fun/profile/9Up1cQs3YMuTcFEdpCp5HGhMek8pxsLfm9BZu2FzWhNc,,,PumpHome632 followers
DevE33,DevE33,https://pump.fun/profile/CgJUFSVJxtVxKv8yQcsAvuFsjbyYvkRb69ZSgEL1bkQv,,,DevE33605 followers
BuyNow_CryLater,BuyNow_CryLater,https://pump.fun/profile/6akKKpZetoirYP19UT4qdsRjhTL9z69sPVphdfscdQc8,,,BuyNow_CryLater609 followers
zaya333,zaya333,https://pump.fun/profile/2Yqj2tqBWrf8zGXpkKKRaodXbdfvmLTJZ3jVUGpBd6p4,,,zaya333600 followers
DCASH24,DCASH24,https://pump.fun/profile/AdGkQiG7boNVhygRYWyi9vCiT8jb23nKekWq4JDKBh5a,,,DCASH24600 followers
DGroup,DGroup,https://pump.fun/profile/3420c326-0cdc-40bc-9f89-00428b3a689f,,,DGroup358 followers
UnevenAlikeCrab,UnevenAlikeCrab,https://pump.fun/profile/HaHToYj1EDQf2FzwV9g34wWumk1nsgv55Mu2ou7FFX9Q,,,UnevenAlikeCrab438 followers
Glaceon,Glaceon,https://pump.fun/profile/8953xsCX2M5unADjuTGruB2qBjhehVLSrw7Y1kAAwMQr,,,Glaceon369 followers
PumpTeam6,PumpTeam6,https://pump.fun/profile/0d7810b9-98a3-493b-8b13-6724419754a2,,,PumpTeam6219 followers
jensbullish,jensbullish,https://pump.fun/profile/2DKFbRaGAHjjNrLgN4gV5eA6sGhKM6qxbd2PohnW7PTB,,,jensbullish61 followers
seedlings,seedlings,https://pump.fun/profile/e66119e4-8f51-4199-bb50-4a436557601a,,,seedlings2 followers
nokaprich,nokaprich,https://pump.fun/profile/2KMR4YqX7QWf8LK9AGVBzg2hiYJQZxnCfCRtSwpFs3P1,,,nokaprich333 followers
CasinoCabal,CasinoCabal,https://pump.fun/profile/8cf4b2f7-c11b-49a1-86f6-b16862ba523b,,,CasinoCabal157 followers
pinuonpump,pinuonpump,https://pump.fun/profile/6wd4KqfsU8LfpWQg7JRsQncZbqNXakqd3V8tsx2Xh6Bp,,,pinuonpump85 followers
2QUICK,2QUICK,https://pump.fun/profile/Q4xSf2tprcLtv25AKbmQtbS82gdeEfm7Tkpm1H3KLWa,,,2QUICK45 followers
perk66,perk66,https://pump.fun/profile/4BTyH6AeThtDbeFgYArSEAeJ6jm5scidDoC3oiCcpG22,,,perk6613 followers
nekstoer,nekstoer,https://pump.fun/profile/4CrK9iGYQ2eb5vGj2b5ij68B4H31xvgYCbSFF4THo98e,,,nekstoer3 followers
westlicia,westlicia,https://pump.fun/profile/JDd3hy3gQn2V982mi1zqhNqUw1GfV2UL6g76STojCJPN,,,"westlicia3,656 followers"
davinchixo,davinchixo,https://pump.fun/profile/9BjcGY9ZfMvS13ozDRMwCaR2toE71hiLBXXvqBcGmeiU,,,davinchixo837 followers
kingpigger,kingpigger,https://pump.fun/profile/ARW9NzhpuBVYaYBZo6fW1P1U6LTNwUY6jfi7XC37Sa97,,,kingpigger506 followers
BEBOTHEBESTMAN,BEBOTHEBESTMAN,https://pump.fun/profile/8urxdGQCaLc1YJVzeYbwJ9dFxwS67uzhtjX5qVzJRhbv,,,BEBOTHEBESTMAN502 followers
shawmakesmagic,shawmakesmagic,https://pump.fun/profile/DScqtGwFoDTme2Rzdjpdb2w7CtuKc6Z8KF7hMhbx8ugQ,,,shawmakesmagic488 followers
99wc,99wc,https://pump.fun/profile/HCYaKTuofo8R2zFpGmScKUh5namSw4c9FMPp1skjWiKP,,,99wc355 followers
rockeylul,rockeylul,https://pump.fun/profile/5fM9cY5GMo8QtTmxuvNx7bWFUoNhdQ1H5w8bMdXGVtaH,,,rockeylul325 followers
bullfrogger,bullfrogger,https://pump.fun/profile/H8geSateJ2T1jwS3KNb7CpadgNTSRy5JBtzYAuaovhBd,,,bullfrogger305 followers
degenforlyfe,degenforlyfe,https://pump.fun/profile/EciArqANFM4EoJtCyu71Rj38WrRbfNvqCidZ1qE3PJo4,,,degenforlyfe297 followers
cletusmane,cletusmane,https://pump.fun/profile/2kdMB6p1YHFCydksFofpgKERqAGDFrfgqQRHHfopjdvX,,,cletusmane222 followers
anon7gn52ndm4g,anon7gn52ndm4g,https://pump.fun/profile/7gN52nDm4gxeo7rBMBXMvKVkm6QGKtDKpj3idZTKy4Uz,,,anon7gn52ndm4g207 followers
AmiriDEVS,AmiriDEVS,https://pump.fun/profile/EQfY5ZrVa1cyaJL5zTruNXJePEeWL5LECC7eTLp5V4Zu,,,AmiriDEVS190 followers
juckthefews,juckthefews,https://pump.fun/profile/7oEGqcyjQxQmJwST191xvEqhmEt8nhMM8QvUmmciuokr,,,juckthefews180 followers
r2d2,r2d2,https://pump.fun/profile/AadhL576hWeszQKLZArL47D24mRut6jQ8rqFTYX3aWo6,,,r2d2176 followers
locologo99,locologo99,https://pump.fun/profile/8e5xATAqtNAaFmoTuQQCVoQhHFJ66TaoNUEX11vTMTBP,,,locologo99161 followers
plushseedysod,plushseedysod,https://pump.fun/profile/ERPiz3S2Bsw9Hx6nGmmYRumhPufiFeuFhC8xGAjdDxWd,,,plushseedysod138 followers
himothydaniels,himothydaniels,https://pump.fun/profile/CCrg99e9X8QfN3K25ZLfzGBSgBr3u2gVZcqWDe4t3kPi,,,himothydaniels136 followers
nottoshi,nottoshi,https://pump.fun/profile/58MYf3jr5fwS8n2fHhByefHhzQZB9KQgCgW4x4pTFb3d,,,nottoshi129 followers
turboorcaendles,turboorcaendles,https://pump.fun/profile/5we2HHfH6erskixiZ2sARRxYm7uXGBBZ3hiooQxWJyQT,,,turboorcaendles126 followers
boldsquidwelcom,boldsquidwelcom,https://pump.fun/profile/CWxA55GwUUkKXe5kU8JhQotdmpyQydegsZsXq4tEjc7s,,,boldsquidwelcom110 followers
zeroxgravity,zeroxgravity,https://pump.fun/profile/DsnRjdP1UaGmce5WocoBM3BFuqyVuqUaS1LJXPvAJ9me,,,zeroxgravity100 followers
1000XHUNTER,1000XHUNTER,https://pump.fun/profile/JCphPSVpR9ddhuyvukbKcqyLwdTY6opLXujxGFEoDUDg,,,1000XHUNTER94 followers
freaky8650,freaky8650,https://pump.fun/profile/DL3hy1cnKuuKKtMzLiVPA9a5sVMzH3jHhfhTAwTEGMoU,,,freaky865084 followers
onchainhero2,onchainhero2,https://pump.fun/profile/DAbjwU75tzagvDUWRYiE7Fuv9R3c7jgZi6atreoxxdwr,,,onchainhero280 followers
dankles0x0,dankles0x0,https://pump.fun/profile/44iV9wKvdQLDtSNyDRsJM1iavXJypKUEsxbbmUQN9qrV,,,dankles0x074 followers
getsomecoins,getsomecoins,https://pump.fun/profile/72ZHYTsQrtUs1xEUhdYVYg6gB77qR9Zot8erLJDSQFXb,,,getsomecoins73 followers
demonkingash,demonkingash,https://pump.fun/profile/Cd4DxrFttADivSXcMjuQGUqSbCeph8bagLCDs3Ee4Jch,,,demonkingash59 followers
tothemoooooooon,tothemoooooooon,https://pump.fun/profile/BjMgHGBKbYk61hwmdA1D8tSB4j7U5LP1g6vbTZJJH9ye,,,tothemoooooooon38 followers
boldsalmonracia,boldsalmonracia,https://pump.fun/profile/FYTVwP5hgCUiB14eYYTPtZpBCBL4tqbYFbRkjmRwbNto,,,boldsalmonracia34 followers
cosmicorca16495,cosmicorca16495,https://pump.fun/profile/C3irJJnfcioeyFQ7nhNQrEV9jShQiqfFKG7bvcf11JwH,,,cosmicorca1649531 followers
TOPcallers,TOPcallers,https://pump.fun/profile/0efc051a-9d34-46b0-98ae-61e4994badf6,,,TOPcallers30 followers
vdfgerf,vdfgerf,https://pump.fun/profile/EU1Stb1SGUpYUDDkqn2qBCUbJSM9oNQrCgMWA1tSwcDC,,,vdfgerf25 followers
ABOXXXXX,ABOXXXXX,https://pump.fun/profile/ANmKW7MiXjmoByoTdKXhjBw4ixd4vfVUWjYQyP7kW33a,,,ABOXXXXX19 followers
Chadsoltrader65,Chadsoltrader65,https://pump.fun/profile/6WxGEeNBrUSLTr4vMKE1N9CpHF2rpcmapn2tYAanJciQ,,,Chadsoltrader6518 followers
ojthejuice,ojthejuice,https://pump.fun/profile/2TzMXULWAPmmoZu2jdEAomocdwr8ZrpgkPgEG84WiPi6,,,ojthejuice17 followers
keeshazes,keeshazes,https://pump.fun/profile/FiBnBX287h6pWXKLWQz9p84J5UpqxULULhs3GDNpN9Hx,,,keeshazes14 followers
supersalmonunpr,supersalmonunpr,https://pump.fun/profile/8SKmkHhm4Bgpwh87Dmizus4t7ntdvGH3WTBKqKbut3TX,,,supersalmonunpr14 followers
homie88,homie88,https://pump.fun/profile/CbwfnMpCVLtQWnzCAmkJ5xCuPZ7nDhuEVRSA29KXzFQ5,,,homie8813 followers
quickzdevs,quickzdevs,https://pump.fun/profile/4NB7zUVVRS2ik43Lw5UBFGocBBjMtapbxGm71QaxKxFe,,,quickzdevs8 followers
sminem_dev,sminem_dev,https://pump.fun/profile/9rnYXyzDwhhfjkMYwaMzV57GwrJ3TQwCsaG43Lvx42xt,,,sminem_dev6 followers
trencher369,trencher369,https://pump.fun/profile/CjvaoNGZzaSSgu5F4QcqdL6Q7f6iiN8qfBtTcMFpjRf8,,,trencher3696 followers
eminent_crypto,eminent_crypto,https://pump.fun/profile/AZgP43maTWmkgxwya5sv9KtESi7RytsBfc1nkM91AQUK,,,eminent_crypto6 followers
alphasealfattyr,alphasealfattyr,https://pump.fun/profile/Amucu31dZpQpq1NgcRgiBHz571B8PiwHs5xVB7TeMLcm,,,alphasealfattyr5 followers
wildwhalepatien,wildwhalepatien,https://pump.fun/profile/3WVDWpHkmMV8pHnKc3R5sUwvWgPRQ9BpEWwA2H8QQvr4,,,wildwhalepatien4 followers
oaktastic,oaktastic,https://pump.fun/profile/55zdqS3Y174qSAowPbhSC3WYWvy98neZraQqPUm7xksy,,,oaktastic286 followers
ChanceCabal,ChanceCabal,https://pump.fun/profile/d84b53de-34f3-42ce-b05d-acc2c8c0c965,,,ChanceCabal14 followers
penguinking,penguinking,https://pump.fun/profile/EYfdt8cNFyyTEJKp18dcoVbgUHDnM1SK3bT2uKj9XXHc,,,"penguinking1,180 followers"
boldstarfishgin,boldstarfishgin,https://pump.fun/profile/HF2EGxkKXRhdR93ZN5fY925PpecZDwRfKwhag6mvFMLW,,,"boldstarfishgin1,155 followers"
gangster777,gangster777,https://pump.fun/profile/3hWXW8BJoy1awjywwebcRgyLvKqNqjC7yxEMfzu6UYfd,,,gangster777635 followers
Loomzy,Loomzy,https://pump.fun/profile/F48fnHzTgjpABFQJn7VJS7TFZ2KkgChnccgYB62KM2cU,,,Loomzy511 followers
wanoctopus73815,wanoctopus73815,https://pump.fun/profile/5i8rFRKn3TEWHTPC9JH7B6QQSNRmBx5TgUGiub1kAbJA,,,wanoctopus73815510 followers
xplisity,xplisity,https://pump.fun/profile/EzbeF2bADKo6GutJyWmgodyGJFeBPhcrXSdZUXPX5WGc,,,xplisity461 followers
lukebelmar69,lukebelmar69,https://pump.fun/profile/5FcdrgRp9jvRYcfJ5jENdH4XABLsPuD4KWMsAyHusQyy,,,lukebelmar69402 followers
giantdolphin045,giantdolphin045,https://pump.fun/profile/8BvvZoNF98HGnYxh1L4UtjAU877cEBhGMVPoNpDvmPxS,,,giantdolphin045395 followers
MasterBater,MasterBater,https://pump.fun/profile/7grYF7oP25x4Ev5qEJb88qTRWkKLwGSCuGriCYjpmsUa,,,MasterBater295 followers
da1st,da1st,https://pump.fun/profile/8Ao5Q1JZnVa3Cp5BgJQitddPRxMpMb8A71C7jLXDBjah,,,da1st283 followers
LowMC,LowMC,https://pump.fun/profile/5634c3f6-d5da-41d9-8e40-c5c5999204c6,,,LowMC266 followers
verbalkraken161,verbalkraken161,https://pump.fun/profile/2aBqiwtWi3oxJ9DFLytGieRTu4YaxpuCUrkQmpC7Tyus,,,verbalkraken161236 followers
xxeno,xxeno,https://pump.fun/profile/AnZ5BTjR8p9Bj4km3AqHTkabseceugf3Zdpiyz99RhWY,,,xxeno233 followers
icyslimybath,icyslimybath,https://pump.fun/profile/FmNYjPAuak5zG9oVTdDRrh3YSetY1HzcwYY8trje6E7R,,,icyslimybath144 followers
TekQuant,TekQuant,https://pump.fun/profile/5bQFv2Ye3882yUMBejkdQp71M5nHr4hJqZcAzpxkRvpd,,,TekQuant110 followers
GlacierNosyMaxi,GlacierNosyMaxi,https://pump.fun/profile/2JCkuyPQqvQ3uWWPwiEzEjniunVPnBV2JkxRCWczbhUW,,,GlacierNosyMaxi87 followers
OasisFullPrice,OasisFullPrice,https://pump.fun/profile/AxUrYfcmhmmyDHAt2mKuiDz4tUPCndpfkv6Y4QeXuXdD,,,OasisFullPrice76 followers
zentuna41002,zentuna41002,https://pump.fun/profile/GZqHDV3wuPF4n3aQTBiE8nQZAqdJU2jMMRcMWypnALeu,,,zentuna4100243 followers
GemTinChief,GemTinChief,https://pump.fun/profile/3YWL9ZvYWPFtjL9hrPigK2SqBJkBGsYEzDoti6V91D1n,,,GemTinChief41 followers
fejzo,fejzo,https://pump.fun/profile/AJ2yRmT8CKPfrQiXXcPQNorniQuUJVgeuEDbDP1rKW85,,,fejzo39 followers
ForYourPage,ForYourPage,https://pump.fun/profile/4dgitC3vzhmtCqZ42A414FMwnanRTj62kbsz3JE4cfwS,,,ForYourPage14 followers
IvySlimePilot,IvySlimePilot,https://pump.fun/profile/4iX9RHfyAm6XTcKYKc1snCpw2LSHVHdvvsMMy73FVFZi,,,IvySlimePilot9 followers
sadotter26815,sadotter26815,https://pump.fun/profile/BLhQ4fWgkNAJ4MWXSdXaTnxwZxwHh7QTnMQb6i3Z2QYy,,,sadotter268158 followers
turbosealkinkyo,turbosealkinkyo,https://pump.fun/profile/CGFxXUq4wkJenEpsfks75D9AaRd5Ddy681hGXnMFwPp8,,,turbosealkinkyo6 followers
livelobster6173,livelobster6173,https://pump.fun/profile/FzJ3b8NUn6YSH7n1P5VwWD84ZDprnCZAjiu1WzMcpFwB,,,livelobster61735 followers
CitadelBH,CitadelBH,https://pump.fun/profile/7c45c0c2-cb34-4de3-949a-750f1c923bce,,,CitadelBH32 followers
latentmarlin345,latentmarlin345,https://pump.fun/profile/4N3bnFYKLgdvJNsqJhrAmZnga8dbL2xhbasdMFg5aNmk,,,latentmarlin34512.6K followers
rexfun,rexfun,https://pump.fun/profile/CPnTiY3Yik6UNezffCG8bWXHMeKN5F3wHonpvYdgHU3n,,,rexfun871 followers
simpsoned,simpsoned,https://pump.fun/profile/9RkLeuZ6tb9syqNeqUYCGVb4VLL7P6RKEhGivAA5cdGM,,,simpsoned249 followers
KingSlayer_,KingSlayer_,https://pump.fun/profile/qD7GJ2GbaiJwjoPFY4Y6qSUTQqtiEKAqTZy4L9BxZoc,,,KingSlayer_248 followers
IdiotBudhaaaa,IdiotBudhaaaa,https://pump.fun/profile/57Crz624gbieahXQatDJmGbkHXW5s25bYChK4Qe3AES5,,,IdiotBudhaaaa199 followers
zwanames,zwanames,https://pump.fun/profile/HGCPNSgdadTreUL6wfTb7N8yhuqKAgAwuh2oKFyWABgw,,,zwanames177 followers
boldkrakenthrob,boldkrakenthrob,https://pump.fun/profile/2Wf7uci6Ay9nk2WRCy1AgqFMvwwtPEZ1Ru1MY9mQaz3G,,,boldkrakenthrob127 followers
Suloff,Suloff,https://pump.fun/profile/AWhdCH5Em9NuVjph7DdPUt994TFPZcpE6bAM3McgYUkr,,,Suloff126 followers
nickexe,nickexe,https://pump.fun/profile/9tYFkvW5DUQEqxGJnCvKGuQqZGqCcAGLh7odMo5hGE2P,,,nickexe117 followers
MemeMagicIsReal,MemeMagicIsReal,https://pump.fun/profile/7FvHAAquMQC9x9bA5zHDcqtMr8JrhFzFX8EQHhV85RLW,,,MemeMagicIsReal109 followers
innitright,innitright,https://pump.fun/profile/3bepmnckDWqeL5ETykeZeAXPJ1TZ1aj9x8HmCc6xcrRv,,,innitright104 followers
goingshrimp8006,goingshrimp8006,https://pump.fun/profile/2ngWG7Pt33vMEcLUUF9BPHm2FYga4mBNgSKcXYtYUJRM,,,goingshrimp800673 followers
dogeofficialceo,dogeofficialceo,https://pump.fun/profile/M8jrkt8xoK5czfePhWqDP334mwDRf34Rn4UsopiNnrH,,,dogeofficialceo65 followers
thejewishcabal,thejewishcabal,https://pump.fun/profile/35a3be2b-fa93-4b30-9e88-6ca464fb00b6,,,thejewishcabal59 followers
a2zbby,a2zbby,https://pump.fun/profile/Ca2rZCGdc1kBJDpmiAG5ejT6LyupqDoeMUn8Ju1Y6WUW,,,a2zbby58 followers
nbhot,nbhot,https://pump.fun/profile/NBhotJRGWpU3iFHZDYaCc9DwY97KFHrKZiv1f5uEFgh,,,nbhot56 followers
freshsquid25081,freshsquid25081,https://pump.fun/profile/CP2uf334By6XbT3nWJu34RYEN96JvQcyMqJLotvntc4q,,,freshsquid2508156 followers
kayajavascript,kayajavascript,https://pump.fun/profile/9AQWkBdyicYmYUx8rSeruQQkkWRJDHduJkjVRXjkcgwa,,,kayajavascript54 followers
chillmantastarr,chillmantastarr,https://pump.fun/profile/Di47rAhv5a4eHZm4kuLCtbWnmNofm3EDYtFFXD1LtquH,,,chillmantastarr51 followers
Emathegreat,Emathegreat,https://pump.fun/profile/6Jc8pDYgGqL9Qtcvm78N6hUNysajYRbJ9CGp8SUdzVrf,,,Emathegreat50 followers
walter24,walter24,https://pump.fun/profile/B3uHbvd3eoXiavJ4Kn4kZcwjXTkPrVZaJ436YiTxMko5,,,walter2448 followers
hybridseal94065,hybridseal94065,https://pump.fun/profile/FxXDae7UXu4MVrtm2WNzXb4uFnNPvJZ78odTnKG38vmB,,,hybridseal9406535 followers
RichSpiffyGreen,RichSpiffyGreen,https://pump.fun/profile/74GPskJa78aM5BeKxgf7Nbk6Ak24qVsPYzPwfyo27gDB,,,RichSpiffyGreen33 followers
RickrollForever,RickrollForever,https://pump.fun/profile/HRsYQexpYwbHKnC39HoA7yPMwfrwAoxsm4dDF1dBH3z3,,,RickrollForever33 followers
lowfish36998,lowfish36998,https://pump.fun/profile/5uXrUwzU4FgRJpUET6Z6Hktd1ofH7Zp2y6Nmku1Ysveg,,,lowfish3699831 followers
ApeXHighlander,ApeXHighlander,https://pump.fun/profile/ENxw3jDyj3qVQPtjJuYCyZyq5S6xBciS2VYNTKxBzugR,,,ApeXHighlander30 followers
ImYilongma,ImYilongma,https://pump.fun/profile/GqJGhd3ZvqhdUW1qNHDSsyynCUCm4SfUKdAZ8DPnUWPw,,,ImYilongma26 followers
og_ameen,og_ameen,https://pump.fun/profile/FRbNdSxL3AqYxcajyRLLsKqQVqT6yUehtDhBr9zy2Xub,,,og_ameen25 followers
reddishsquid366,reddishsquid366,https://pump.fun/profile/CGmfmRYNBicTLaGcASa1ssKoA4P1hkXe6MmeRggj5nHv,,,reddishsquid36624 followers
AdiiX_Official,AdiiX_Official,https://pump.fun/profile/7cTRiHpd4A7DUAAiVzMajkziUer5LH2qnUbbdpZSeowY,,,AdiiX_Official21 followers
suavesquid06781,suavesquid06781,https://pump.fun/profile/AsaWoyuzSbFevuZZ1o27feDnC2tV2NmwAJJ9H1NtPMxq,,,suavesquid0678173.2K followers
sombershark9928,sombershark9928,https://pump.fun/profile/suqh5sHtr8HyJ7q8scBimULPkPpA557prMG47xCHQfK,,,"sombershark99282,521 followers"
6ujzxn,6ujzxn,https://pump.fun/profile/6ujZxnphRxTqveaQtLAQHFoWz16xhLWZbTijcgZN4fRp,,,"6ujzxn1,447 followers"
wobblyotter0284,wobblyotter0284,https://pump.fun/profile/7oU9nR9VEvFPwvp2PpXo2LQc6A92QRhcUTwhLWT7MsDM,,,"wobblyotter02841,182 followers"
thegreatquant,thegreatquant,https://pump.fun/profile/Fi2hrxExy6TJnKcbPtQpo6iZzX9SUVbB9mDw6d29NgCn,,,thegreatquant911 followers
Ogsniffer,Ogsniffer,https://pump.fun/profile/8oHccwEN4eCk6Anb3dxCeT9UsNjW6pS8cU8RXadaC7i7,,,Ogsniffer502 followers
clipmyhead,clipmyhead,https://pump.fun/profile/Bjag9XwVu2zWsZnHr3qSavqzAefNpbsJo7HBSd8UyBE2,,,clipmyhead484 followers
idleshark36890,idleshark36890,https://pump.fun/profile/5434wePWhnTHMvB6NTNX3cK4XK3aEX8d4X1JAPEggpH1,,,idleshark36890450 followers
pay,pay,https://pump.fun/profile/DgX144ZhWdYvDyC1g5QVcw9zLBnbGc2LDL7x5DifA53E,,,pay453 followers
mzgetex,mzgetex,https://pump.fun/profile/43gHs4y1AkY8i9DawUmWu6T1nSFcLvkKnH57S8HV47Yi,,,mzgetex261 followers
beenisdev,beenisdev,https://pump.fun/profile/BMjETmauhBPeArAkA498ws1e1MJCQosU7boKfm6x5uah,,,beenisdev257 followers
spam2lamb,spam2lamb,https://pump.fun/profile/ALKV2vKuYyazXSVWPao3KXFkEnhejdSs7Ti5qeZSKENH,,,spam2lamb253 followers
noflexzone888,noflexzone888,https://pump.fun/profile/4A4xF6cJrhySBHAtFXzLBjYmYwzazjZhPcEHJMyvTtQx,,,noflexzone888252 followers
kermitfrogdev,kermitfrogdev,https://pump.fun/profile/BMgUUwfSnWZaYunH4m7aFwpx3SCSmooe3RHBBegvbLVR,,,kermitfrogdev200 followers
drymarlin84871,drymarlin84871,https://pump.fun/profile/4nBNtRX6Q3NAhtcaXfV5R2okHr2Cd6iur7EDQvNedujV,,,drymarlin84871174 followers
RFSqPt,RFSqPt,https://pump.fun/profile/RFSqPtn1JfavGiUD4HJsZyYXvZsycxf31hnYfbyG6iB,,,RFSqPt168 followers
greeezy,greeezy,https://pump.fun/profile/7DKDRdkUxZgM31mvHCTbSZcPm32AKXjav4Me9xKAL4FQ,,,greeezy163 followers
keenstarfish698,keenstarfish698,https://pump.fun/profile/6EDaVsS6enYgJ81tmhEkiKFcb4HuzPUVFZeom6PHUqN3,,,keenstarfish698148 followers
randomtrader69,randomtrader69,https://pump.fun/profile/7Hv4MCFrSeH4i9bSafKaJvGmD8pdyZnr6rAE8BqvdW1c,,,randomtrader69147 followers
steffie25,steffie25,https://pump.fun/profile/7dLfqaCszZKE71FMcn7wUmPyc7ZJttPmaCqJRCxVmSmd,,,steffie25143 followers
StupidGambler,StupidGambler,https://pump.fun/profile/8vZPZLSJq72vzZ5CjCDLZFeW1VmZtRx4pTCz5graa7dk,,,StupidGambler139 followers
accusedfish9860,accusedfish9860,https://pump.fun/profile/Doa8F9eugaAHpCBmfmShKV1BhKN9xyaEDg1mTsonW5p8,,,accusedfish9860124 followers
muteoctopus8882,muteoctopus8882,https://pump.fun/profile/FWNSn1DydPdqNWoo3uktzKd2RXXoXsrHCQHKxp9w59km,,,muteoctopus8882116 followers
bullishmemes888,bullishmemes888,https://pump.fun/profile/A4K12g16EY3VxKdEAo8rQhw45WZ6bsRbnQfZrHVZkvib,,,bullishmemes88898 followers
globii,globii,https://pump.fun/profile/DwBj4kzxHv4h9iQCAekpywFWn8fcXaa1CiGFyu1FSqaK,,,globii94 followers
mynamesu,mynamesu,https://pump.fun/profile/5nYxRCYDsdzmzs5fpBgT2dv8LdSkycXFsyj67rqiX4Jn,,,mynamesu94 followers
MurketMuker,MurketMuker,https://pump.fun/profile/Aw9Pkv7FwvALMFJonLsN3UL2wZapZ9dAhuXGZE4SJG6J,,,MurketMuker88 followers
HlubPanduh,HlubPanduh,https://pump.fun/profile/9ceYYeMwEFuw5KdLL8HhbqBdpQ2cjEs3NztTxWcNjXKa,,,HlubPanduh80 followers
GeorgeKazansky,GeorgeKazansky,https://pump.fun/profile/AY5DuekD6zMzwizzF9EGR9rwobN6k2S4aoFE1dRsSS5S,,,GeorgeKazansky72 followers
GabrielisUp,GabrielisUp,https://pump.fun/profile/AREKxnDyiwDpb984rcHxphxE6h9vHcGrvejgjTdqEEnF,,,GabrielisUp71 followers
usisusjsu,usisusjsu,https://pump.fun/profile/3kS2LXvUghBYd7pL5DSopU9cDATRvy25LZVe2ZrbmdGc,,,usisusjsu64 followers
OGCoinsHodler,OGCoinsHodler,https://pump.fun/profile/GzTwrZEDyA3p2Su1gYRZ3MPVst9gkgceDZ4VAVf5cygn,,,OGCoinsHodler64 followers
BlueXHour,BlueXHour,https://pump.fun/profile/ADxGKfvQ5LhVzhN1US96AMHykay6SW6R7y7q5ZxNegyj,,,BlueXHour62 followers
BigManBear,BigManBear,https://pump.fun/profile/8r5DV3XJWxhzSJDK8ZRU7qSaRCBYcmXRbohKvT8pyL9a,,,BigManBear64 followers
ogmemes1,ogmemes1,https://pump.fun/profile/4QMytBaTGE4S1SbcFYXBCvQaMTCke7KeNNgp12CtADfK,,,ogmemes153 followers
tazerlyf,tazerlyf,https://pump.fun/profile/81jTp7VrMXzX59dNUskGEJcsMngChM7qWBnGyWfiYTRQ,,,tazerlyf46 followers
losingseal77459,losingseal77459,https://pump.fun/profile/A697SEniU79su72YzGDM7tUNnWc6aPQ9FUxKJZuEauiq,,,losingseal7745941 followers
1BULLMOON,1BULLMOON,https://pump.fun/profile/sm6wASy513GzF4ejPa9LdyjzFjHWT84r4DEPFtzWM8M,,,1BULLMOON38 followers
312dama,312dama,https://pump.fun/profile/CtDT8LyRDXsYKrKDVYYG5KJuBgVpJzTNFG2suiu3nz74,,,312dama37 followers
basednarwhalmag,basednarwhalmag,https://pump.fun/profile/A4eKqW6Ep7a8xDxPitDcDMWLo6Zh73nGzh64rR79auve,,,basednarwhalmag36 followers
tamedolphin0926,tamedolphin0926,https://pump.fun/profile/AkezA6QjMj3jRcKYXTNLYUx1x5jZVdWEG6BsTcEnEVRm,,,tamedolphin092629 followers
OGTONY,OGTONY,https://pump.fun/profile/7MxyQN8B9VbqZYmmm7RebL4V5ptVNmBJYpyGnxFuK5dX,,,OGTONY28 followers
yjcapital,yjcapital,https://pump.fun/profile/5BmgKWsecvzdKtnrWb1cXvE4TWGNFXSDG1tH96ynjNj1,,,yjcapital27 followers
listeria,listeria,https://pump.fun/profile/49eHamfy3JCgzHxVZdJWTjgSg26sARow5bVAERTWntyf,,,listeria26 followers
jbilly,jbilly,https://pump.fun/profile/3dgAcfFfpMgeLJpLUp8RZR5RDgbyACo2rRWLmRshqGJc,,,jbilly24 followers
PushyRealSecond,PushyRealSecond,https://pump.fun/profile/FmVxH3nYpngeKxpXuCRinyS1ZQFofzz6yNZQz6tywvUA,,,PushyRealSecond23 followers
ApeNinthCollar,ApeNinthCollar,https://pump.fun/profile/t611Bf4JeNm1c5KVxt9dLpfNARqyrsZrGMJhqNmdXUg,,,ApeNinthCollar22 followers
zenjellyfish061,zenjellyfish061,https://pump.fun/profile/DkuyVBcijgSoaWu16Wrzmj1p4akp6GbG718wyUHEdp7K,,,zenjellyfish06122 followers
moonottertanned,moonottertanned,https://pump.fun/profile/7kE2via7g7yobKo2wve4Nn6T6FAXnmW4oqppNJKiec7P,,,moonottertanned21 followers
blknoiz0,blknoiz0,https://pump.fun/profile/C5ccNVCg7wExqkgA5ZcGKKzdc513QwzEf5T4diS3TCzz,,,blknoiz021 followers
hisenberg_lab,hisenberg_lab,https://pump.fun/profile/8NAtyMYPHkrzb5ZStM8ZK6XszEx9esFAxrYQn82GF8iT,,,hisenberg_lab20 followers
LIAM,LIAM,https://pump.fun/profile/7kjCzcvyQC1AyBV15eN3t5dDF55mCbPPKvU4kq6kUB4P,,,LIAM20 followers
sdasdadsad,sdasdadsad,https://pump.fun/profile/HPkQu4osTzt3reYjYX8CHufGCGgHesc7PqG6WdhcY4p9,,,sdasdadsad19 followers
graytnb__,graytnb__,https://pump.fun/profile/3PqY48KajBvb3TS3Qe4L4nwRDSVGaw3Sb2FDCCgUBU8V,,,graytnb__17 followers
Wazzy_,Wazzy_,https://pump.fun/profile/6RHaX67WQNBwrwBvMPefyfNVVbjQpNkMaQuoy7HibpGf,,,Wazzy_16 followers
epicmarlin63495,epicmarlin63495,https://pump.fun/profile/76wTJKgkLRsbmUf5u9KoFYyRsAAKfDvmSHDMXNCWxehC,,,epicmarlin6349514 followers
SillyStitchBear,SillyStitchBear,https://pump.fun/profile/8VNH3218iBGxJRRkXBZJvEkn3VC9C17B77sxNmcaPX4p,,,SillyStitchBear12 followers
ademou_lah,ademou_lah,https://pump.fun/profile/8XDzDpPK3cMdSwjFni8sMTYWyhJFTgBpe3k18uu315C3,,,ademou_lah11 followers
vaincrab40316,vaincrab40316,https://pump.fun/profile/2wYF3Q7N8TTYq1HuqZEHkbYyBkPLM8GUEcfcYnCcLnN5,,,vaincrab4031611 followers
mrclassic,mrclassic,https://pump.fun/profile/8k4TfxKs4BFrf71goM28WMBdLNLSruFyfFtnkC1T8oj6,,,mrclassic11 followers
oldtuna24036,oldtuna24036,https://pump.fun/profile/F7zoAUmX3MUxtPbD2UqaeqMU1hws5my5StAS8LLvAD35,,,oldtuna240369 followers
hnm,hnm,https://pump.fun/profile/CHJEGvMCbsGBqJQMM11qBbFzCdeZTXjphqrnrjaywUFq,,,hnm9 followers
radicalseal5788,radicalseal5788,https://pump.fun/profile/8fvNo4arCy7Ft1KoYgwqfs2XrEJtDcZVhUEdH8b7LByP,,,radicalseal57889 followers
whoisayinde,whoisayinde,https://pump.fun/profile/79DtazDezFAsvG45dtbVtwgnJP4DpqEL2whGr8xNjhUr,,,whoisayinde9 followers
moralmanta16344,moralmanta16344,https://pump.fun/profile/5ez2dy3H3RQjadBkrDJwFKhiB6avvDC92cZQ9YMobVM2,,,moralmanta163446 followers
lonesarc,lonesarc,https://pump.fun/profile/DZJNSmNPVs7aXhreUJJgcyTbsib3tQhqYG9rMHcuL5yF,,,lonesarc6 followers
tayoofmiami,tayoofmiami,https://pump.fun/profile/EcLXeAVdWy54vYrMPNAejQf3RzByNd7fcDoSBDKSS8Tz,,,tayoofmiami5 followers
juliboyy,juliboyy,https://pump.fun/profile/UYFdoh1uV5mnrDRNAE5XqJzbcsj7FZjjEdzLV7hybKW,,,juliboyy5 followers
CutSincereClave,CutSincereClave,https://pump.fun/profile/H7hvMTz8CSa1U2vZNpQXiPEZkMS3JDzvkndcV2F1DmSx,,,CutSincereClave4 followers
managing,managing,https://pump.fun/profile/8nPLdCU9UhGo779GVgC3Vxm9AdgCu5JfGW7GeMDFirWQ,,,managing4 followers
mogdogsquad,mogdogsquad,https://pump.fun/profile/426033dc-1858-4c93-b17a-983ac6596ccf,,,mogdogsquad24 followers
justsomeguy704,justsomeguy704,https://pump.fun/profile/3ww8zTxLM59RVD3rNfZtmKixroEVEipWHVptAwoZ4grN,,,justsomeguy70420 followers
FirSafeBarberry,FirSafeBarberry,https://pump.fun/profile/DjaNCy7YPArumeakwuYEMLGGMjRWUMFtb8JZyYE3jP2q,,,FirSafeBarberry16 followers
ThinTabbyTail,ThinTabbyTail,https://pump.fun/profile/fA1BraEVFaaLhVispo35VstndniJNzVGJc6e8CwEL7X,,,ThinTabbyTail6 followers
Bob_Benson,Bob_Benson,https://pump.fun/profile/BNnN2MqfWLvgThYBsv6v8JQaYZXYKYahC5YCy27Ct1cX,,,"Bob_Benson1,630 followers"
MojoDojoBros,MojoDojoBros,https://pump.fun/profile/69L2WTNnoERpAajxRsMudiMRSQf49GQA9JsDncdVBG6M,,,MojoDojoBros575 followers
bob911,bob911,https://pump.fun/profile/2h7s3FpSvc6v2oHke6Uqg191B5fPCeFTmMGnh5oPWhX7,,,bob91164 followers
RISEchuddies,RISEchuddies,https://pump.fun/profile/209cc062-28eb-4089-ac29-756dff0494ab,,,RISEchuddies59 followers
thetrencherya,thetrencherya,https://pump.fun/profile/FnW6MLyu5UX1G4fYcmmBrPy46foBi6vm4GTWNZQkxUrF,,,"thetrencherya1,507 followers"
gradsss,gradsss,https://pump.fun/profile/ATFRUwvyMh61w2Ab6AZxUyxsAfiiuG1RqL6iv3Vi9q2B,,,"gradsss1,304 followers"
favoredseal1609,favoredseal1609,https://pump.fun/profile/9qPhRnDVd57PaHGgsNnNiPhGPhdYjfEBK7PzWNMoGwvp,,,favoredseal1609275 followers
BlueCedarRanger,BlueCedarRanger,https://pump.fun/profile/B7RkXpM4PW4CUy283TFCMwm913k8mBRMz6V5TJCzCWEY,,,BlueCedarRanger246 followers
tronoffone,tronoffone,https://pump.fun/profile/Dp4JYka5crNMhUztbWwgvvzLLoK8gLSRewdTQWHRwKiU,,,tronoffone243 followers
neetmemedev,neetmemedev,https://pump.fun/profile/5WMNaQNgUvaNWb6BzvxPukZB3q8UiduTwu3yzUo9cQX3,,,neetmemedev218 followers
Koenig,Koenig,https://pump.fun/profile/5mCJVeVQA2nuyctVWhcJRyNR4b1RU3vGgVW1NJdQXPsZ,,,Koenig205 followers
SaltGiddyDoom,SaltGiddyDoom,https://pump.fun/profile/9mX7fG5Gsnc8E4sbsYurcNkha6TBwE7WZJ5EXqVG8CGb,,,SaltGiddyDoom33 followers
kingcobycrypto,kingcobycrypto,https://pump.fun/profile/Hen66z8mSYQ8nSf8QFSe5P1HZfzBvHTL9E7ddCUe11DZ,,,kingcobycrypto28 followers
Timmik,Timmik,https://pump.fun/profile/9UWDtbnhUCKeTPFTPQbHf6dMArDCmLkiFFaN1mEVqbWV,,,Timmik19 followers
HeatherBumpyNut,HeatherBumpyNut,https://pump.fun/profile/CA7axpCS55MH1y5RMETzB75y9Jv9rnJ2gTM9huK5Zc2,,,HeatherBumpyNut15 followers
fineotter79305,fineotter79305,https://pump.fun/profile/E4MLukYaBnAGrkFBbzBCaeT2DLdCcR2fxcpeFTV1Qeyo,,,fineotter793054 followers
OBL1VION,OBL1VION,https://pump.fun/profile/80e6dc72-d086-437f-965f-ba0bc040babe,,,OBL1VION56 followers
superiortuna980,superiortuna980,https://pump.fun/profile/4tE8VMdLBkmbaRbn7eG6hbK8H1bpnaasAMaUJnwH8gK4,,,superiortuna980133 followers
nullllll,nullllll,https://pump.fun/profile/AahNnVVmzC53s1R7Pjn5eEDXgLUiGWmzMJeggn48F7JC,,,nullllll33 followers
Mayhem_Mode,Mayhem_Mode,https://pump.fun/profile/BwWK17cbHxwWBKZkUYvzxLcNQ1YVyaFezduWbtm2de6s,,,"Mayhem_Mode4,577 followers"
roundorca45070,roundorca45070,https://pump.fun/profile/AekgmN8aPJx7gspqZGpTNKxTBGqRZs4UsYnwsdmpGYqy,,,"roundorca450704,277 followers"
retardily,retardily,https://pump.fun/profile/5XVKfruE4Zzeoz3aqBQfFMb5aSscY5nSyc6VwtQwNiid,,,"retardily3,608 followers"
bengchan,bengchan,https://pump.fun/profile/Aqje5DsN4u2PHmQxGF9PKfpsDGwQRCBhWeLKHCFhSMXk,,,"bengchan2,383 followers"
17z,17z,https://pump.fun/profile/5FqUo9aBjsp7QeeyN6Vi2ZmF2fjS4H5EU7wnAQwPy17z,,,"17z2,161 followers"
EmberGuy,EmberGuy,https://pump.fun/profile/3iytvAv32aGQyeRLHhy2ALHPsGAvcp82swAKbNeoencX,,,"EmberGuy2,117 followers"
otsu,otsu,https://pump.fun/profile/2CFywHXDPjDK2iRQsb95vnjgncDUZeQKJ6MceJ4ALpdc,,,"otsu2,017 followers"
dev69420,dev69420,https://pump.fun/profile/EBMKFdDBz8wsWyN5TZ1MxznAFAHRw145HAn9UX7BqxMZ,,,"dev694202,028 followers"
moonstarfishlei,moonstarfishlei,https://pump.fun/profile/8NJ7Ujpji8uMF2675mqaTSEm2DCbfJA7fiRKtiaqkaLN,,,"moonstarfishlei1,953 followers"
botfn,botfn,https://pump.fun/profile/GpTXmkdvrTajqkzX1fBmC4BUjSboF9dHgfnqPqj8WAc4,,,"botfn1,909 followers"
navalthickpip,navalthickpip,https://pump.fun/profile/AESDxmvmtQsPMuB1ZKZWhnKGvVaKKjzsJm3QTxo6s69N,,,"navalthickpip1,909 followers"
BingoBongo_,BingoBongo_,https://pump.fun/profile/7vtQb2ZnhgcpFJKK7Z3xRHZsxAuJCJTwjfTzsM6wx4q5,,,"BingoBongo_1,841 followers"
chillmigratoor,chillmigratoor,https://pump.fun/profile/95ZCf3jKMHeFYvPXVZW3Ek6AEPDyjebosqnc7eNioVMo,,,"chillmigratoor1,656 followers"
Clowntrenchdev,Clowntrenchdev,https://pump.fun/profile/CzbN6T1gKkKutvuPXcxNmV8FLqzjsDWebWmg9o8e2ZbU,,,"Clowntrenchdev1,542 followers"
moonfishbackhan,moonfishbackhan,https://pump.fun/profile/8YcbyX92UHTU23HZv3ccP9o13qibErQkKaUjoxqxd7SJ,,,"moonfishbackhan1,350 followers"
vibecraboilprod,vibecraboilprod,https://pump.fun/profile/FiwwHe2obYsFoxprUXRWdAgHxMfKwK7ca9YB3g8bmX13,,,"vibecraboilprod1,317 followers"
yumyumeth,yumyumeth,https://pump.fun/profile/5qWge4zUyQenk53EhAAQ5yP4LWxuvdqJpRBZZbGd4tv9,,,"yumyumeth1,297 followers"
moonfishappeali,moonfishappeali,https://pump.fun/profile/EFAmoHKE5YekcoJHtLBenfGjcRQeG18T1ngBUxGwBsie,,,"moonfishappeali1,223 followers"
hyperfishtypica,hyperfishtypica,https://pump.fun/profile/DRY2uEb6niBnbyN9kUv3HMiDAZKZ4jhjbJDLJv5jna47,,,"hyperfishtypica1,150 followers"
raresquidblonde,raresquidblonde,https://pump.fun/profile/37uM1rp8TK7eVURVRnjtaxGkdJyXjgA9uz83DjApcHvq,,,"raresquidblonde1,114 followers"
gigamantaunanti,gigamantaunanti,https://pump.fun/profile/2bBRwhGoL4fRZk6g8NnhBZywsF8PdLJnBRfWDCEMogD2,,,"gigamantaunanti1,098 followers"
Aurawealth,Aurawealth,https://pump.fun/profile/GYWCb3iJwsxWAY4Z4rUuqQtHRY7CLQ3Rcw9nZc7Fb48f,,,"Aurawealth1,085 followers"
bonditnow,bonditnow,https://pump.fun/profile/CgmwCcCoF5YNhWrVBz2R2iH4MopfvYLfxLgSZsrnemi6,,,"bonditnow1,057 followers"
nicedeveloper,nicedeveloper,https://pump.fun/profile/GFA2t9fZVY3jC7wDBPDB8FdsVNzLWgK44J4q7XpP476a,,,"nicedeveloper1,022 followers"
laxseal45716,laxseal45716,https://pump.fun/profile/5sNnKuWKUtZkdC1eFNyqz3XHpNoCRQ1D1DfHcNHMV7gn,,,"laxseal457161,018 followers"
normalseal38782,normalseal38782,https://pump.fun/profile/ArkdCAPErAo6KdVDTFA32YKnqaD7jfXsESFoyxQzDgnu,,,"normalseal387821,019 followers"
sweetshrimp9485,sweetshrimp9485,https://pump.fun/profile/D6bTtoSgLknJ9KrgDFUtB5WpqomrNEjBJipVVRoFh2DC,,,sweetshrimp9485990 followers
justabrokeguy1,justabrokeguy1,https://pump.fun/profile/5N2Wisa5YAeP5cX6guVF2XtvDf5VNwshf23tW89UWiLh,,,justabrokeguy1965 followers
gk9817,gk9817,https://pump.fun/profile/6yUEc3nZPs12WnDXJwSDyPBUWktnz2tYgAyU5KpK74zK,,,gk9817958 followers
RobustBandFact,RobustBandFact,https://pump.fun/profile/6RKsroTt2NgJvyUyhUcKqANrpHwDw6eE52X9TMBsQ7WC,,,RobustBandFact933 followers
sigmamarlinaffi,sigmamarlinaffi,https://pump.fun/profile/FciWQ5qfCFcdtqRUh9kvzbWr1WfuXAJgzh6FrmRxxVLz,,,sigmamarlinaffi928 followers
DJkittysheep,DJkittysheep,https://pump.fun/profile/6pXoxnRW6L7jASUUfSzfbLYSkiTJ6neiqZAyNzq2NLLG,,,DJkittysheep927 followers
swiftsquidsceni,swiftsquidsceni,https://pump.fun/profile/5RQ1UWATaMjjXC34BW6UusEUdEoCuNRECBW8nnHPiCGH,,,swiftsquidsceni912 followers
z11,z11,https://pump.fun/profile/AqsW2qxwaKKntSVKQKYBiyBjjR6UURGkWXzECTvQk116,,,z11915 followers
TheHoodWoof,TheHoodWoof,https://pump.fun/profile/AcT63NDdgABpkdSh7UjR9iLRQ2B3Xdfdmaw5oSbSZ7tH,,,TheHoodWoof915 followers
glowingseal9825,glowingseal9825,https://pump.fun/profile/Fzz2amRoCCpEvxtwdurs8qLVLSdrd3dcraJVpNjE4rp4,,,glowingseal9825876 followers
absorbedfish946,absorbedfish946,https://pump.fun/profile/CeZbzsqje88U7GCCrAiGUr5BrZrBJ3AkQMyG9aggDiqQ,,,absorbedfish946882 followers
luckedhub,luckedhub,https://pump.fun/profile/EQaxqKT3N981QBmdSUGNzAGK5S26zUwAdRHhBCgn87zD,,,luckedhub854 followers
Hustlindude,Hustlindude,https://pump.fun/profile/DtPQycyjM3nPEREhkwWJ2YfXhrMWBsYARvcV2wu4yyHv,,,Hustlindude817 followers
jumpingotter942,jumpingotter942,https://pump.fun/profile/3H9LVHarjBoZ2YPEsgFbVD1zuERCGwfp4AeyHoHsFSEC,,,jumpingotter942795 followers
ultranarwhalaud,ultranarwhalaud,https://pump.fun/profile/8inTY66csRNgKNtGhqGhd4odAV2VeJBDcRVuF7UE3Eeh,,,ultranarwhalaud795 followers
helixbt,helixbt,https://pump.fun/profile/Hp34goKgAhAYW6sw9iFAZofvDTr3DAhtkSKF1R9bAk2P,,,helixbt766 followers
Imcallingyou,Imcallingyou,https://pump.fun/profile/4FCw5Z7xfKbqwMyt8h4TSTufJojEwhJU9HADtRoU4ZAg,,,Imcallingyou751 followers
000xy_0,000xy_0,https://pump.fun/profile/FVZRwUp6E4m9jV4VumF8q7m8q3mF9fpikRrJSCCfFAdP,,,000xy_0731 followers
cryptomonki,cryptomonki,https://pump.fun/profile/53BnNc49Ajgstciq3CRoyxuBpkkW1r8pgPyvr7JGYnsh,,,cryptomonki713 followers
sneakywhale5458,sneakywhale5458,https://pump.fun/profile/4NtyFqqRzvHWsTmJZoT26H9xtL7asWGTxpcpCxiKax9a,,,sneakywhale5458707 followers
epicsalmonindul,epicsalmonindul,https://pump.fun/profile/CJYNMqDZcDwDshCSRgBmtDJmgzdvE5AejmvP918w51iL,,,epicsalmonindul705 followers
turbosquidwispy,turbosquidwispy,https://pump.fun/profile/HF2Lw2tYs4B3y1iqz6iw2f4wTjrn14KppvAezcm7TAT3,,,turbosquidwispy696 followers
serialdeplyer,serialdeplyer,https://pump.fun/profile/6MAmqJ7aGtTReML2DezAzmRckQyFoGfKKf6gWVak7P2d,,,serialdeplyer680 followers
sadwhale04189,sadwhale04189,https://pump.fun/profile/3z4vj1nAujLnciPgZaGz4VYecZa6gbYUg3Yr9MoyuiMG,,,sadwhale04189674 followers
HelliotKing,HelliotKing,https://pump.fun/profile/HudNbpQ2CaSc6qcXkbNbQhE2x5ZexPKgqpkBpRTzatoE,,,HelliotKing678 followers
reese84,reese84,https://pump.fun/profile/A8H8D8WegN7MgMdRAVYWU2uAcSTfZaC3c6pyLDF8CFXv,,,reese84666 followers
electricorca359,electricorca359,https://pump.fun/profile/8Wz4CQpTsuMtf71mNTJNP7Anm2E8pidZLRUj8taahYWF,,,electricorca359663 followers
wagmimantaelder,wagmimantaelder,https://pump.fun/profile/73cKPD4JSwWExruwFU5LWiHwdLPt72TTScDELiD8bqwn,,,wagmimantaelder650 followers
wavymarlin83874,wavymarlin83874,https://pump.fun/profile/PMJA8UQDyWTFw2Smhyp9jGA6aTaP7jKHR7BPudrgyYN,,,wavymarlin83874649 followers
techdeveloper,techdeveloper,https://pump.fun/profile/39ZPo8CUxAXQFuc57EymAKVMTYtAXYsCnAKw74BW2Rac,,,techdeveloper638 followers
noobmini_,noobmini_,https://pump.fun/profile/AGqjivJr1dSv73TVUvdtqAwogzmThzvYMVXjGWg2FYLm,,,noobmini_634 followers
mambone1,mambone1,https://pump.fun/profile/4nvNc7dDEqKKLM4Sr9Kgk3t1of6f8G66kT64VoC95LYh,,,mambone1632 followers
aryanbundles,aryanbundles,https://pump.fun/profile/BTacsXqq4UYZNdPcfedZPLtJsXjF87LfYLoLAcVXNegp,,,aryanbundles620 followers
solanatwencher,solanatwencher,https://pump.fun/profile/AopYHZfQbEij1v1dxzmoXHksiYRH52xhTu5auXZjdVQb,,,solanatwencher621 followers
Stridooor,Stridooor,https://pump.fun/profile/DGwgcjpL3WjfKaTUVUVHALWp5WzPvVQpGtPfYTrqeQdB,,,Stridooor596 followers
humannarwhal685,humannarwhal685,https://pump.fun/profile/Ce8xX6ixypbvDauod3mTGwxowbDpqurpha3rqANpVaTM,,,humannarwhal685599 followers
superwhaledisgu,superwhaledisgu,https://pump.fun/profile/7L3pwHJLSep5n2MmfKty4aWjBjqivpGVoRY2HNXMGnaw,,,superwhaledisgu587 followers
FoamyFiveBird,FoamyFiveBird,https://pump.fun/profile/83Y8aqfDxz8XSerVACBubyinHm8rQ6REg9j5YXvT8b57,,,FoamyFiveBird579 followers
Vixie,Vixie,https://pump.fun/profile/7TRb2qbmsyBiubSHkffGwYwkWRhPiCbBm1pCJ4d3V8ne,,,Vixie572 followers
peely_,peely_,https://pump.fun/profile/BaLxyjXzATAnfm7cc5AFhWBpiwnsb71THcnofDLTWAPK,,,peely_568 followers
Zuicer,Zuicer,https://pump.fun/profile/DHEGjX3aa7sjkHgX39jMshEPi1EuiAWw7egr2UbrQQdV,,,Zuicer559 followers
fearonchain,fearonchain,https://pump.fun/profile/6kkjU6JUUwP7v3wsZPvXbmEjvTTQvfAiUhWZTCQ8p1Qh,,,fearonchain549 followers
getithigher,getithigher,https://pump.fun/profile/EurZm7NKNV4fTUD2YeMhbA17kBrvHRS9oCLx3yqU37B4,,,getithigher549 followers
moonsquidrevolv,moonsquidrevolv,https://pump.fun/profile/5949hDDDHaxoXemTJmVHArL6avYXUxKY8Ad7Tz43GnCg,,,moonsquidrevolv532 followers
nuclearmanta204,nuclearmanta204,https://pump.fun/profile/BqmaQRSisNzFMrQarjQjEyXZsfYC8eFvjabVDBZvDf9z,,,nuclearmanta204529 followers
quickbets,quickbets,https://pump.fun/profile/A2DHPh33omrwE2T9m5dnhhrAL78pE4sm5UZXNL9xWWcW,,,quickbets521 followers
ijustwantfees,ijustwantfees,https://pump.fun/profile/DEVsZnwbqtjDyn5kJyvP4YFcfnqQdbS1u5jDyeFVy1fQ,,,ijustwantfees527 followers
0xMoky,0xMoky,https://pump.fun/profile/4WV73ACBTNA9CSQmoiXABJccYzSuF5Eq6EX7sdpHmoky,,,0xMoky526 followers
topfish00847,topfish00847,https://pump.fun/profile/4KfWZeb3Jw7wDWR7CwtDwVYB6y2uU7qPJ7W8nt1kFrUZ,,,topfish00847523 followers
nigwardio,nigwardio,https://pump.fun/profile/8PPHLbTjvBNvzbWFWosoAsu58dsRN7hpgGDVNXwZw2q2,,,nigwardio518 followers
narratives_dev,narratives_dev,https://pump.fun/profile/HZ31eb27ix1AZ6dqQTQ6iJdPayn6HP4GR25hhWy8Pidz,,,narratives_dev509 followers
poorlysquid8359,poorlysquid8359,https://pump.fun/profile/HgAhL3V5dUqQkodbSPUBMna2THMgqSTav3trumEYgG2p,,,poorlysquid8359507 followers
xyzbcdn,xyzbcdn,https://pump.fun/profile/3WUoPmavipdrJKc9UNeQvEfz5dtpwXw9qqozY7nP8Sw1,,,xyzbcdn499 followers
hellomoney,hellomoney,https://pump.fun/profile/CEx792TPhBgcYrGm4w5NQzCZHm4YyqaigSk12hFKubKX,,,hellomoney504 followers
honestydevpf,honestydevpf,https://pump.fun/profile/HUg1XNBfdJbFDLEaMBmc2VWf6SCrBkFe11E83ktXXz3f,,,honestydevpf503 followers
2dawis,2dawis,https://pump.fun/profile/2DAwissezSCFyDFYb5769p5hU6z57HJfsB1ExFWEZELJ,,,2dawis497 followers
snugoctopus3449,snugoctopus3449,https://pump.fun/profile/25jZ7EwnKfZo2DZgHM27pbU5Tf54PYG8jc7qNL3gtkxG,,,snugoctopus3449490 followers
realmarlin76826,realmarlin76826,https://pump.fun/profile/7ZAv8MpN4ZucotcpSbj3xmLBwryx4UYJWkygmNUYx5qm,,,realmarlin76826484 followers
Idropbangers,Idropbangers,https://pump.fun/profile/Hh3zeEWtMLM24mQBnomf7Fviem5xEMwJGMxWchhX4gwK,,,Idropbangers476 followers
justlobster0054,justlobster0054,https://pump.fun/profile/BaZaCjD2Z4PCDeMTiZNvb6A2SaLeDBJfH4Pzys1GKVsk,,,justlobster0054473 followers
Theonetuco,Theonetuco,https://pump.fun/profile/2tBjgm8NM4V6KNvQBBmBoGJtfxsmWW4cztkNrVFbQWKm,,,Theonetuco465 followers
token_deployer,token_deployer,https://pump.fun/profile/FKgh8yvJzN4kbhwSSa838B1g7Dfp68UyxTJBAcpuLTWt,,,token_deployer459 followers
roganjosh,roganjosh,https://pump.fun/profile/Hpar8AiBYjnu5M3RbN1i5nRckqbCi5QcV5UfJj5oNNu1,,,roganjosh453 followers
CloutBucks,CloutBucks,https://pump.fun/profile/CXmzWjCKn7hVe9veaY4GRRiQSBX77Jc9wWCZBKzUW7Rz,,,CloutBucks450 followers
zzzzzzzsol,zzzzzzzsol,https://pump.fun/profile/2F6p8TXy3DXDx8zygmMJXXvpCJVBPznq9jaqbNVQpT18,,,zzzzzzzsol448 followers
MildNovaAlder,MildNovaAlder,https://pump.fun/profile/CALQ1EwjARtaW6FW6KQDZj4jhye9Vt4NvTzFwmg4JHqC,,,MildNovaAlder449 followers
r3d3y3,r3d3y3,https://pump.fun/profile/Cwb6rfYgk6sJKSt38T6LUmSV2aCsgZQLYrgQFU1JbE1a,,,r3d3y3448 followers
adc1qv,adc1qv,https://pump.fun/profile/ADC1QV9raLnGGDbnWdnsxazeZ4Tsiho4vrWadYswA2ph,,,adc1qv440 followers
Dinooox345,Dinooox345,https://pump.fun/profile/GXs7ZZNy2hZspPqwFZbwXvXUQwb5hB2LXzTXSVJV9cCt,,,Dinooox345427 followers
NoMemes,NoMemes,https://pump.fun/profile/APkgAr15G7WbsqcPg5SQzXcTtJAx6pCPvCbunTPorueW,,,NoMemes429 followers
wildshrimpfathe,wildshrimpfathe,https://pump.fun/profile/6sAFaCPkdUgC3MG6XRF6ubmVhk6Wx6WsYJWUNj4RwqPJ,,,wildshrimpfathe424 followers
toletoletole,toletoletole,https://pump.fun/profile/AMEd7bE5CYSEpVpQZK8r5rKMJZrhAdg6bnaJ7qum2ssV,,,toletoletole424 followers
levwa,levwa,https://pump.fun/profile/5vvraKXjuyGwY3FeTwVHX8DU7fvsPgqGfzP3x3ehssuU,,,levwa414 followers
koestekk,koestekk,https://pump.fun/profile/8mNArer1yEtkAYvYSCeipAzRxZwQNmwMwggmi2QhtnuZ,,,koestekk398 followers
agentdevv,agentdevv,https://pump.fun/profile/7F4sTCyUqN33tSRtYDkVg9ABKW8CgfFSTXrFjadqQkRr,,,agentdevv399 followers
KrakenDevco,KrakenDevco,https://pump.fun/profile/AFzqFnTqMZ1JYe2hn4szrJuDSMeMGCdux4KLCkHz3GCV,,,KrakenDevco392 followers
earlysalmon8503,earlysalmon8503,https://pump.fun/profile/AMckG4A3HcF5yTX4xhoiHT3vaVxGnqFjaEbLj2XSN52s,,,earlysalmon8503393 followers
LuckyChucky,LuckyChucky,https://pump.fun/profile/EVqrRkVGpWQGR3epa3kT8ZpXzL8MUDu3yHVnNdZJkFJs,,,LuckyChucky393 followers
1txyz,1txyz,https://pump.fun/profile/g49wRsbdDm3MJUhmrgF6zqV1GvUr5S6ebTrdrUzp5J6,,,1txyz390 followers
megashrimpabove,megashrimpabove,https://pump.fun/profile/67umMVu8QRVi4VAtJiiaHoJVKNSLRoHFxRrU75uUXzsc,,,megashrimpabove386 followers
worlddotxyz,worlddotxyz,https://pump.fun/profile/7hbihgf1myV3DE6PAhBz3ytvnBTV7MZXcsFgsBY6oo2W,,,worlddotxyz385 followers
bronz3r,bronz3r,https://pump.fun/profile/8TnqS2TZ3rfPnAJBtaE4f9Myu3S2G7WuhPGoz3mHLets,,,bronz3r376 followers
GhostFaceKilla,GhostFaceKilla,https://pump.fun/profile/HRduFFnKv1pk7ALsQoDZseNvLAt9jUmiNq8DDtpePRps,,,GhostFaceKilla368 followers
exiledwhale7926,exiledwhale7926,https://pump.fun/profile/8s2NGKVaUbMur935vaDrM9VyxFdBXkTfkmYysx6CpcBK,,,exiledwhale7926365 followers
gigamantapoliti,gigamantapoliti,https://pump.fun/profile/JC1irmi7bWUEjPvqCbZbAoJ9JXh6htDC9uP5tAC2w4k,,,gigamantapoliti362 followers
dualnarwhal7218,dualnarwhal7218,https://pump.fun/profile/3fKF8cbyWKU56fpFkrQ1E6zJoAh4mqArdsPoUE6ycTKL,,,dualnarwhal7218361 followers
bigbrain9622,bigbrain9622,https://pump.fun/profile/CgKKDMTvPagQv6WyddRTUJEgUXXKggvLbLjv9LHab5Bx,,,bigbrain9622351 followers
anonlarpdev,anonlarpdev,https://pump.fun/profile/3kADhbEH94KsVf5zkWAgtin7SzZVXk3MZkRqxmcWPPVv,,,anonlarpdev347 followers
wrizzy,wrizzy,https://pump.fun/profile/9LUgfzet43ZdwdAzbvV5msQjGzx9g6sqvtgLaQyQAEog,,,wrizzy346 followers
weetu,weetu,https://pump.fun/profile/2JZDvvCJUUS6A1SJEW9vRzvtiEhzDd3891oXbDZ59iAf,,,weetu345 followers
Crypt_Sendor,Crypt_Sendor,https://pump.fun/profile/EPa9rrA3V2QgD2gRqfTXozVY1MNZZsXgdRZjiq8it5qo,,,Crypt_Sendor341 followers
alienguy,alienguy,https://pump.fun/profile/mgbnT4XRiEkvNQvKcBTBvWYP5RsLFrMe7dqnujpD8pS,,,alienguy334 followers
CHRIST197,CHRIST197,https://pump.fun/profile/EkzCNmx62Bp6HqKLaYdumjYtsrZh1hrAEYHkdFUVBwA7,,,CHRIST197335 followers
ApeRoomyPomelo,ApeRoomyPomelo,https://pump.fun/profile/28U7RcqyuF7oHzQhhF7x7NwHD1ySgMALHhKpedHnyx28,,,ApeRoomyPomelo333 followers
RTG_8,RTG_8,https://pump.fun/profile/C3nUAfAFyC5XT9jcFopS3v4yEV7B4J1uEof4XHRMtiwA,,,RTG_8332 followers
swensjdj,swensjdj,https://pump.fun/profile/mW4PZB45isHmnjGkLpJvjKBzVS5NXzTJ8UDyug4gTsM,,,swensjdj336 followers
mobrob,mobrob,https://pump.fun/profile/AwEAtuhQS7pg4Pp6oNH3edUF62SNvZ9oixKERPnp2VRy,,,mobrob333 followers
deadwallet22,deadwallet22,https://pump.fun/profile/6AkXDj5Aq4WpGmT8Wy6WSfR1iexEZv5fQrhkkVC1kkdc,,,deadwallet22332 followers
somethingb,somethingb,https://pump.fun/profile/AzgWspKoVBU5Lbh7v58zdpzaGkyTebGRGSZraqAYx9jC,,,somethingb330 followers
thatogdude,thatogdude,https://pump.fun/profile/GnB2joarXjYkMajGTwbf2hxwVyzkaZxen8GZbSVKXrot,,,thatogdude326 followers
DatBoyRon,DatBoyRon,https://pump.fun/profile/G6Hfxi55kPvTWAYf1n9WuyXiC1PfCuoziNhgjhNGJjFX,,,DatBoyRon328 followers
floweredtuna476,floweredtuna476,https://pump.fun/profile/FhsbQzAJWVDNwaH61cTo6XkkfEsmSYMZKs9VJHH32bVG,,,floweredtuna476325 followers
straymanta85435,straymanta85435,https://pump.fun/profile/e6X5k3onEwJiVy3M6TEDoxmcvsyx6kc4erXaTLGck1U,,,straymanta85435318 followers
RuneDeepScar,RuneDeepScar,https://pump.fun/profile/2XwmK62bxyFkVrz2zSf7zfEdrKJ3tiGXzCqvPM6inkj3,,,RuneDeepScar314 followers
faithfulorca268,faithfulorca268,https://pump.fun/profile/FfztZq1outrYfyYbKw5P4LGo4xUc4XYEdf7o91UdS7qu,,,faithfulorca268321 followers
elcucuy13,elcucuy13,https://pump.fun/profile/8TP1TfdSb6cqX2mmwUTj67wCGQ4MQBBMQeYPnjBH8RnF,,,elcucuy13316 followers
onmyway2thetop,onmyway2thetop,https://pump.fun/profile/FSgCyHVaRvWbT8saGpHMg7BPQz2oeK7Ci2fX4VyKorfm,,,onmyway2thetop309 followers
watyoulurkingat,watyoulurkingat,https://pump.fun/profile/J2GH7cAiFFsTU78UM771ofxfpR771j3R82LutT8Ltz2z,,,watyoulurkingat312 followers
Marvjunge122,Marvjunge122,https://pump.fun/profile/Ff7wFzaRdPuPMqrF26YBmHnmt7RRggYeYd82mZ5wxkqr,,,Marvjunge122301 followers
AbleCobaltBaron,AbleCobaltBaron,https://pump.fun/profile/47du2vFgZhzXR2nk4xXtuKqE8dAWXXSWsNTHNx54jjWK,,,AbleCobaltBaron293 followers
don_nuger,don_nuger,https://pump.fun/profile/7sR97gF1eJCf4EDiR5Vwg63x2Npap1Jt8f3vCDFKDakf,,,don_nuger292 followers
richfrogog,richfrogog,https://pump.fun/profile/BH74DZL2EzWnHy2BghqGYkeNSgPPekgdV1KEDGeYx62c,,,richfrogog289 followers
swiftorcaroving,swiftorcaroving,https://pump.fun/profile/CaXgRAshiXivLuUgt6bS7HEeaU1nhar3uSaT1F4T5Hco,,,swiftorcaroving288 followers
slysquid28955,slysquid28955,https://pump.fun/profile/4hwPamSooBr5JhxHdcEC21HoxN5HUwYR2hGucLPyZAi8,,,slysquid28955286 followers
saucyseabass,saucyseabass,https://pump.fun/profile/49X15pR1d3pLAWeBKH4bUmCWgJsSQzncy9fpeyxB2wX9,,,saucyseabass285 followers
coykraken55225,coykraken55225,https://pump.fun/profile/G3Y91oLPS1JUsnMrjkqJkrN6jvsAwHkBMqW1oqXSmfq1,,,coykraken55225282 followers
real_yahooze,real_yahooze,https://pump.fun/profile/8FUmdjqsbS2HAiYBg6yJwwT2BNZfAKa5P2GuHYcPFNXZ,,,real_yahooze279 followers
dubg,dubg,https://pump.fun/profile/BbZ68GUvBWtNpCjBVTM6aebJ3kosNf5Yy1LaRQ41uWwS,,,dubg276 followers
crassorca20660,crassorca20660,https://pump.fun/profile/9ogeCJhwdQ3hLbhSqTterv5nWeetnu9Z2LxjWuN6krhq,,,crassorca20660275 followers
conichua,conichua,https://pump.fun/profile/47JDgkhmFHKgRt7zezCJXEeofkg46NBDQiudZ6G6eMrQ,,,conichua266 followers
BobtheAnon,BobtheAnon,https://pump.fun/profile/61vsGV7jAmA7rgU3JtUJMPY6WWZfZTYqSNnxp5vgcAy,,,BobtheAnon266 followers
NineTrey,NineTrey,https://pump.fun/profile/42uEAtYUtzku9WtXr4z3GBRbW2YpLVkB1jShbT8mGzUo,,,NineTrey267 followers
BarryStanton,BarryStanton,https://pump.fun/profile/6RpfS3yiC2ouDdZCkndyPoiGjj5yM55ouYfCLCU9HWoq,,,BarryStanton264 followers
trenchclipping,trenchclipping,https://pump.fun/profile/7nik2ykqshLTHL8j3a1D854MaMu27DmrkrfeTXs8CGAQ,,,trenchclipping260 followers
doticus,doticus,https://pump.fun/profile/3Psiz57fQsiw9RHMuWfq5nN53Vs5Vj3ZMAcvb5QuDApF,,,doticus258 followers
twelveeleven,twelveeleven,https://pump.fun/profile/CF2JLCxx4Ae7kVJqhSn8EzxnQbwkaFEYrtCnXyb8xLtW,,,twelveeleven258 followers
microd3v,microd3v,https://pump.fun/profile/7kTC9zY2RFAPDcA6bj4CMHLGJd2yXMR8bsk365VcM3Cm,,,microd3v259 followers
orangemanrad,orangemanrad,https://pump.fun/profile/9ZDnVZftsFzGfwXWWFr5pmbmkLscXJAnNtKF8NobDpSN,,,orangemanrad253 followers
Biggynosma,Biggynosma,https://pump.fun/profile/9ZmBDdJAiPx1JyrKNbVSgdUtf65CKAAqz7M2gvfedK6K,,,Biggynosma250 followers
mp1111,mp1111,https://pump.fun/profile/XXXXXahGswEH6i3Czn19XbGxQrobJoY1TYJegPxp3ex,,,mp1111248 followers
lemonpartier,lemonpartier,https://pump.fun/profile/FbKJvnWqwXVqkykR4tPvYU1Urs1R7BXRctuqKBstzkwW,,,lemonpartier246 followers
steadyotter6265,steadyotter6265,https://pump.fun/profile/9k3XjkHyz6UVYyS91H5V3qLhfCSYYeSeEcix3ER5syc5,,,steadyotter6265241 followers
forrestpum,forrestpum,https://pump.fun/profile/9f4TrYfqBpQoU1E3raw7d1hZkfjBxDgLK4t3VaP4CDLb,,,forrestpum238 followers
turbowhaleenhan,turbowhaleenhan,https://pump.fun/profile/HFbdU3vnnVoruLuUm9DMDbkxRzkEXE5yi9hyZjaFmqdy,,,turbowhaleenhan238 followers
crypto_future,crypto_future,https://pump.fun/profile/GBX3yDDt988gdzJ5mxGitMYPjNLErHNkzcLmXvoua61e,,,crypto_future238 followers
fealorca10377,fealorca10377,https://pump.fun/profile/Gb1tPJZNMCGrbpEMvKTbENswQht36RjMVvfYakM5NBLb,,,fealorca10377232 followers
davmoneyd,davmoneyd,https://pump.fun/profile/7Cf1xrAtfYkGkZRWLr8jL3zRS3kUUWc9gPzUtZDoTX9C,,,davmoneyd231 followers
backfromfuture,backfromfuture,https://pump.fun/profile/C3XXo8reL1Rr9R3nXzrUmkUa9k2DovG2KsvFmGH7NMyr,,,backfromfuture229 followers
garymayz,garymayz,https://pump.fun/profile/9Vn8kqeFkBuQ7GHpp2DrjuiUBPqJnPG8DcKizWxAY93u,,,garymayz226 followers
durabletuna786,durabletuna786,https://pump.fun/profile/4pazo7Tj5EuWW8msUitemnmsyYLXDyHCD2orEhmAz4bg,,,durabletuna786223 followers
stupidmfer,stupidmfer,https://pump.fun/profile/4Aw5MXWL7fgtJ2bCRqXJJKKnTKmcrLvJjkPJoeHjgaFU,,,stupidmfer221 followers
kabutodev,kabutodev,https://pump.fun/profile/D7LogSXaKvN5or4nowqRtx36yh54KM3AanmZSsrBaZXV,,,kabutodev221 followers
youwatched,youwatched,https://pump.fun/profile/79iC1835GFEruVVoh1tp6mcmAo3tVdR3V6TCs1BXBXWY,,,youwatched220 followers
cryptoDarlin,cryptoDarlin,https://pump.fun/profile/48o47b5AxZbk7wuPuFM9bySnzmHL9GzUEU98ygEvgx7w,,,cryptoDarlin218 followers
alphatraderzz,alphatraderzz,https://pump.fun/profile/7wN1fXJnjhFuToy5VuXHPsgqoXufJkTkkMH6B2VTCRrU,,,alphatraderzz221 followers
degenorcaarteri,degenorcaarteri,https://pump.fun/profile/CiLG3KnmcmdDPRrN2P6GBFKmDyU6p3RSyygVX2rn5RDK,,,degenorcaarteri215 followers
herrdevs,herrdevs,https://pump.fun/profile/7zzSHm5bNMUwgg4dxaHWJdtB8Z9fUM8wFd2zFeor74W8,,,herrdevs214 followers
tanisha17,tanisha17,https://pump.fun/profile/7VZeKKn1FyAvBywntWaY32WSp2v6uN5kYLtD6UN6rRVq,,,tanisha17215 followers
pumpify1231,pumpify1231,https://pump.fun/profile/AtDSoyKLaV1gYqUzULasuJdN6zryMWujr53JSsCmGEvB,,,pumpify1231216 followers
artbypies,artbypies,https://pump.fun/profile/9vY2sDbJLVvUKMorvFo7kZJWPG7VNUR3umJPH2VC33Hi,,,artbypies210 followers
bigdongenergy,bigdongenergy,https://pump.fun/profile/CENkMf1zDjk2LuATYtMsYB4dm52Fv2NdGDWmUS6C56nX,,,bigdongenergy209 followers
mixedorca23118,mixedorca23118,https://pump.fun/profile/G69bxHU1CmLScWhHdWF6ZuLaGTaySR9WxnAScATMR8dd,,,mixedorca23118208 followers
sparrowjr07,sparrowjr07,https://pump.fun/profile/7STCKoBe2sUadxCRZZvYpT43tUoNimyzx5AH2F1oheVB,,,sparrowjr07208 followers
rideordie101,rideordie101,https://pump.fun/profile/Hr9YE7XGzxGNAbRm26jjcE7pthqUuLTPNMPwUKZs3K7S,,,rideordie101205 followers
lynk10x,lynk10x,https://pump.fun/profile/CAsJeUjgQohPYC4t5UWCELhfSjvMVrKo4itZ7DA74rTQ,,,lynk10x202 followers
alphachud,alphachud,https://pump.fun/profile/59n3Y9q1FLynML7vQmpWkTbQEDa1o3WggRkfo5MkGGJp,,,alphachud203 followers
RawnStawp,RawnStawp,https://pump.fun/profile/FozzUrGVRzJcYJTvNW2GyRLdjSWHJwSSrjuWDZecBfUx,,,RawnStawp202 followers
wyco,wyco,https://pump.fun/profile/HkFQFBtRieUTC8GsjEYTR8XH8HB5eCUCCfdTPAmv7u3k,,,wyco199 followers
monkeykiller69,monkeykiller69,https://pump.fun/profile/6xX7LudE5AqnTUc8dJJfzuarkSc6WMw7qRHgQXUdWauJ,,,monkeykiller69200 followers
memesuperstar,memesuperstar,https://pump.fun/profile/4dzNSC5Bzg6JdVKJMtssWCEPb8pK3Pwjr7uArtssc2cV,,,memesuperstar199 followers
truedolphin4102,truedolphin4102,https://pump.fun/profile/Ei1dmgYK1av31iuQHzpTx4e7vAg5nXxA9mE7x1Gr34Ao,,,truedolphin4102198 followers
Nilo_Riven,Nilo_Riven,https://pump.fun/profile/9CnniGFXZECGVErJwKqERYn2XmenntTto79BLsF7UbCb,,,Nilo_Riven198 followers
PLANKonCHAIN,PLANKonCHAIN,https://pump.fun/profile/22MjtUCJ66mu1xU2o4eNzryn1go3EA6tSfvHmehh4Pp6,,,PLANKonCHAIN197 followers
plushnarwhal402,plushnarwhal402,https://pump.fun/profile/Hy9nGD51dgCterYWBetfrEnBxd5uqueYxpxyEZxVYemE,,,plushnarwhal402194 followers
ChartThreeGod,ChartThreeGod,https://pump.fun/profile/7CgG2UJ2WqirVGHKeRhBynQi5a2Tm9M7PtEmadrYepso,,,ChartThreeGod191 followers
zzzzzyzyzyz,zzzzzyzyzyz,https://pump.fun/profile/EYsJVQU5igQNaNMptsyL2A6h6QWso34MYxTriAkdQqWj,,,zzzzzyzyzyz191 followers
saviorrrdev,saviorrrdev,https://pump.fun/profile/4t6QqKRzEDG1v1fV7mN9VgCjrr9stKb5aeZqUymnxywe,,,saviorrrdev190 followers
rektus,rektus,https://pump.fun/profile/85m8YHcGjJuK2qaRwTm2qTbfTmncR8SeH3crEiPmo9sB,,,rektus186 followers
slackshrimp1740,slackshrimp1740,https://pump.fun/profile/4V21x3wW4uuYQk6EtzmJsBvq92Qb23Rwa1dga6ebn95A,,,slackshrimp1740185 followers
panndaa,panndaa,https://pump.fun/profile/5RT3pEAJgn15osD4whsVWfH9UEyMcgAA2TYETiTMv3jM,,,panndaa187 followers
lacygreyspout,lacygreyspout,https://pump.fun/profile/EY8W3YJgvH2JJaWpmmUMwkHTrUV8KgfARxKE8b81Hsvy,,,lacygreyspout183 followers
shesgone,shesgone,https://pump.fun/profile/GMshkzk65WhorAooRfckSuMdMJaPrHFTnU4TaAGni1SM,,,shesgone185 followers
pussychud,pussychud,https://pump.fun/profile/982optZVFpQZa3LPwDaeUnF9zVgtgaAF57bpzTncnYAX,,,pussychud184 followers
jaeprodigy,jaeprodigy,https://pump.fun/profile/3WspiGH3pBKD25XjASYAtt7PF13MAFimHdCQsbv5ZmoB,,,jaeprodigy183 followers
sideeye112,sideeye112,https://pump.fun/profile/4HYKXF62H2kbtJR5ZGfpsGm1wyBENX8ubweyfupGrWmR,,,sideeye112181 followers
greyloftywad,greyloftywad,https://pump.fun/profile/B92JGdYXgTjmVEcZLsMPvGgYBPRPYZCRrqP7NAZfzsmX,,,greyloftywad181 followers
group7guy,group7guy,https://pump.fun/profile/3hyoYbcQYJoyvttercdH4bGipdXxWYdCfKwrnFP31Nnj,,,group7guy178 followers
shinykraken8553,shinykraken8553,https://pump.fun/profile/7zH6nQN4C8G1sH7LH1sz8ZKhTPmiA5wTbYcWkikUSKw,,,shinykraken8553175 followers
PolarBrr,PolarBrr,https://pump.fun/profile/AuEJjtYnFvhq1RZgaTAPinRcYSu5URk5v5Pu5sbr7Mu4,,,PolarBrr173 followers
AzzyCazzy,AzzyCazzy,https://pump.fun/profile/2cAtyuBYGRjGREEk2xiFevP9o7rABArR1ve1vBmbrvn6,,,AzzyCazzy173 followers
ibuyshitters,ibuyshitters,https://pump.fun/profile/CBtcPZ6RidEqs693CMo1rHG58rVpCmEqp9Y59SW1V3KB,,,ibuyshitters381 followers
hama4444,hama4444,https://pump.fun/profile/xxx3Hma5LJodMiTthgTZVaWAmAebQi4YxehuH5iTQ36,,,hama444483 followers
whiskyt,whiskyt,https://pump.fun/profile/2khzmKNZ3VMnSTMe3UuPXpiujnm8uQBhxPJJw9FGHqEj,,,whiskyt80 followers
lookforthegold,lookforthegold,https://pump.fun/profile/8HWDVFcKxhCDkLvcHBBpEGtwrYwYoum8cr4SnhzpY2Jy,,,lookforthegold561 followers
Megglers,Megglers,https://pump.fun/profile/7f2f00c5-56cc-4c61-ad92-a629e73010ad,,,Megglers89 followers
PipeMate,PipeMate,https://pump.fun/profile/7DgxeiVtkSNP9VtTys1r1KhqE9f3kRsufHPNr32otvLC,,,PipeMate418 followers
brby,brby,https://pump.fun/profile/ACCee47fBfTft7FGJcdrFhndy6g6zRbKfTGkyH9vJLfj,,,"brby5,296 followers"
iboughtdips,iboughtdips,https://pump.fun/profile/6yc87kWTwib6oioPoLGnuDAfFZ8EbiLcZp4c19sXjT4V,,,iboughtdips146 followers
mutedorca57104,mutedorca57104,https://pump.fun/profile/ED71PSkoJEfp1EwmJ1gioNBeQxf54R9aue4eZhykyg55,,,mutedorca5710428 followers
justatrencher1,justatrencher1,https://pump.fun/profile/AU3oKFp6BdsLLA1vW3Qo9uqnEuuut9rb4pXVa4svY1dn,,,justatrencher1318 followers
rhodesia,rhodesia,https://pump.fun/profile/B6QvkTWSqJZv5tK4AxFnJRy54Skrk4S1VH4QG2qqs66N,,,rhodesia263 followers
Yeeeeeeed,Yeeeeeeed,https://pump.fun/profile/9sjv4mEyMTGdXYekY6MXXa3Jjc8k9kDs2xGNVu2QVLEH,,,Yeeeeeeed44 followers
akafonz,akafonz,https://pump.fun/profile/ATrGrvfx4zGBsmZ9KV4YZJmL8roepsRZSop2ySqwMzfN,,,akafonz32 followers
sirluis_,sirluis_,https://pump.fun/profile/7NMycPFWGubQdXX99J7nexFZ35bGagcoBFZsRwWXUMPa,,,sirluis_16 followers
Folk_Valley,Folk_Valley,https://pump.fun/profile/znpoQRYjJ6fb7EJPSamebRd1qUT1ErZ4iqB11ZRVfsW,,,Folk_Valley2 followers
Troupe,Troupe,https://pump.fun/profile/de43744b-a2b1-4360-bd28-714876b523c2,,,Troupe112 followers
Poorleek,Poorleek,https://pump.fun/profile/D74ZmWfVJFUw3CuUgbC6sCKrgTX8gqX5WNSb5hgJeGjU,,,"Poorleek1,276 followers"
bigniggabobby,bigniggabobby,https://pump.fun/profile/777DyFhFa4Y6ijfSRW9PFqCDAZzU4snQ7v5kWByWGnex,,,bigniggabobby209 followers
yeetonchain,yeetonchain,https://pump.fun/profile/H4rsXTwUtngFDEFHUV3fNkA17MBFs2kztfxEk7HXovcS,,,yeetonchain27 followers
Scipione,Scipione,https://pump.fun/profile/8tA4TikkZBpXbcVzaCyqpjRUvNWRe5yqPaykvkejW7u6,,,"Scipione2,324 followers"
wildoctopusbull,wildoctopusbull,https://pump.fun/profile/AAW74uA1EZFP5iy2rompDGGHvH8QV4yMa3yBMn7CdyTc,,,"wildoctopusbull1,487 followers"
trademikel,trademikel,https://pump.fun/profile/76n5KpEadSEAEMWcX9k3ZSrLnwv3UzuV8JHhTRVffGtj,,,trademikel680 followers
bigturd3678,bigturd3678,https://pump.fun/profile/CJAgoAjWVpBd7q8383kxyE6SsgwsJ9GeBXLvhLeQJXPx,,,bigturd3678576 followers
parakeet,parakeet,https://pump.fun/profile/EJM9fPJshtGALSSEb2CNmxb5axeGzEabYTDbhBG9cw1y,,,parakeet554 followers
_shshsha,_shshsha,https://pump.fun/profile/AJYfxvKxXmoYmVCoJA8udifWqo1DykXveGPbH56w1jki,,,_shshsha505 followers
S____,S____,https://pump.fun/profile/Gmh3Wt423pU6GsS3FQyZjknifnAFW7g3J8HhbF2TrbZL,,,S____300 followers
Rumpelschizkin,Rumpelschizkin,https://pump.fun/profile/2HVc4Sb8vJ6Dd75xaM1NEVZhX4kPLujHbtKPZAz9Kh4R,,,Rumpelschizkin270 followers
deado2,deado2,https://pump.fun/profile/3zDrfpDYo7CVpDUqe22n57Ba4QMffnMjZjWNUWi5PwFx,,,deado2255 followers
lowkey67xxx,lowkey67xxx,https://pump.fun/profile/CB41UvBz3BGqQk3ADHUnJjHC9tyPa1rm2JkAnTUmr1vR,,,lowkey67xxx220 followers
betyouwannaknow,betyouwannaknow,https://pump.fun/profile/3S7bsw7kKUXz31eca2UAD7BKfgP3bpKwkJ8Nfkf4GCt5,,,betyouwannaknow188 followers
MutualNineHouse,MutualNineHouse,https://pump.fun/profile/9keCU8mgA23XV8LCgSCJEo4Lspmo9fRBA3MyxJmZKQSp,,,MutualNineHouse171 followers
jiuxia,jiuxia,https://pump.fun/profile/FqhmiN4hKFWMpGyk2qGjHyogxLpa6VqsxYCi5EpVdySc,,,jiuxia140 followers
raeconthemeff,raeconthemeff,https://pump.fun/profile/HXbwX1oGic2A5skRxVrsrQDrbAiq21u4JEzvKaFTdJBm,,,raeconthemeff138 followers
alphaonboarder,alphaonboarder,https://pump.fun/profile/6vxobdjQLxEUP8dvzPEvjuDCKT2UHtXFVbeDuq3M5UhE,,,alphaonboarder130 followers
sukkar,sukkar,https://pump.fun/profile/DPa3eomsunMBfnaQEQ1WVFnQh7hUGpNhDihoHwLZGWkE,,,sukkar122 followers
PepeTheParrot,PepeTheParrot,https://pump.fun/profile/BC7cDUj9f2Ni4S69eBvGho6cVuEin548HQX1GzB3dDTw,,,PepeTheParrot117 followers
HeyMoonDoll,HeyMoonDoll,https://pump.fun/profile/7oPUVMn9dMad7FiHxGK3EAhYBpkbh7JqvLvmWFqUnuJu,,,HeyMoonDoll114 followers
NeonRightGuitar,NeonRightGuitar,https://pump.fun/profile/feUvp698eqdki4prZwmGyDhQ4DTRbEJtuvP6s8qRvST,,,NeonRightGuitar110 followers
masxs,masxs,https://pump.fun/profile/9JNdq3BwhS2bsR5oj5gu4UEwrQmReGq6oVskJBP6AMgC,,,masxs100 followers
GlobalTulipAlto,GlobalTulipAlto,https://pump.fun/profile/49nvFkUxnxd4wXY5W9XygB93rzDUvugaxK5AkMqqxmgS,,,GlobalTulipAlto98 followers
FomoSuperShaker,FomoSuperShaker,https://pump.fun/profile/283FxqaYa3Ya5pgGGFHqPegYmbBxmbC3pMka8yKyg9Jc,,,FomoSuperShaker93 followers
turbofishgritty,turbofishgritty,https://pump.fun/profile/GfS3ZWBLHa87kR6QcvzHnzSdLkqkDsTNpiAUuA7eZqkG,,,turbofishgritty90 followers
TycoonOfCrypto,TycoonOfCrypto,https://pump.fun/profile/g1xKaXGasX4dAH71ND93ZJAnfMKDtUaSDSFqBBpxHps,,,TycoonOfCrypto65 followers
WINNER_CALLER,WINNER_CALLER,https://pump.fun/profile/338d4252-d0bf-4696-980f-eedcf21f76b9,,,WINNER_CALLER64 followers
layshark40679,layshark40679,https://pump.fun/profile/V86PvhPaTk9bkgWEKjzDPiojyMpQX5U1ffAbVAp2SH7,,,layshark4067961 followers
Zorlaxe,Zorlaxe,https://pump.fun/profile/FCwgQfZF234x8zHhcjgeGZejF96EtSUfwWA3SAhF55ts,,,Zorlaxe56 followers
Szym,Szym,https://pump.fun/profile/A9v2gLqmErv4Niu9fcpRdXzeQt1junpvWDAPHTNqNKX2,,,Szym43 followers
vexal1,vexal1,https://pump.fun/profile/oZs7gBTkMFHomirPL6uz4FEZzMtEQPR8kFCTQXQijVP,,,vexal141 followers
BBCQDEV,BBCQDEV,https://pump.fun/profile/3Rgs6cfgFy2gaHUDiZJQKro7odhzWmhZ1XuYZra9h7ia,,,BBCQDEV36 followers
0xasta,0xasta,https://pump.fun/profile/EoPocWR4fJYJf6CmEwopMGgJWyLey2wCFQgmAqgjpUF1,,,0xasta30 followers
nickysi666,nickysi666,https://pump.fun/profile/AkSDJKNnXLgEHPPutYvnwdd3TtKGxL9xY2oXgk3j81Z8,,,nickysi66616 followers
SugaredGlowSing,SugaredGlowSing,https://pump.fun/profile/7EhvWhDSiRADH9RszGxTqJrs3Ykk8c6VX4eXs7CNX6zf,,,SugaredGlowSing15 followers
escanor_suprem,escanor_suprem,https://pump.fun/profile/4su4vrkwoJHGEV5z9qs8EWQPMGRe6Fg1teGGkyRBcSPm,,,escanor_suprem14 followers
icyoctopus32095,icyoctopus32095,https://pump.fun/profile/6TLT7ZTAA7ikXySWUAVqGDEAE7cwntkYhSdsCvkJWNhy,,,icyoctopus3209514 followers
SameLoftySkunk,SameLoftySkunk,https://pump.fun/profile/2GuCHngsVBEPv3iKCHHzKaja7y1Xwr7K4k8YGSjXpXA1,,,SameLoftySkunk11 followers
SulkyTartanBear,SulkyTartanBear,https://pump.fun/profile/GTvwxSyr19JeXHx7o3j6zGJAh1qrcEJeFAcpmyKsA2d8,,,
malatonknows,malatonknows,https://pump.fun/profile/EFYo1TMcN4iVVuKKaYYRU3jHkAVAuUrEmyT1fGdRzr3S,,,malatonknows158 followers
parrot911,parrot911,https://pump.fun/profile/CAWVJbo4VQ8Q6LwpPki34bYLbz3zn6CRW8EjUGJXJZBW,,,parrot911113 followers
Solsnow_,Solsnow_,https://pump.fun/profile/7s2KvNiGPHaAFCVvJvbqUE7zQuKP5RWxuunoZ3wCtoy5,,,Solsnow_31 followers
Roui3r,Roui3r,https://pump.fun/profile/8ZKikPZPbYWP5ijZKW6ZoLgyk2nxRAM163X3rsctyJBX,,,Roui3r17 followers
dux100x,dux100x,https://pump.fun/profile/8736HNtmzunr7rU9uC55v9CpBVLKjMMp9pqsCkZc7wf2,,,dux100x16 followers
DrClaw,DrClaw,https://pump.fun/profile/EgB7ar7aHCiwcimG7dHjttWUJ4eQbQFkcooSi7SGe3pR,,,DrClaw15 followers
kemonitoxbt,kemonitoxbt,https://pump.fun/profile/2xZzuUJEnLaS7Lon92YWVzwCD1G9Ys9YhmDdfmvdSgop,,,kemonitoxbt8 followers
tacostand,tacostand,https://pump.fun/profile/651c6ed0-c753-4b07-b91a-d66c54a04bc8,,,tacostand34 followers
astroaped,astroaped,https://pump.fun/profile/34bDegT4zqviLjh4GC1SLk28Zv8vKvSK85qatyc4gJPD,,,astroaped19 followers
untestedfish781,untestedfish781,https://pump.fun/profile/CBytfQDrDBbm7LgY1LndGGGTqD35je7mSTiFQyJxcsdH,,,untestedfish78158 followers
solympian,solympian,https://pump.fun/profile/GQJ7xAwTh46sAgS6mMENi7nCMQg9aC5Gs24kGFLJxRPX,,,solympian229 followers
2broas,2broas,https://pump.fun/profile/2bRoascfGCKkRnyZLmzJh7cKpiD45zyEzUmg9XPZzueC,,,"2broas1,276 followers"
wonzone26,wonzone26,https://pump.fun/profile/CzyCZWJAGaHKLL2RdESLe7Wssy2qcVLUqMdJPJ7NjCfQ,,,wonzone26940 followers
scharoX,scharoX,https://pump.fun/profile/4sAUSQFdvWRBxR8UoLBYbw8CcXuwXWxnN8pXa4mtm5nU,,,scharoX494 followers
ThanosDevvor,ThanosDevvor,https://pump.fun/profile/HPjJ1AwVbvGy3hZxQrovkZLz7cryk6C3XHBZZv1DpNkN,,,ThanosDevvor347 followers
Tenders,Tenders,https://pump.fun/profile/4bfteWeXxH7KZhGUmowiMZZ1xr94N3DURwQmcJzzQWDq,,,Tenders277 followers
_la,_la,https://pump.fun/profile/2HTW1j6dj5yajNN9zaNSyyJLRzi9G6s5CW4sSUc2pKjn,,,_la210 followers
fomomofo,fomomofo,https://pump.fun/profile/9Tf3LmmDVg5rxgB8dRXv7Vr7PMZ7cz3UgHhVKSpmHHjo,,,fomomofo189 followers
mongcaller,mongcaller,https://pump.fun/profile/Beuc6avpvwgDbotUXsBrsUWBDs7MoN1XH2rtaskeEL1i,,,mongcaller184 followers
DxGx,DxGx,https://pump.fun/profile/6SgqErXc7HRJR45bV4hgceYknVwP762xemxM8hrq9gue,,,DxGx181 followers
outdoyou,outdoyou,https://pump.fun/profile/GnEcs3N8ax1nz7tQ44fzu97U2Wr9jS8qeuUwUGAZinat,,,outdoyou163 followers
yokaicapital,yokaicapital,https://pump.fun/profile/2w3zDW2e1KjYtM2pHTkgh78L8DjMrC6fuB9uhwKNigTs,,,yokaicapital163 followers
yourfavd3v,yourfavd3v,https://pump.fun/profile/7BPyhTbWMVBRW7c7vvZJyfvJMWBoEgj7ApF1NWbgseQP,,,yourfavd3v152 followers
nftoker,nftoker,https://pump.fun/profile/8KzVPFK8YuTRHHQo7tu3yL9oiiSo77ZFaAUkhQBDdVgp,,,nftoker135 followers
fitsquid91713,fitsquid91713,https://pump.fun/profile/7sQJttJLutWjHkxbusTgE4GpSj5z4fegouv2USHDFN2H,,,fitsquid91713136 followers
DEXPAlD,DEXPAlD,https://pump.fun/profile/3Kvheb9PUu4HG2cXk2G49L6HWgWGWn42DnMqmsan3wnw,,,DEXPAlD127 followers
fadev99,fadev99,https://pump.fun/profile/5SGKEFSSR4ib4eU4LgojsAB8u2tVrxnhR5TNFYPuQBvG,,,fadev99127 followers
baldlobster6666,baldlobster6666,https://pump.fun/profile/84pm8CVBrVyTCgG9TwP9hacMB2PaoMdd2R4nFPgqRTuc,,,baldlobster6666122 followers
juniordot,juniordot,https://pump.fun/profile/3tnzEgqo6U19ocZbbc49vcGv3mGSoWNFAYjQQk5gF2qP,,,juniordot121 followers
SolLacySquid,SolLacySquid,https://pump.fun/profile/3VwmH9qYgqSSunvX1qQ3YNVMGsm4wnB6UYveH15hXK1Q,,,SolLacySquid121 followers
Faint87,Faint87,https://pump.fun/profile/Eovy1qaaXPMfC9erDmGbmCZTK44wVn8H3Twvx2ds8jx9,,,Faint87112 followers
Animalquant,Animalquant,https://pump.fun/profile/u7d7oWEKGk6eFWZC3JgTFrm5P8BuWYmBrhEQkcn7ec1,,,Animalquant85 followers
gigaoctopusobse,gigaoctopusobse,https://pump.fun/profile/8J3ubvo2mX4FVgECc5okpo2BvU8TJdXB26JxU7Afq5Zh,,,gigaoctopusobse84 followers
BunkerInu,BunkerInu,https://pump.fun/profile/6qxFo4zYP9SeoCdSQuvpV9bEawMuaz8cNqLGHKrKs7bZ,,,BunkerInu71 followers
kinkyorca88369,kinkyorca88369,https://pump.fun/profile/DGPWxJTrfw4WM9WsnyFCDQGsAfYfjDagrBNRnBNnPW3m,,,kinkyorca8836969 followers
wildoctopusanci,wildoctopusanci,https://pump.fun/profile/5xpX1tEw2W2AhQN9Q8q6gQKqqz2Nn6Ep7o6EmQQxBYt7,,,wildoctopusanci66 followers
hyperottermulti,hyperottermulti,https://pump.fun/profile/EwLqzpXZoXR7FAHGP5596X1PKVEd7ffTFaN292HSCHVD,,,hyperottermulti60 followers
Dalcomping,Dalcomping,https://pump.fun/profile/3mMizAN99UcCumS9Fy3qvUvbQ777XvhZYrwQfZDgpA7f,,,Dalcomping54 followers
aftermarlin6478,aftermarlin6478,https://pump.fun/profile/KPrfxdj2LJGkRnTSjepXLimjfCVH4qj3tS9YEWvDGAy,,,aftermarlin647847 followers
cavvp8,cavvp8,https://pump.fun/profile/CaVvP888jXvwrS9459yxrwFAaUQUmefme6sJiTbfjmkp,,,cavvp842 followers
gheyjay,gheyjay,https://pump.fun/profile/8vZ1UQ2SUkk2tYAATu5sJ8KzHryUFfNHbFFHdhCLS1bz,,,gheyjay31 followers
DenimLacyRabbit,DenimLacyRabbit,https://pump.fun/profile/E1r1EUvtUA3hg3RbZyZdUHwpxVarUcvLBD1H2SP2fZUo,,,DenimLacyRabbit25 followers
dizzysalmon2316,dizzysalmon2316,https://pump.fun/profile/7K6G3qrwxekbcbz6Wf2nNMmfB7taex5wwWXry27kqqHB,,,dizzysalmon231616 followers
amplelobster744,amplelobster744,https://pump.fun/profile/3bVNXBqupitzSZ5qM1yuVcymWD9GRLpUA3FoDKoHiUnz,,,amplelobster74416 followers
BestOG,BestOG,https://pump.fun/profile/4hfPjgKJRWJ7hxsyzfGjqh72NYXyLJFg83Cuv7rPynKt,,,BestOG16 followers
bigoctopus33078,bigoctopus33078,https://pump.fun/profile/E85RJFeTUA1MMraonGB4mK4zyioVN4y8eiERpzz48kVk,,,bigoctopus3307814 followers
JetSourPanda,JetSourPanda,https://pump.fun/profile/5G4wPhXj5Ei8DcZw8aV8uvomUiP7HXT5JbgqJeeL9MEX,,,JetSourPanda11 followers
officialglc,officialglc,https://pump.fun/profile/F4n4eBUjwGLh818TmkdDAcbnjSgSi5prAhHj32pJ5Q5D,,,officialglc9 followers
overallcrab9233,overallcrab9233,https://pump.fun/profile/9UgeZpz1PnupJkE7ANJqCNsCRDSc5igcdVn6n41w5Mpg,,,overallcrab92338 followers
fairmarlin63246,fairmarlin63246,https://pump.fun/profile/JCmZS7cRGiNBCvT5e5S1GTMAtFCycmNTEtssBXwBV4xX,,,fairmarlin632468 followers
Apanimayoda,Apanimayoda,https://pump.fun/profile/CzYhKtrbdtMn7SrFDkxBsYioy4XvVhgSFqKfZvCXBdNP,,,Apanimayoda6 followers
unknown165,unknown165,https://pump.fun/profile/4exDNgPuSEi7QxLnD6yxebD19ABLvpTW2xz3vAs2hE38,,,unknown1656 followers
prokraken58407,prokraken58407,https://pump.fun/profile/EXT911f6pfvyW6UoxKvm35fQmAkLdyhfM15GSdMCTBMm,,,prokraken584075 followers
EduApes,EduApes,https://pump.fun/profile/9bHVX3GBg9q4u6a1t5untzwnUYL9VjtSBdPfpz14gjVQ,,,EduApes4 followers
lankyshark93159,lankyshark93159,https://pump.fun/profile/AbRCJnJWMhAsCPfpxtmSVM9PfAeggjvJvdpuc5NmMYUm,,,lankyshark931594 followers
mongcallaa,mongcallaa,https://pump.fun/profile/DbHK3V7VKhTwHcJH9qdq6vcLsSH6c3SCVjcN9hUpgV8v,,,mongcallaa3 followers
flashingcrab311,flashingcrab311,https://pump.fun/profile/DGCxRCdgA7r6TpSGz1DrSETqaTJwNwFfqR3LQFxbGrbW,,,flashingcrab3113 followers
unrealotter74no,unrealotter74no,https://pump.fun/profile/LATso1VsPai3Png2XokELa352QgrjwEWmCkrUXhuYed,,,unrealotter74no3 followers
Siuox,Siuox,https://pump.fun/profile/9dLhFkJSrTXXnRRSXmS7ed4pTyWHjsxVsrwPGyybt8RS,,,Siuox3 followers
glibstarfish608,glibstarfish608,https://pump.fun/profile/2heJbC32Tpfcb3nbUb5ER61K11FGZVfVGtVnDm6LDogF,,,glibstarfish608853 followers
OgDallas,OgDallas,https://pump.fun/profile/6nGchzUQLDSDpGh7R8uLTr1MWNvcCGdhUznJQm142y1G,,,OgDallas114 followers
JTC00KS,JTC00KS,https://pump.fun/profile/GPuRjA3KU9JKaz4HUpTCcbYDjqYZ3j299kktLN41jQgh,,,JTC00KS87 followers
DegenSlashGold,DegenSlashGold,https://pump.fun/profile/7s8fFMvnq6uJysQ4WLRk7UAkYve8YVP7KNMP5GvLCHkX,,,DegenSlashGold61 followers
G0atz1m4s,G0atz1m4s,https://pump.fun/profile/Fvckx7FBfm8BwJ8UGA6y3RooFyb4eWD5gQao5VFYYqXJ,,,G0atz1m4s57 followers
millionaires33,millionaires33,https://pump.fun/profile/ea8e99a4-87f7-4fa1-8be1-e9da934a508a,,,millionaires337 followers
_fudder,_fudder,https://pump.fun/profile/25bLNepKnM2ZupGgEy5aG25U57JV2XHmMgMAsHnUozxW,,,_fudder188 followers
tbc_dev,tbc_dev,https://pump.fun/profile/4n5gPsbp8aHRgMkGtnC7sXR4z3nxMRWYmNknm28bX3XQ,,,tbc_dev185 followers
peakachew,peakachew,https://pump.fun/profile/7zwLdPUY5p7bBA1KNdvCQDGynFCjwdCQVmeQCSQT2zX7,,,peakachew154 followers
trimlobster9058,trimlobster9058,https://pump.fun/profile/54Jzthjgj8ZcHfcVYgUUEub8UQMBkJg8QQRMcVLmA6xX,,,trimlobster905842 followers
mxnj,mxnj,https://pump.fun/profile/H8PzTvMSRuXEGqTRFDD7hHqmFGNqiforrpwFf6jaEZdy,,,mxnj34 followers
legaltuna61818,legaltuna61818,https://pump.fun/profile/EcihvpXinHUEDBwn1uMEnFM2yru3Myjap9HpchGNFPt4,,,legaltuna6181823 followers
johnupwick,johnupwick,https://pump.fun/profile/68aeqk9uAAqaRkRzzSTCxMixiSaiHU8a7eXPrrEJKkU,,,johnupwick10 followers
Trenchlab,Trenchlab,https://pump.fun/profile/a41a2c34-2639-486f-975f-7fc52e7c75de,,,Trenchlab39 followers
theotcdev,theotcdev,https://pump.fun/profile/EJCKi9Kg2RhJkRReDFLBmW8dEheLtEgnA1f5PWGT1Eqd,,,theotcdev566 followers
devindedev,devindedev,https://pump.fun/profile/GT53gvv6zezx9JBLbbsgom3SwE2jvDaDZHrKEySV6JQW,,,devindedev455 followers
dimlobster37380,dimlobster37380,https://pump.fun/profile/ARB8KYfnnUwhEa8HFwWkdJrkas1vQeHUYRaW3gCr1wKx,,,dimlobster37380329 followers
Unitslob,Unitslob,https://pump.fun/profile/7yRyTodRo8BHgKtw8H7tYwA6nj7nZrHo2Gtbdf77GG13,,,Unitslob308 followers
sldkdjrhfj,sldkdjrhfj,https://pump.fun/profile/5jRjK8pqQPneT1DAqNPgpQreE2mWh8NHRe6gCiwFVt4v,,,sldkdjrhfj278 followers
whereslodo3,whereslodo3,https://pump.fun/profile/HCq8h5addKyuieow3Q1JomXxwwAvieYFRptXHbXmWjY4,,,whereslodo3209 followers
Blunitro,Blunitro,https://pump.fun/profile/13F8hkaV1gcxFciojw6MSq4yhvpqi4sqCTmGWSU3HqqV,,,Blunitro120 followers
bonydolphin6457,bonydolphin6457,https://pump.fun/profile/2PfQUjeDoQCqQW7s2iSa5S25dwDQXYn8XeKETj9yvHfo,,,bonydolphin645784 followers
TheDoc67,TheDoc67,https://pump.fun/profile/Az7QVV5r1zopnSjKz1Rq2cRopEzD6ctnWxiX145zMDiL,,,TheDoc6780 followers
SeaSharkWhale,SeaSharkWhale,https://pump.fun/profile/ANgiCBez4uFLq3GWG5kTeu8DoXmheLsNsJM2n4hRAAE3,,,SeaSharkWhale71 followers
upwardmanta0865,upwardmanta0865,https://pump.fun/profile/CNudZYFgpbT26fidsiNrWfHeGTBMMeVWqruZXsEkcUPc,,,upwardmanta086573.9K followers
waningwhale3239,waningwhale3239,https://pump.fun/profile/CPZfoAcQKnsWYApcFR7jh2GvtbUGjcjSARCZsypmBGhP,,,waningwhale3239473 followers
cutekjenner,cutekjenner,https://pump.fun/profile/AFqtycYGgGv4HdXwbEApTEirKxnHNS7giPTNWpNz4Rk1,,,cutekjenner307 followers
chairman_intern,chairman_intern,https://pump.fun/profile/4FKdCMRVErM4vLXPm4TEEYcunSVC3vDqRWtiveFQ99uH,,,chairman_intern307 followers
hugomartingale,hugomartingale,https://pump.fun/profile/Au1GUWfcadx7jMzhsg6gHGUgViYJrnPfL1vbdqnvLK4i,,,hugomartingale299 followers
tarttuna89912,tarttuna89912,https://pump.fun/profile/BnriGgFksuDAmFpz4vzxrxJchSGM1U73f3KZxBh6KbYJ,,,tarttuna89912231 followers
vitruvian_11,vitruvian_11,https://pump.fun/profile/31ZGEyiLzDn5NRcjzatFcknZ5C6c5u7hHVL7YTnUWSsq,,,vitruvian_11152 followers
caesarxtz,caesarxtz,https://pump.fun/profile/BRCbkaeSi1Kp7ZHaYzXdp6kKFGbsRDbuVyjHnuzutndW,,,caesarxtz108 followers
fulloctopus5651,fulloctopus5651,https://pump.fun/profile/BuqfibGhYr5PHnjupvHSU7uScH3XwUZBw9BQeUDXooTi,,,fulloctopus565196 followers
gambling247,gambling247,https://pump.fun/profile/5FQKmuGYtcgyMwwbhKAjzXZXexBB2xHpY56gEqp8ka1,,,gambling24785 followers
trencher_33,trencher_33,https://pump.fun/profile/8aewZdkBiQkTSvQHz2jVvpStsHWZenrWbjLKtQxWCGUH,,,trencher_3376 followers
hodlhors3,hodlhors3,https://pump.fun/profile/2R5PemB5ZorrbcDHL6gGGPDiA6DY2Bff3485aUMLoM8E,,,hodlhors347 followers
ItsTokes,ItsTokes,https://pump.fun/profile/2ZJakuAgu38MU97nqveoZJf45QmwvpyQ5YWpfat9D371,,,ItsTokes27 followers
mynameisjeffy,mynameisjeffy,https://pump.fun/profile/8cLtn3bYb8eYdrd6aoYWAUkG131UZ9Ckh2EzREGzxQMX,,,mynameisjeffy405 followers
MiiTo,MiiTo,https://pump.fun/profile/HoejwR14GCYthuUhNrLkXAiEshEtgRvJZrBFg6EgSqVm,,,MiiTo122 followers
Solmat3,Solmat3,https://pump.fun/profile/B1zVMrPeDMhFC9eHqq7C7m3Y191LCPkfrZ7WRJ8Rubu7,,,Solmat338 followers
four3two1,four3two1,https://pump.fun/profile/DSQeAaPEdWsqAYBG6wmQE3oxoCGTUVb8Xu2ouRmzixa6,,,"four3two14,860 followers"
hardcrab69478,hardcrab69478,https://pump.fun/profile/9WEKeRYPHTj8CrGiNFrHAMbDQG36NM19muAyhDxw8ruJ,,,hardcrab69478593 followers
gigashrimpunrea,gigashrimpunrea,https://pump.fun/profile/EsRdvqDTSJENNoPtRKWEeSv3Sha2XaCfCmjmQuFx3EMD,,,gigashrimpunrea547 followers
BombSquadAlbani,BombSquadAlbani,https://pump.fun/profile/e534e5f0-ad71-4869-b379-b57b6f175845,,,BombSquadAlbani311 followers
Deluserdrained1,Deluserdrained1,https://pump.fun/profile/Hvs7AS3pkTKZL3oi42ByeFnGEPdAVa92VpqqGa36Po5v,,,Deluserdrained126 followers
SugaryBasedDog2,SugaryBasedDog2,https://pump.fun/profile/3LgidFvdByCTEoJ1H4KAAAwsvyjeyJ4QHY9og8ZoRAN4,,,SugaryBasedDog218 followers
successilver,successilver,https://pump.fun/profile/GXJLrtuLjzREMkeVcRjFf1vDxGrLFvFzRHDFZT7ZPnFo,,,successilver10 followers
Amsenn,Amsenn,https://pump.fun/profile/8XsCtem7tHbDddCdmUq7ScUCQxBQ3MtpaHMGWXsiBkAK,,,Amsenn250 followers
Ansemmas,Ansemmas,https://pump.fun/profile/7tCynLUGCeR1He7QEU1hyeKM1cTLhteqKm8a7LtRsSYL,,,Ansemmas129 followers
MaxSnowyEye,MaxSnowyEye,https://pump.fun/profile/VLiFZzpCJDD2VVBdwP7TH9sLYf7BMWLXUwBPbxqG7kN,,,MaxSnowyEye29 followers
BubbleRuralBath,BubbleRuralBath,https://pump.fun/profile/61JEhXsSjqqEsMPHkF15KEVAS8BcgTKZU7FLjaKoHyH,,,BubbleRuralBath11 followers
dabigstein,dabigstein,https://pump.fun/profile/DZM1sSbyYW9rHnQsLdoiEgWNqAT7KGtGCBDxtcmYsTLz,,,dabigstein12 followers
charlesdar,charlesdar,https://pump.fun/profile/63jgL6o2Dc3WAJuzA9sjLrkUomFSzY151whpQiiiWjdC,,,charlesdar331 followers
mingey,mingey,https://pump.fun/profile/6vvcikhYdFa4Bn6FWNHyau2obVhLRHh3rwMiEshnteMr,,,mingey123 followers
PredictionPete,PredictionPete,https://pump.fun/profile/FHKczootSeR8BceV88wsHvS8FeJUxvdgscxkd4g8eLmW,,,PredictionPete103 followers
jidn_w,jidn_w,https://pump.fun/profile/3h65MmPZksoKKyEpEjnWU2Yk2iYT5oZDNitGy5cTaxoE,,,jidn_w838 followers
Archibald_brwn,Archibald_brwn,https://pump.fun/profile/jd796mPKDJYUS4q79fEh3zeXxWajBW47V5c5S9YXaFM,,,Archibald_brwn305 followers
WOKTOBER,WOKTOBER,https://pump.fun/profile/F8kvVRvdK56VrPU4EE3e7AVRtBKaTyk1WRxtvrNTwrUR,,,WOKTOBER78 followers
Martymyna,Martymyna,https://pump.fun/profile/6kCXoLsUrxbXANqhrPiE6GZ7ZEedFaM1o55txpnVTbUk,,,Martymyna76 followers
Degencita,Degencita,https://pump.fun/profile/7L87VweHhJNQmsy4H2vireYYhen8w3PaDD5aUPB7HzJ6,,,Degencita14 followers
Mia23,Mia23,https://pump.fun/profile/DE4M9LiqJj2cX1fg5tCBnBWFLxtVMR9Qa4s82ZQzcX4q,,,Mia2312 followers
supcunts,supcunts,https://pump.fun/profile/5R4RJojpoKNwBcJNgVYGtwXdmhyEHWXGDBQqUnSpLfcW,,,supcunts202 followers
zenseal10961,zenseal10961,https://pump.fun/profile/2EGcqkFurLAtATX5it9CkMdrU1vocwTEjGuLEq5syGiU,,,zenseal10961371 followers
iluvhitler,iluvhitler,https://pump.fun/profile/3iWbR3PxvyMYrhSiyFzUsztXRLjozP5QCriH2bWcF6iq,,,iluvhitler181 followers
MUHAMINUGUSAKI,MUHAMINUGUSAKI,https://pump.fun/profile/H34dxGo3eWRJsDxVpXZ2dsdv53gBA8nWsLGakK6R8xDP,,,MUHAMINUGUSAKI118 followers
lillypad_trades,lillypad_trades,https://pump.fun/profile/6wo5PsUX6dLVkUWBnEf73ycQLxAFa9Hr9Subrmy4TY6N,,,lillypad_trades55 followers
87bhyn,87bhyn,https://pump.fun/profile/87bhyN8pydgWeCybnfnYDqDyAqzrmDeJGEYgSXcAT6HJ,,,87bhyn19 followers
beamingfish9828,beamingfish9828,https://pump.fun/profile/CQjLmTyUpTdALfn32MXieX4j1nZ3NCtvwTgc5mdnJEth,,,beamingfish982835 followers
steadyotter9114,steadyotter9114,https://pump.fun/profile/5r1Q8ehbFi4SaF8XLjcNMCdJCEov95wttcmjgk3ncXTr,,,steadyotter9114263 followers
TerminalOnline,TerminalOnline,https://pump.fun/profile/a1ad5119-073c-484a-93d3-b329dfe811ad,,,TerminalOnline81 followers
Pumpfunquant,Pumpfunquant,https://pump.fun/profile/AhHvKxWf6YbwZ3kMeLpEHqBxf35NTseEZM1nKujhi7W5,,,Pumpfunquant12 followers
NiftyDawnRebel,NiftyDawnRebel,https://pump.fun/profile/8zepJgd5jbA4tew1BRqvgNRsY5u2Pj8PaWtnzTL2usyx,,,NiftyDawnRebel3 followers
Azura_Quant,Azura_Quant,https://pump.fun/profile/Gay7eJHQ5vwrJE28VskRDNZvYeaLz7Wt93r9guv4NE4g,,,Azura_Quant10 followers
Swandogs,Swandogs,https://pump.fun/profile/38DPKyPvcdbnGcvNz2cR2HcEXcuixizJ84SjRiNt9Fw5,,,Swandogs118 followers
JohndaleDingle,JohndaleDingle,https://pump.fun/profile/H7G9sZjbaPGzQxQT5B5csSrmH6tSaX46EghqKPAv8pbM,,,JohndaleDingle27 followers
tokenrob,tokenrob,https://pump.fun/profile/21ZBiHRdYuLTHmkRV2uft2XrVLRW2u5o1AiMDGzPHeQa,,,tokenrob163 followers
0xCryptoWiz,0xCryptoWiz,https://pump.fun/profile/FSpAWL1zi2xK7G5KpN1Mof3f73aJXG3UN5jJByJz3TbL,,,0xCryptoWiz10 followers
notforlarps,notforlarps,https://pump.fun/profile/4heX9XrKanEZzp3UaSeREASfexCFBRRwjMpSHHmRVwto,,,notforlarps298 followers
Goeva,Goeva,https://pump.fun/profile/5YGUk1i42tkmj1V1pJ1UFPGYcCWcnWfuDk37h7dN7eng,,,Goeva175 followers
debt2riches,debt2riches,https://pump.fun/profile/BpNN1zXHEasML3ewEj8iCJE82N8yZEV8oqbKZQbtDa9f,,,debt2riches171 followers
BLKmetal,BLKmetal,https://pump.fun/profile/89N8wvgQvrBuHsAHFZGaCjEYGAjhvh2WFy9WUnFsr17v,,,BLKmetal154 followers
chevstein,chevstein,https://pump.fun/profile/FM1Pkm4oMptt9bLvwtjHHURTyAd8HUPEWbEesG1py7wf,,,chevstein91 followers
hotdawggg,hotdawggg,https://pump.fun/profile/DdqtRcJVkAZdKEj8kGuK2jSD9VLHMD2LyovgXHCrgw1c,,,hotdawggg82 followers
MorganoTwo,MorganoTwo,https://pump.fun/profile/3dyS4oEnoDYv9EaTRGn9EcFEvWbt4AHRujUnMqTuLcJ5,,,MorganoTwo65 followers
bidibidiboo,bidibidiboo,https://pump.fun/profile/SBjcvc16FKjzTs6rEaTes7htw7iCGiXkkJYQ38FGGAM,,,bidibidiboo33 followers
M1rage100x,M1rage100x,https://pump.fun/profile/BGAkVr4UTTfetaVun1yv9yLqbL9hCuqEKrUTiYWjpMKG,,,M1rage100x764 followers
Lucky_Luciano_,Lucky_Luciano_,https://pump.fun/profile/GRBDsCPrADaMnwKJUBZnRF5txJ8DNBH6X88aJwsuxvde,,,Lucky_Luciano_235 followers
ANARCHYwtf,ANARCHYwtf,https://pump.fun/profile/e30ddaab-b2bc-49a0-b113-c6e5f8d983bb,,,ANARCHYwtf38 followers
lowportniiggy,lowportniiggy,https://pump.fun/profile/7wtN5itsxPVdhF2onMVBreLHNB8zYiDf3bjdgvYJB7YY,,,lowportniiggy38 followers
duko_,duko_,https://pump.fun/profile/DukoBSFgJjHe3xoYhK3k62j48Tukz3wUU6UGb9tFfaiH,,,duko_29 followers
GOOONERS,GOOONERS,https://pump.fun/profile/9a09cfef-b37a-45fc-be1f-b66f35a3ca72,,,GOOONERS25 followers
kwahh,kwahh,https://pump.fun/profile/7h98skDWMnUr4njLPAzn4wRwY7Cd85BtFLNv5TViAVrX,,,kwahh5 followers
CryptoStreet,CryptoStreet,https://pump.fun/profile/C3B4rm6xjgugRcsDyCSRL7Dvsy4DMrgFSuQifkXjWE5Y,,,CryptoStreet454 followers
devngineer,devngineer,https://pump.fun/profile/Fe5i9MriTnRYbDJiZeUn2isJsx6zQkanzw7HisZj4uJi,,,devngineer545 followers
mildcrab70634,mildcrab70634,https://pump.fun/profile/9999huSCf6QpepPHQVFLZ9smhsbwkV4XWPLboiy9qqRj,,,mildcrab70634445 followers
NoidCalls,NoidCalls,https://pump.fun/profile/6AWShYRx6eJhRweXUwUDhEMNfCa69ivqTNCLvmLQhNkz,,,NoidCalls422 followers
imaketech,imaketech,https://pump.fun/profile/4LXAFVZUUTdcqLCmgHq2NZmgLB2arRxp9wuYVa6rnx5C,,,imaketech380 followers
UniqueQuiltGoat,UniqueQuiltGoat,https://pump.fun/profile/6NpcuEg18M8ckd4JYMfKf9dHEzjhcTe1QNrCyMjsQHim,,,UniqueQuiltGoat285 followers
mike39,mike39,https://pump.fun/profile/eB6kmJCo7qMiWTie5fBo8Sdq8km1kphcLpvvCQwDfsp,,,mike39284 followers
trencherrz,trencherrz,https://pump.fun/profile/5ZttwErFDZsx3r3XP36KmMQY9xEYcXeauZQYnY6W9f6p,,,trencherrz273 followers
z1izy,z1izy,https://pump.fun/profile/2HJMgsEqKrcRNDqo1P9g9pCFEXSdi2VtKqDKg9qhikco,,,z1izy229 followers
GambleOrDie,GambleOrDie,https://pump.fun/profile/BbCxfpiDdwm4xpnX25a3ugwfTmqxzHSbFeeFBJxo5skN,,,GambleOrDie145 followers
pedrotn,pedrotn,https://pump.fun/profile/AS9UFTjnhPZ6QTh7762pbrb4e7ZMY3bdhuBDFrUDbiov,,,pedrotn35 followers
ciggabutt,ciggabutt,https://pump.fun/profile/66d1Q6BdDhNts7DVwwKgEqbSSkC6VFzbaw7wirQyWwEi,,,ciggabutt33 followers
mommychill,mommychill,https://pump.fun/profile/FyXbAbdiYEbaSd8JHt1uBzBvZUc2cJChjjWa9f5t85Tj,,,mommychill15 followers
i_redirect_fees,i_redirect_fees,https://pump.fun/profile/6nU2L7MQVUWjtdKHVpuZA9aind73nd3rXC4YFo8KQCy4,,,"i_redirect_fees1,069 followers"
Martinos,Martinos,https://pump.fun/profile/2GzQgmZppqiGgrxryAANWDeLTFHgWSZx1kXTSAc6PvAH,,,Martinos770 followers
RalphL,RalphL,https://pump.fun/profile/4kSRqiNDGAQcp6beGUgtv3UM8jRvq7pXNZJFCWYWLyHJ,,,RalphL744 followers
solt1,solt1,https://pump.fun/profile/48CKHCY1S9AAxSANDfJXYgMbg3PDYLbjnQwbfz9w8hrR,,,solt1674 followers
alwaysfade,alwaysfade,https://pump.fun/profile/HNKvqBj7majHp8gbQgSwpxdEk1vPWrcdghs5EMYk2ZEw,,,alwaysfade591 followers
landedfish08093,landedfish08093,https://pump.fun/profile/23wQ7bodYreW3qhnh2YrW8dMkTYSkHHJqGcsiYEJS3Pr,,,landedfish08093564 followers
wildotterunwitt,wildotterunwitt,https://pump.fun/profile/Cbahq9ULMvA9s2Vu4M3BrzGWQt4cQYZLP1gVzUNRsdQk,,,wildotterunwitt329 followers
Bcrypto01,Bcrypto01,https://pump.fun/profile/28MJrJr2Pu2GPicLj8631nApwzXUAh9vkx2J6VgLPz3y,,,Bcrypto01300 followers
theinvestoor,theinvestoor,https://pump.fun/profile/HdNUXNqPRP6WhnHNQwKGGvGqPGHSk5okoV17RZAkW43r,,,theinvestoor253 followers
ZMaximus,ZMaximus,https://pump.fun/profile/5hjcxmwGqnzWNjdswiZ2wuZge6Z6zwMXVc8aPgsYcRjZ,,,ZMaximus245 followers
challer,challer,https://pump.fun/profile/BUXmrt2d9G6aYjYqs9EhVSCi4rX4iWrnfGvqJemJgD8b,,,challer232 followers
hypershrimpexpa,hypershrimpexpa,https://pump.fun/profile/B6qiu5WCzrLniG3LKt7fReNQ1qgKkkqoBzWP4PcxxiZW,,,hypershrimpexpa202 followers
FOMOTOGO,FOMOTOGO,https://pump.fun/profile/FvQw7r8KMjxoKBAKHqnSFrxwi6gadT6YPL8tyFYwJgwz,,,FOMOTOGO164 followers
claudiusrun,claudiusrun,https://pump.fun/profile/GJNLXhQPe3pb5uQfPQLiHicZzEPRAruGsUUYCvbZBCtN,,,claudiusrun160 followers
amiridevson,amiridevson,https://pump.fun/profile/7V4s2EByw6ZMMZtJ3Q5mqZHeLf3gEJpTViJd29UUB6xF,,,amiridevson153 followers
detriment,detriment,https://pump.fun/profile/FCcR39UR4XN2Mb3nhFQmgqazwL9X4syX3ZxRVm49G2K7,,,detriment137 followers
greyoctopus1112,greyoctopus1112,https://pump.fun/profile/GyxiMRxPHSNYKLweD7PEDhARA6UrQkcPLQCQhw2ZC3hZ,,,greyoctopus1112134 followers
zonkbot,zonkbot,https://pump.fun/profile/6JM1poX1S25FW75qSFekJDK9g4kj3Z3C2UNFedzFcKCL,,,zonkbot121 followers
truethat,truethat,https://pump.fun/profile/5xpzpiNFgC9pLCZXvCPU5HfFVkLMvsn1xDCA7Uc1H9CJ,,,truethat92 followers
wilds,wilds,https://pump.fun/profile/7izpCN2DWe15A8it2MFQbP7mbxAy9rfqsjqDBdPVT9u3,,,wilds85 followers
kinqcrypto,kinqcrypto,https://pump.fun/profile/CuPco7V4PvYTfM44zGY5bA7fADotNJkpkbFAZDQCBYZD,,,kinqcrypto82 followers
minifinni,minifinni,https://pump.fun/profile/8WWPrUMWKm2GMyMAVzLKmCuWrME4U8ck982gSZRvA9Yz,,,minifinni81 followers
TrendTraderPro,TrendTraderPro,https://pump.fun/profile/2QnnJUwaHUWigWwSn6qs6S6E3KiuKhHzXi2WdWVRe9wo,,,TrendTraderPro76 followers
glibotter32144,glibotter32144,https://pump.fun/profile/Aoqa42dySdkeDMR9ZxLigFHG933KFKU6gagGGpNibVHK,,,glibotter3214470 followers
dimkraken44161,dimkraken44161,https://pump.fun/profile/GBrKdef73cwEtDinkZVGGowGwY2j1UBAJMBgoPYn1voP,,,dimkraken4416169 followers
0xBasilisca,0xBasilisca,https://pump.fun/profile/9zMg9pEUvNVidr54xD4E5oLjiwu2SiuxJiSaU6EEW4Un,,,0xBasilisca60 followers
bluenarwhal1141,bluenarwhal1141,https://pump.fun/profile/d2cY9jZpDXbK65Q7nHoBJ4urK9JzefEKUKe7AVq5qXp,,,bluenarwhal114157 followers
sigmaoctopusupp,sigmaoctopusupp,https://pump.fun/profile/E5HpQdx7442uFnAgUVzHPbLxhJVdN53FVBSbWmVhD6Gu,,,sigmaoctopusupp51 followers
Dojis2nd,Dojis2nd,https://pump.fun/profile/7xHMY4NkpzpVQthqJfcNCmGriCfzXfiiWqnb1r4HajLw,,,Dojis2nd50 followers
pyroplay,pyroplay,https://pump.fun/profile/8GMFoMTw1drwYKNfVoVmWVTnj5qtnLk9fHTbWNMyqbhJ,,,pyroplay35 followers
TundraAzureSwan,TundraAzureSwan,https://pump.fun/profile/7mHyzzVVTvrJMPbTf1ht4nyahGVFKd5hXEWyDqH3ucwg,,,TundraAzureSwan29 followers
jordan_belf,jordan_belf,https://pump.fun/profile/A4Pcj4N9AnsavM8sN5maUaUuAe2UDXYiE6cqYa7ri2g,,,jordan_belf16 followers
mootseal00580,mootseal00580,https://pump.fun/profile/94LeJz9DmRkqAmjXsW6boDctBudQm3Gj5wtcTJ4WZtJ1,,,mootseal0058015 followers
SpiffyBestLyre,SpiffyBestLyre,https://pump.fun/profile/BTt4PuiGRTkyddFooEMZDAjc2hwhWFaGZAAzFwdkqyT1,,,SpiffyBestLyre12 followers
ultratunaplushc,ultratunaplushc,https://pump.fun/profile/GGXJKnpgTMtvFjtf5uxg9bK9cXw4Rfx7YZ5MpVqnYEEc,,,ultratunaplushc11 followers
stainedseal3957,stainedseal3957,https://pump.fun/profile/sz7C2RiSfAD8v3gMgVcPya77LYsazyvH49gdFKsEKz1,,,stainedseal395711 followers
stuckhillypitch,stuckhillypitch,https://pump.fun/profile/Go7gX3eEBRFad4DoSJRMYFBARJpGgvRyGgUpkocGXRj1,,,stuckhillypitch11 followers
fucmeho,fucmeho,https://pump.fun/profile/4yA6yxprprf7YucKMfCRjutjgECFtgbYCqkycdmAbezS,,,fucmeho8 followers
FastKeenOtter,FastKeenOtter,https://pump.fun/profile/5ZioGUvTUTSUdVGjoBTPEctNrtrv343c6pie5HtSEifd,,,
backtoworkx,backtoworkx,https://pump.fun/profile/AyMUYnQ3GhJK2Xzg5BTbELAUQyqhqDFwAY8v4LBqRJEZ,,,backtoworkx58 followers
Naafiri,Naafiri,https://pump.fun/profile/HzxXqVvAM9Wh6sd9x1nuxUvc6rDor8tQHkYdqfM5x8N3,,,Naafiri31 followers
t3nzor,t3nzor,https://pump.fun/profile/4DfEPUongp8B7pMVThWQ4DbKtV4LvZFeQbjB9sBSFR9t,,,t3nzor36 followers
Tboysznn,Tboysznn,https://pump.fun/profile/6roUoSgVV4BVGPhG6kks4Kp6RZMfEQubFgbLkDLmagWj,,,Tboysznn4 followers
Lectron,Lectron,https://pump.fun/profile/J4GNaabQXR4EcaUFmkMewprdmjqTVXJprPnacpmpXgYF,,,Lectron53 followers
dgagaetyg346356,dgagaetyg346356,https://pump.fun/profile/6GSNferJbhmWSZTJ52AF94CVFY8dZJankk8FtStcF7zV,,,dgagaetyg34635643 followers
longface,longface,https://pump.fun/profile/E3xSYNJMR9VMdmr4HDQk3owjkdT7jyYwo3W6dTrxqkhx,,,longface158 followers
33k33,33k33,https://pump.fun/profile/zK8p1MGjF8q5jYXFVeEGF4ci5Bh3sVbF7GSsFwVxfHv,,,33k3326 followers
liveorca06698,liveorca06698,https://pump.fun/profile/6qPTvzaKu53MdQbzP3MiEL924NWR4RubK3V51RQpfv7Z,,,liveorca06698911 followers
moosethegreat,moosethegreat,https://pump.fun/profile/FVnDqMYAYyuzCEYyViA3XJwuWgRUbYfJzC69dPnGLocP,,,moosethegreat381 followers
BarrenWuffett,BarrenWuffett,https://pump.fun/profile/Crt9gKttCRoZGfccbmd6QJYoeWux8ibxj8DNAJ55SXjJ,,,BarrenWuffett327 followers
CryptoVanessa,CryptoVanessa,https://pump.fun/profile/5WBybZpjCbh66ns6vSar3TzyrSY7GbtZ1bpn9E4yZqcx,,,CryptoVanessa234 followers
roughmarlin3441,roughmarlin3441,https://pump.fun/profile/pumphHokMcriSwSiE9ZfqJLM7siRTu3dWgNGH5cQY26,,,roughmarlin3441145 followers
ClosedNosyBream,ClosedNosyBream,https://pump.fun/profile/AGiAVqZiQrz32m1zKC5T4UfQKcDoGNG34sqSHSVNgwtv,,,ClosedNosyBream116 followers
_____idk,_____idk,https://pump.fun/profile/Hq9cs25nHENmTXh9aniFwjbrftGpUb1qUZVsHzpWdkPU,,,_____idk112 followers
MeteorFrillDirt,MeteorFrillDirt,https://pump.fun/profile/4ZZW5ePCAsHJdnHHUdgozdvLqYNVnkE9CgrW3iyZdskb,,,MeteorFrillDirt107 followers
rampartz,rampartz,https://pump.fun/profile/D6m3qbLnQjC9KaRiJpe17c5U4C5VrtwguwYDL4j1HE4t,,,rampartz74 followers
auditoryseal090,auditoryseal090,https://pump.fun/profile/6imcVRdQm1yJjiKd5yMZBrR9Ko4qytQ6HYJCQmEVu1Sn,,,auditoryseal09049 followers
EdouardBatard,EdouardBatard,https://pump.fun/profile/2fx4Qv6v5VFBRhsjUfWVntASjBjZK4vvGdHu5bXeet9E,,,EdouardBatard35 followers
KiwiWarmBubble,KiwiWarmBubble,https://pump.fun/profile/FeeTf3TZKXPv5dAhawxf1VS3r52Auh3ATsGWp4i2fLv5,,,KiwiWarmBubble22 followers
chryss,chryss,https://pump.fun/profile/A6zdXan2EGFqTs4DAZGjTF3RJF663UjxvmrTRQLp1aFs,,,chryss21 followers
alexandermilton,alexandermilton,https://pump.fun/profile/3FM4fAEkScQL5eh9VX6AfseHcLfNf2tQTFDAtUnbHrck,,,alexandermilton13 followers
BevelWaxMogul,BevelWaxMogul,https://pump.fun/profile/4vP7dCYrv7UfEUBDY8456237WQsmCmNgPo1kskREEiPQ,,,BevelWaxMogul12 followers
BowTinyBull,BowTinyBull,https://pump.fun/profile/HkocvHBHxNSs6obRMcQAiH1fpZW5DwQZ1rw8Rk7WpHgn,,,BowTinyBull3 followers
Nasty001,Nasty001,https://pump.fun/profile/AjCVUXYf5ANUnjLHF51ejkZkmd7uSmFFEDrc7gMYobqc,,,Nasty001313 followers
EclipseAlpha,EclipseAlpha,https://pump.fun/profile/d11b93cf-ca55-40c1-b13d-8fa3bc63e951,,,EclipseAlpha215 followers
0xBasic_,0xBasic_,https://pump.fun/profile/BS1EDat1MCS8JqnsamEKfvrVMXvRWUYomQLrFN5UHBXU,,,0xBasic_282 followers
tendersalt,tendersalt,https://pump.fun/profile/8Nty9vLxN3ZtT4DQjJ5uFrKtvan28rySiGVJ5dPzu81u,,,tendersalt77 followers
Wonder_jens,Wonder_jens,https://pump.fun/profile/8XbVDW4rnvcuj5ZamJMyq5N199QpzhGpnwSgbsvFbe5q,,,Wonder_jens30 followers
rachelwolchin,rachelwolchin,https://pump.fun/profile/Bo8nmEhq75aonGhFgtcz2pni9aAgjjfHCfJQjdUYMCgF,,,rachelwolchin19 followers
letsgooooe,letsgooooe,https://pump.fun/profile/HJp11m39GxWYm85JXKg3zcbyj6qVFHuHegvzybRDnBhU,,,letsgooooe256 followers
sigmaorcasalien,sigmaorcasalien,https://pump.fun/profile/BB1XaUUbTaJTkSbsQWxk5VjFJ6XoEr83tYazEQuCsEVQ,,,sigmaorcasalien195 followers
barbossss,barbossss,https://pump.fun/profile/CEas7p4Hw8KiA42B4zVWiAcZyb9K8g7vt8ye8E6bzXg2,,,barbossss190 followers
PlasticNutz,PlasticNutz,https://pump.fun/profile/2gxxwmcPzzYsp9Uwcbf1FhCzGubrW84AAR3mVXehKnUv,,,PlasticNutz118 followers
best2everdoit,best2everdoit,https://pump.fun/profile/5mDcADB64yQwimgepf51fW8nfmzudgQVULzh1smabESt,,,best2everdoit71 followers
Gmasnewaccount,Gmasnewaccount,https://pump.fun/profile/EyVN8XNYVfbvq3WVA8kZwtrsHhC44pmQtbRB9bSiKUmt,,,Gmasnewaccount29 followers
Patar,Patar,https://pump.fun/profile/BnJUruKWXcttTxXqDf9mFuHELamJFZPETXhfJLj4XF5N,,,Patar17 followers
papineedsgrub,papineedsgrub,https://pump.fun/profile/5MNnqsMrqaTWoAHg9Kdw2hMDgBKUA3jfQqjEFKeVsqnm,,,papineedsgrub196 followers
pabukzgem,pabukzgem,https://pump.fun/profile/Nrbnr9oVENWcyPG2S11BNbEomzvAbFswEwXsQQEp6qg,,,pabukzgem107 followers
GodSquad,GodSquad,https://pump.fun/profile/832c855d-a480-494e-94b8-8a503cdbafa4,,,GodSquad46 followers
blackshrimp1798,blackshrimp1798,https://pump.fun/profile/HvMyfmBUFDyKSx8t1UPv5o4jseECLkeMYzcFEX7UxSUS,,,blackshrimp179813 followers
Wxnderr,Wxnderr,https://pump.fun/profile/AouPfBSvZFb7grZ7PD7BqySNTHmWdenjsX1o773hg9Xx,,,Wxnderr12 followers
GoodGameBabyvvv,GoodGameBabyvvv,https://pump.fun/profile/ASsXEjm5ShrxyzTJvXAAX315rpVUEAVGoEh6NeGtaMen,,,GoodGameBabyvvv9 followers
GGBabyy,GGBabyy,https://pump.fun/profile/CZQJydZhcdPdqHeSJhKAUDEaf16GbjngH1LvVCxyNykF,,,GGBabyy7 followers
bunnyfufuu,bunnyfufuu,https://pump.fun/profile/ES74qpNiFRREnMYfGaonLgJhG6Fp4EfBJ3YQioRRXYj3,,,"bunnyfufuu1,290 followers"
CALLOOOR_CULT,CALLOOOR_CULT,https://pump.fun/profile/ExhPE39RX5GmuepkXLAP61U6Ax4iAx72KNYKFJaCKwo5,,,CALLOOOR_CULT265 followers
floatxbt,floatxbt,https://pump.fun/profile/BLkUnxT7dfoyRap1q9soHRJFgW65VGHPoAPFDxskHJho,,,floatxbt261 followers
6nhskL8RVpXzWXC,6nhskL8RVpXzWXC,https://pump.fun/profile/6nhskL8RVpXzWXC7mcC1UXpe3ze2p6P6og1jXVGUW88s,,,6nhskL8RVpXzWXC199 followers
yolomargin,yolomargin,https://pump.fun/profile/GMr8cU611K3v5J454R72bh9ABDbqQLnDnMssFiyJmhHk,,,yolomargin30 followers
missiongains,missiongains,https://pump.fun/profile/9CdJyTakhazvagdQNZ7knpR52mJiuDMxes5y3nRi5LMf,,,missiongains15 followers
bitcoinold,bitcoinold,https://pump.fun/profile/2MqiKJjYU2zCWhDXnQiMDWu1BcVoSVKeWtG8Atd125BH,,,bitcoinold744 followers
ohsoh,ohsoh,https://pump.fun/profile/6kuHHEgggP7vQH93vdn9Skh17hWRFYpgcNVwbjRt1Sw1,,,ohsoh393 followers
theunexpected,theunexpected,https://pump.fun/profile/DUL5pShqKqREroff4cJd7H4nrufik3ZBhUXUbn9RPb1D,,,theunexpected221 followers
noxin_,noxin_,https://pump.fun/profile/5rryBvE4YCuh7vYdsuuNBEqaCdBPuNQ4QoAgf9p5G1Rw,,,noxin_180 followers
audioshakyopine,audioshakyopine,https://pump.fun/profile/5oABy98dQGERpF3grYc3dTiMR6RSCWusjNRDp9TScuPD,,,audioshakyopine170 followers
clankercommandr,clankercommandr,https://pump.fun/profile/4RtywjsAf9mf5tiN1u9QfehHJikERzEMMGK7X2iM4feX,,,clankercommandr145 followers
Pumpthusiast,Pumpthusiast,https://pump.fun/profile/EHWRHXPXdLB2wo3aGVf39idsJyeoq7CDDru1ixAW4JsW,,,Pumpthusiast113 followers
BeastmodeOG,BeastmodeOG,https://pump.fun/profile/FEnfuXweDGjEAC5QD51Xj5cQtcbk2S7GaZYh7FA9Qzgi,,,BeastmodeOG81 followers
jytd,jytd,https://pump.fun/profile/FkaNytoDS75fxjhrmBsffGWpZPseoYhPWUixkfsippJ4,,,jytd23 followers
ChadFoilGatsby,ChadFoilGatsby,https://pump.fun/profile/3TKZ8k7eT814xGbyvY4xRoQSw5toFCfpmRguEF6b3iYy,,,ChadFoilGatsby10 followers
PandaWifSquad,PandaWifSquad,https://pump.fun/profile/2cac731a-4985-4861-82a8-3b1deb26d558,,,PandaWifSquad7 followers
jutsu,jutsu,https://pump.fun/profile/CRdjEwsEJEAk1AkH9kZYbBCPEw4fgCBFgYYG2b7eHAoQ,,,jutsu20 followers
LushBaldSailor,LushBaldSailor,https://pump.fun/profile/5pHeNsWMVEi1cbMzLhgqABnhEUwRTSzy5vBfeGWyJfxS,,,LushBaldSailor671 followers
uphillmanta5525,uphillmanta5525,https://pump.fun/profile/GpMZbSM2GgvTKHJirzeGfMFoaZ8UR2X7F4v8vHTvxFbL,,,uphillmanta5525658 followers
someone_23,someone_23,https://pump.fun/profile/D76dQ4q6MhRRLitkv4CkC5i8ZKbiUqQmE37ScQqxhugm,,,someone_23580 followers
goatedondsticks,goatedondsticks,https://pump.fun/profile/2net6etAtTe3Rbq2gKECmQwnzcKVXRaLcHy2Zy1iCiWz,,,goatedondsticks472 followers
Rise_crypt,Rise_crypt,https://pump.fun/profile/AUEQxhkAVz71w2WBa9BYSoZrydhYNJaKmfNomoNs9E4t,,,Rise_crypt398 followers
cyphera,cyphera,https://pump.fun/profile/HRV512AYkkxhHpcERBN2x8Xf2mGksPFavwfAr22XSrGb,,,cyphera139 followers
reefingt,reefingt,https://pump.fun/profile/CZPsdaVSVmLqTFWazCZTBPRMgJNZgAFy1CQjWBhDaMjW,,,reefingt119 followers
killac4m,killac4m,https://pump.fun/profile/H4ZsTN91Hyohh2SYHcf1B5VLtr78NsLf52BzmaKoHjRg,,,killac4m104 followers
Soulesss,Soulesss,https://pump.fun/profile/HubvxnTj4Q2n5E7UsqRjjdmCPeTnkdVGyvUC9dRte8Vn,,,Soulesss102 followers
Coutts,Coutts,https://pump.fun/profile/9GPgxC4GhP3QGZ3pV9vLAykH8rsJCUr5YLG9cQyn5FRT,,,Coutts95 followers
HillForestSocks,HillForestSocks,https://pump.fun/profile/D11o1phAYW9PgEfvmm2wrLURnTBxjXhiqTBXZTrjRuog,,,HillForestSocks90 followers
hustletips,hustletips,https://pump.fun/profile/Gg5TKthPvB6QjjT8HKbKLKBfnD4Sb7z4mVYZt48WguyJ,,,hustletips73 followers
stevemoraco,stevemoraco,https://pump.fun/profile/9rRkaMTbxFBdekk1VYsr8XpLw5r1KRKL6BZMWihYPtPi,,,stevemoraco66 followers
rovex,rovex,https://pump.fun/profile/5hrZuEAUQvruGkwva5kBZu2M5WkSjujbQsZJJkNNtuPr,,,rovex47 followers
blackshadowsn,blackshadowsn,https://pump.fun/profile/93UT2CrD1b84JC7XzBLCryTfApahdNd8K2inzyoNF7dJ,,,blackshadowsn44 followers
GoldWittyOrca,GoldWittyOrca,https://pump.fun/profile/6EGKmR14iGXDGUj451CmPDrdm6qeU8NYNq6K2DLNrNCt,,,GoldWittyOrca33 followers
fullorca96295,fullorca96295,https://pump.fun/profile/7dMQFQN1MtkThDE71DhUwF6S4jPzJ8msPUHnS995x8p2,,,fullorca9629517 followers
playMOBZ,playMOBZ,https://pump.fun/profile/EnnM2ndWP9TpKDYqfbuN1bFyzZSATSCE1oQkS3J9Pv6T,,,playMOBZ13 followers
FlatDentCrate,FlatDentCrate,https://pump.fun/profile/GuD4iYaDDpNSiLw7GoiDhaWvK9E6ZUb2B792besaUzsa,,,FlatDentCrate5 followers
EastEarlyDegree,EastEarlyDegree,https://pump.fun/profile/8Rn7cTi9y4yzEMhgxViVmeXdkxx5nEVQkMu9fud7jNj,,,EastEarlyDegree4 followers
skayne,skayne,https://pump.fun/profile/3Uq3AMvhWmMYeN64yFH469uDGFMo3jcZiLsm2qi5iPyG,,,skayne35 followers
topjellyfish297,topjellyfish297,https://pump.fun/profile/8SxvXJp4VtKi2hQwNLfEjaDRTWkLstqiSAFjcFFmciTA,,,topjellyfish29786 followers
tastefulseal144,tastefulseal144,https://pump.fun/profile/FUSYHv6bk6T6BUWwhBqpst3AxQKw1axiSUMR417xTop8,,,tastefulseal14436 followers
Moneymachines,Moneymachines,https://pump.fun/profile/a3ceaf70-c264-4604-af4e-62c129cf7936,,,Moneymachines14 followers
Gzem,Gzem,https://pump.fun/profile/GL9YwFXu7S3LvxDkpgaSge51bKRxSyRYvTdHJ2iW59KJ,,,Gzem51 followers
LazyDawg,LazyDawg,https://pump.fun/profile/3GybVG9bU6ahAgkddSJ81qz8SLKWFYtT7MAv8LCkeDtB,,,LazyDawg46 followers
Eurobrain,Eurobrain,https://pump.fun/profile/EjqFb1SdjfFamZ4Vh8dSykA4zif2SyMkJCkd2YrDdNQ7,,,Eurobrain19 followers
cattisha,cattisha,https://pump.fun/profile/Dggd6XBSwqJb5DquD4wn7ZKLEUgLuBYc1bKNv6Nin94a,,,"cattisha1,334 followers"
lilbruhfish,lilbruhfish,https://pump.fun/profile/AufH68UFBGSVVRL9D7u5W6NySCrukL4fWfSRTxDcJC6u,,,"lilbruhfish1,329 followers"
shoutingfish943,shoutingfish943,https://pump.fun/profile/B4JXfczBjeSeSHdNCyJjcy6cnEhveLbvfhdKwwWEUSKy,,,shoutingfish943952 followers
drgraino,drgraino,https://pump.fun/profile/2zz8q3PsYeh8y2FNNb4ESW2HkcthhVvAHzLrhs4AAS7D,,,drgraino928 followers
ayehkb,ayehkb,https://pump.fun/profile/AYEHKbGooTCishm755ArC88YZPJ29Rfh3b4q2hpyJPAQ,,,ayehkb867 followers
tanlobster80525,tanlobster80525,https://pump.fun/profile/6ePbEvTDFGPembAtY1vwLF4CWbTWKFisUE2G2k53tHHw,,,tanlobster80525811 followers
tullytubs,tullytubs,https://pump.fun/profile/BwBsoGeqN2St2vcurGBSUKXbC2WTZ73eKRcfAYhfgQtK,,,tullytubs767 followers
itsbingo,itsbingo,https://pump.fun/profile/7entn7t3scbg2fq7fCmNgYebRDiju5DUaw1subwYZxrP,,,itsbingo720 followers
sp0ngey,sp0ngey,https://pump.fun/profile/9aztChMYbsF5HRFG2ECkjfEdHHZChB1b3tRHQ2TPgKjv,,,sp0ngey707 followers
cryptopherone,cryptopherone,https://pump.fun/profile/DPesTVmZNsh8CQB8E18yGg2ZU3HPd6mbEQvR1CaoPswB,,,cryptopherone699 followers
okokokoken,okokokoken,https://pump.fun/profile/9qt661UBRaZWSnmq8VWxRAdKyvxtv3BVQKhHApRAksLe,,,okokokoken628 followers
gigasharkdiddy,gigasharkdiddy,https://pump.fun/profile/7bQyQpr3qXB3HxfWPJRhwSk9a9PMKtRJXkwNEXmPFeKC,,,gigasharkdiddy605 followers
ultralobster360,ultralobster360,https://pump.fun/profile/BieeZkdnBAgNYknzo3RH2vku7FcPkFZMZmRJANh2TpW,,,ultralobster360540 followers
blueblueblue,blueblueblue,https://pump.fun/profile/HdxkiXqeN6qpK2YbG51W23QSWj3Yygc1eEk2zwmKJExp,,,blueblueblue529 followers
SageEd,SageEd,https://pump.fun/profile/APnHfrAj4ueJhoRbFE8wd452brm77P3q8e5FLqR4Fdiz,,,SageEd530 followers
onchaingringo,onchaingringo,https://pump.fun/profile/BmBpkdYtqADEo9SdEyMg7riQQvV3DiF7aeniv7t6zKG3,,,onchaingringo526 followers
TurtleHead,TurtleHead,https://pump.fun/profile/Dgkq8F6v6eePzeng28TXmTGWSnoqvsyk2d6PEvhSx6Su,,,TurtleHead507 followers
basednarwhalsmo,basednarwhalsmo,https://pump.fun/profile/2McpFbHbw8vpRWWnYx9sn15YkxWL88gT7p9Sn5D4fqHz,,,basednarwhalsmo475 followers
MeyerLansky,MeyerLansky,https://pump.fun/profile/99gRadMjzaSjhuv3NbbHcQ1FhBvFQ7XCkykQPaHTY8Pg,,,MeyerLansky443 followers
penguinxbt,penguinxbt,https://pump.fun/profile/CJwppcxnR81y4tLs24gcezBAzFAhDxaadbQHbfzfekWU,,,penguinxbt435 followers
rosymarlin54385,rosymarlin54385,https://pump.fun/profile/8sfbKCYFvKuzG6vE5dAyHrSVxEgRWgMrcjUEvfhYr4ng,,,rosymarlin54385420 followers
bundorekt,bundorekt,https://pump.fun/profile/8d1xm25XWhSbJws1fXFr5GNcxgRsAeTAywg26AtsuFwt,,,bundorekt390 followers
tiveorca72098,tiveorca72098,https://pump.fun/profile/69z4qTgQ5DBRTJvnQzx2h8jZhNsv5UgADotEwwKUm2JS,,,tiveorca72098380 followers
mrduckdevs,mrduckdevs,https://pump.fun/profile/H5sNVYWnGG51cJEPDqY6zayRehM9vx6A35wC3hwiBjKg,,,mrduckdevs353 followers
RpTD20,RpTD20,https://pump.fun/profile/2BxMuRiU658624JnzPzFS4pda5zayaezHWLCLJ55eeYg,,,RpTD20347 followers
gigasealmarried,gigasealmarried,https://pump.fun/profile/popsP556X4XMXK5m8P39axrL7QayAGPDU8AKYVE8kxS,,,gigasealmarried347 followers
boldlobster2060,boldlobster2060,https://pump.fun/profile/ByUDHgDtJFVu75WhK8oetH6sy1kgqQV3Bjc7SbmpjCs,,,boldlobster2060343 followers
nakamoto_fog,nakamoto_fog,https://pump.fun/profile/CKe8kev7FGtnEFST3s7Mfoi3SDHuuMBnL6SwozNxCzTf,,,nakamoto_fog318 followers
fatalwhale87254,fatalwhale87254,https://pump.fun/profile/DyXg3Xp6BoMq5K6Nmdb7hEzPMpkRWH2aXHHZhUgN1gd6,,,fatalwhale87254315 followers
hyperstatic,hyperstatic,https://pump.fun/profile/AGEn3rNnRojXMW2o4kVKzfPyPDy9McC4ZNjW2iezdUg5,,,hyperstatic299 followers
eternalotter334,eternalotter334,https://pump.fun/profile/7yeftEeCRJy87zswxqXVmK4FN4pBPbyrZGK9WChhuy8p,,,eternalotter334300 followers
TinTinder,TinTinder,https://pump.fun/profile/5SENkDKvynERHQZnt6umaPDCRTq7FfNwMti7HQVmzhbP,,,TinTinder296 followers
NetsFT,NetsFT,https://pump.fun/profile/ARPg3CJ9CUhqQubRm8e5W3JyfTsH5AQRPc9WY57VgyHh,,,NetsFT293 followers
doylezilla,doylezilla,https://pump.fun/profile/148RTwzQo23tWP8WzsSd9UVBLcxSXg8GFS8n1RZbxafF,,,doylezilla291 followers
mission_t1,mission_t1,https://pump.fun/profile/HZio8jHNYHJ994x7cyr9T1o7eua6PnxSpwjm1g34eHZe,,,mission_t1276 followers
GSPxz,GSPxz,https://pump.fun/profile/Ey5BDKdGD5QV4jND3zXXnPRBPjct9WaXPCQryVKBssLp,,,GSPxz275 followers
simsss,simsss,https://pump.fun/profile/8AppPLYFj1DXGWq8RMVr2L8PjjTt81ZGs8anQtgKjQzK,,,simsss268 followers
286chn,286chn,https://pump.fun/profile/286CHN57Km41GsAnDv866WKd6YB6HPSjFgF4rGDJTRLf,,,286chn270 followers
ilongurmom,ilongurmom,https://pump.fun/profile/7s3rmjXXaSVPgCcVqSX1ArA5WgN81PhzBtGQQEdAaBry,,,ilongurmom266 followers
ADRPUMP,ADRPUMP,https://pump.fun/profile/FUz8JHcME7pCBSwmwEm2KZyH9h1Vhpc7HKQL3PT5DxjQ,,,ADRPUMP263 followers
mrbeattheroad1,mrbeattheroad1,https://pump.fun/profile/7ySHEL1GgAtSRpWS3hiZ9pFLDwVmxd2619ePAbnCqVb7,,,mrbeattheroad1258 followers
Jackpotcfh,Jackpotcfh,https://pump.fun/profile/4YDkEEqom2mZMmXENKKhuMVs3NDWBgTL3zwjVetfrfcC,,,Jackpotcfh243 followers
noesis3,noesis3,https://pump.fun/profile/acV8Xcod84g9dhMap5AZTXv3J16UZtNbezaE73Q3dLh,,,noesis3218 followers
Penguzxbt,Penguzxbt,https://pump.fun/profile/JAunzNqs3bVBcWDjDxfq9rgLzJMCadNXoaCgfzLGMtYs,,,Penguzxbt210 followers
theogmoose,theogmoose,https://pump.fun/profile/6gjdkEacJ7T6eN4YhTRNMV3WFeDuFMBefjub9UPjdfZf,,,theogmoose209 followers
Svedinson1988,Svedinson1988,https://pump.fun/profile/8iq9AeM7SRUCF7ASyE7J7G4ACjhpX1tHWXWx7LGe3YBK,,,Svedinson1988206 followers
BitterSmallDog,BitterSmallDog,https://pump.fun/profile/2GjqZKm7CMGWBgWHrnWZgUbPFPaqgWd7ANL1JAaXr5pa,,,BitterSmallDog203 followers
Wociin,Wociin,https://pump.fun/profile/CXReQEb2p5BTtLYzaLmQrVQMsuuvDgytR7JCR1WaepJb,,,Wociin202 followers
stomping,stomping,https://pump.fun/profile/FxmuQb74K8yiJLT6Qtjcvq6uFqTNH97tpKtRqoLPwqVZ,,,stomping190 followers
ParabolicEgg,ParabolicEgg,https://pump.fun/profile/CM8ApUDQy2BxkachJRMnhnxeRuTVZH7ED7ttkXQPkx5Z,,,ParabolicEgg181 followers
ResellCaIendar,ResellCaIendar,https://pump.fun/profile/UuAvcGTc3g8si8N39YYoBa8UqVPLunGCwRRK47LDDbs,,,ResellCaIendar177 followers
TokenLife,TokenLife,https://pump.fun/profile/AQ85SNT7S8RTvarnV54fns8cpbrCXnyAyo26azrHDJ2C,,,TokenLife171 followers
_rise,_rise,https://pump.fun/profile/CrnXsY1VRPMzE9FPKRkaqDtGyTNbw1baWivYTpP6vjRs,,,_rise168 followers
RondoGatsby,RondoGatsby,https://pump.fun/profile/AuoQG4KDmjUFJBovLTpRZTcCvzX9Mza3fJXWh9V69Swj,,,RondoGatsby163 followers
slaynn_trades,slaynn_trades,https://pump.fun/profile/9EXw8mqrgtUoJp29kZz9wYw4LNJ6pjxCHLg6rdK7M2Pb,,,slaynn_trades160 followers
midseason,midseason,https://pump.fun/profile/6YYMH2u5fKPjX4gH8WW2GMd9d4SkvbrCP2nC8YUZvW2h,,,midseason156 followers
pearlycrab19039,pearlycrab19039,https://pump.fun/profile/75Et9fZCaL8UnwEZLbHmnzrQ4tjMCtzryprRATjENxkU,,,pearlycrab19039152 followers
thereaperrrr,thereaperrrr,https://pump.fun/profile/3K8UquozjMCuCi6KjrYZRjKtsBPoCGDsg6RRbaS1yU2d,,,thereaperrrr151 followers
Bagstreet_Boy,Bagstreet_Boy,https://pump.fun/profile/wDjDDG6byms568WRfzWRX6xLL7WC91Lppv6EZ5qzQBV,,,Bagstreet_Boy151 followers
ChickenNibblets,ChickenNibblets,https://pump.fun/profile/7vwLRTrajtSjbwDThENQndSdk1GR6dSx7rwLPSiyP6d2,,,ChickenNibblets149 followers
swiftnarwhal524,swiftnarwhal524,https://pump.fun/profile/6eKtLX2mw3Nhjt7QhDt59LytYTSxHYyLYUGQkFVQDffd,,,swiftnarwhal524144 followers
meme_ctoer,meme_ctoer,https://pump.fun/profile/5mDpxjycX4Q5T3dmq2rCZoiKj8mrKpoKzEzBBp8XtbTf,,,meme_ctoer143 followers
Rownado,Rownado,https://pump.fun/profile/BHhFb1c52XiSbGiETiieStjnVWVgQWwKcLUsmvRJd4aq,,,Rownado141 followers
deviousorca9985,deviousorca9985,https://pump.fun/profile/4zeVXCXXr4dZ14GqKUZLPFj6adAKd844xGVM92QwfYJZ,,,deviousorca9985131 followers
frogfrog33,frogfrog33,https://pump.fun/profile/84zmHA1ouebxpELRsqUPxM1h3gcgmNCu9R67XWRvooyj,,,frogfrog33126 followers
iownniggas,iownniggas,https://pump.fun/profile/8hKxzjzh34MNV9WWvQs2XY98aNRSdi7TUPU2LCNDZjk1,,,iownniggas124 followers
Cryptosuwoop,Cryptosuwoop,https://pump.fun/profile/CqohNMAZdk19teCRRsfWVaqDnBRzPboTAeQvYnpJBUZ9,,,Cryptosuwoop123 followers
earlyx,earlyx,https://pump.fun/profile/Gn5xiHQZrbmQBzQWLTuq1hum6RZnDjLh3FULhu3Ypy6Z,,,earlyx119 followers
glibmarlin06060,glibmarlin06060,https://pump.fun/profile/4dZsiYTczNDaJrkx3TL7nBzjEacJsCGvDjK8DnxYVvz9,,,glibmarlin06060118 followers
laytuna71608,laytuna71608,https://pump.fun/profile/4wSizxvKg2c5HAugNKmaSAujmszwKzpDa7EKnH3VTZY6,,,laytuna71608113 followers
TMoneyBoBo,TMoneyBoBo,https://pump.fun/profile/2xk6zXswFUxgMWmbkb3tSKsoCW2JBjXKBuN7ec5TBLN8,,,TMoneyBoBo109 followers
Xchimpz,Xchimpz,https://pump.fun/profile/Fi887iwjMPEty2ppEkFtGHddFG98z26WkQ5Pb6sXtm9t,,,Xchimpz97 followers
bricksonbricks,bricksonbricks,https://pump.fun/profile/5KuKRtHcPCqjaVdh1CVmeCF626XsviYZ5gQSKidWsiSM,,,bricksonbricks96 followers
insidoooor,insidoooor,https://pump.fun/profile/Bup46FaXBi8zr39c3sVh89hSqiyewJr85o7cbUtX7xtD,,,insidoooor91 followers
AllidoisWin,AllidoisWin,https://pump.fun/profile/Cz1uk56LK9QuR5aYUaE7c54PKAJiMU8LJj7koG4e3khm,,,AllidoisWin88 followers
PumpPalmChef,PumpPalmChef,https://pump.fun/profile/BKVVu69a6tfz7mBnAArN8Ht5yAC11w38rdxbLP2AexbP,,,PumpPalmChef86 followers
ZenWinterLegend,ZenWinterLegend,https://pump.fun/profile/Hn5gVKAApv69t5HX7Q77uX7o5ayhEwArgYx7kukMLVGn,,,ZenWinterLegend86 followers
zxc4,zxc4,https://pump.fun/profile/EBCutETVvWaYJGzHZxJ8JASukSVkJg5NWckN4gpBCfrj,,,zxc474 followers
wednesdday,wednesdday,https://pump.fun/profile/E7Au2f6QqGwhPbt2a3EzRnMcuG7aduUL3wdrnxWPynCg,,,wednesdday74 followers
solasiann,solasiann,https://pump.fun/profile/4yAjL7Nrd7jm4AKqcpkaeFXx882N7yUek8V6Ze1epASa,,,solasiann74 followers
wfud,wfud,https://pump.fun/profile/8veHXEHUU14DCbiYSoS9FD3UmrgziunLL91TWjMhtAGs,,,wfud72 followers
driip,driip,https://pump.fun/profile/BX2LdBu2Jpcscx3MyyjvXZ284z5ekMG3Hsu6R3WTyU4o,,,driip68 followers
Cigar84,Cigar84,https://pump.fun/profile/CteVv4LfurHPeGCnM5wtmtBkFzCTmMdjW9ddoawqB6R3,,,Cigar8465 followers
gigasalmonmushy,gigasalmonmushy,https://pump.fun/profile/CfNSu6tPhaBAbUEGNqEZMnkYAsW6VPFRzR2cqUdZBRLw,,,gigasalmonmushy60 followers
AngryChipCrest,AngryChipCrest,https://pump.fun/profile/2Wy6fNcTu5abr6RzB39kDF8VZcKYXhMwZLZoGbAChepz,,,AngryChipCrest54 followers
devil87,devil87,https://pump.fun/profile/DmFSDGKv5H5Bu2t9C3qYFkKaAcAUyWmf7J34H6wLA5rY,,,devil8754 followers
unrealistically,unrealistically,https://pump.fun/profile/ETfEAeQWjD8RchFrtQzza5VGzNgiH8pNCGGpS65bY9vU,,,unrealistically48 followers
PookieTheDookie,PookieTheDookie,https://pump.fun/profile/Gv39g5tqQ2WvnVGhcqoLwqsF3NFnjSEtdutHWJyybbwL,,,PookieTheDookie44 followers
heyimpete123,heyimpete123,https://pump.fun/profile/7hUHpvsrdr5DPkQwcZweNNz3dEn12YxpDUBd1akZpuVh,,,heyimpete12343 followers
Levi4life,Levi4life,https://pump.fun/profile/DEfGhkDoY5AvgMUzJfDgtHYNmYFyrnoDUCkxwRMDJKDF,,,Levi4life43 followers
deucillator,deucillator,https://pump.fun/profile/CVSmg5qVb8PuVpr7AkKj5LWMbuCcNVjkja5q9QmsKqFZ,,,deucillator41 followers
TheArrowLead,TheArrowLead,https://pump.fun/profile/CrkPmytRpE7tFENHfEDqqCC46eXkFRkG6aSgMb9rjb2V,,,TheArrowLead41 followers
gladeus610,gladeus610,https://pump.fun/profile/6o2YH8RgnNA1Suj7pjrMCDBW9X4brbycqoBxdJS5nu2u,,,gladeus61041 followers
empaKing86,empaKing86,https://pump.fun/profile/3fP8T5w125edkGBKGYy42JdpEkeLrwsYDE7DC7wLpENy,,,empaKing8638 followers
pooppanther,pooppanther,https://pump.fun/profile/CHUEYmsZXWAaFUzXEzD1pTJVBtQz7b8JpiD1XGuFh4oH,,,pooppanther38 followers
cutesalmon98291,cutesalmon98291,https://pump.fun/profile/AYJSaJiDbxZjPjTKWdLjpFfoqMBvivp8uHEHqvabPFvb,,,cutesalmon9829138 followers
jerrystackhouse,jerrystackhouse,https://pump.fun/profile/Dp7nSceLXRxhVivDaL3kKH6LobrmT7W989R9XA2Fatzt,,,jerrystackhouse36 followers
unjustorca36733,unjustorca36733,https://pump.fun/profile/5D6CjtUKMkHWn7pHB4ZuSpMsXQZMGFEXjy9WVEnk83KN,,,unjustorca3673336 followers
AdamOnChain,AdamOnChain,https://pump.fun/profile/73wPRRtHDtwyJzmNHDAHr4NruEELuQu6mE4PkL34rmf4,,,AdamOnChain35 followers
FM84,FM84,https://pump.fun/profile/FdFGJJaAvS7WJftBDNmUwAvijvx52jW8857YRHW2rekw,,,FM8435 followers
crypton_on_x,crypton_on_x,https://pump.fun/profile/Gze1tSoQbryaM19Y8veMaDYfxHNzGnxtN2xRvEBEkLfE,,,crypton_on_x33 followers
TumorDevv,TumorDevv,https://pump.fun/profile/8YNmwqtRGp73sGe1NiZ7LerkVfj8PQBDWPq3hfkbE9Qn,,,TumorDevv33 followers
capnmarble,capnmarble,https://pump.fun/profile/GiEvnVFyHtjd7ag2cMNhTw38RU1dK25FvRFCtM7Min8t,,,capnmarble33 followers
sheershrimp0808,sheershrimp0808,https://pump.fun/profile/HkPyZsUb7Xyc43vSmUioEtC27GY3ExCx3L1W7qy4o6tm,,,sheershrimp080833 followers
slylobster63096,slylobster63096,https://pump.fun/profile/DVvanC7Chy3t6TCYrphaXwtZw9pUFYoBCV3uuJjebacc,,,slylobster6309629 followers
imgayfuck,imgayfuck,https://pump.fun/profile/Esyda916nr3wHqe19Dh6Znm2ynUiBfSsjCuriP3G7Wjv,,,imgayfuck28 followers
44rd,44rd,https://pump.fun/profile/EUjL4PjzTMA4wAs1MY214j7RWDzXEeXkv2KiDukzm5gn,,,44rd27 followers
ItsUncleAndy,ItsUncleAndy,https://pump.fun/profile/Fn11EGUEAk561FRFiAVv3N1RdRw5fP4SnpBsaJpvTx9w,,,ItsUncleAndy27 followers
IrisRattleTiger,IrisRattleTiger,https://pump.fun/profile/SyVf8pL5667MY1XN8PzFxTmDFZEeAeNwHox2yfgMCWE,,,IrisRattleTiger26 followers
michaeldesanta,michaeldesanta,https://pump.fun/profile/XUzh57JHvGXFtL97PLaGFzjm2qwSj71enH8nxwTAKE2,,,michaeldesanta25 followers
NoticemeTA,NoticemeTA,https://pump.fun/profile/Ds4CqHqYASrENg12drRGnDGDLZ7BFmW4Sh9FFEKgeP7r,,,NoticemeTA24 followers
thisisdave,thisisdave,https://pump.fun/profile/7LSjfrJf8fNsB8VA9u7N3WEn25smQLpob3SvyUvXacy7,,,thisisdave24 followers
SHEEEEEEESH,SHEEEEEEESH,https://pump.fun/profile/BbBG5chanNbssKLSN7K7PcfBPL9U8zA5VW3j9mJ6SjNe,,,SHEEEEEEESH24 followers
solublesquid902,solublesquid902,https://pump.fun/profile/APq1bKM5maTcz5URtN8N9Q4rGCfxueR6HnmsHGDZY3X,,,solublesquid90223 followers
ChainDigger,ChainDigger,https://pump.fun/profile/2nzk8TL5VXjUQF5ZLSProvLfGWpG3xXjYN7ErHdvPn4S,,,ChainDigger22 followers
gaytarded_mamba,gaytarded_mamba,https://pump.fun/profile/4AomenXjLrs5U357GZdfcQen1eeWfyWxiyaoicem45Xe,,,gaytarded_mamba19 followers
deguzmanito,deguzmanito,https://pump.fun/profile/2uHpdDYE62rjRHcE67e9o9ABxwxH5tbNpDfjHF28QHFm,,,deguzmanito18 followers
needfulorca8656,needfulorca8656,https://pump.fun/profile/4ngmTdFB8ez5HubS8czrwSmEbJ42o3g7Xkg5AoV5Kfs6,,,needfulorca865617 followers
SirPippins,SirPippins,https://pump.fun/profile/2bSJhua52vsvXPN2yVdeXT8Ufaj3KTU4Ms5GfciN4KfR,,,SirPippins16 followers
glumsalmon22848,glumsalmon22848,https://pump.fun/profile/9m48gyE2JMush16qeKmBNtjw6Cd4JMwG5jnz1QuQ5o7J,,,glumsalmon2284814 followers
slydolphin76168,slydolphin76168,https://pump.fun/profile/4KJafsybjpC5XEWVQaiMyouJ5GooSfw5afqd5WN6TNvT,,,slydolphin7616813 followers
n73,n73,https://pump.fun/profile/7tVJwBmG3ewdh5F9WKMgga1Kmp9yT95v6NHwskY2qkZP,,,n7312 followers
angrymarlin4553,angrymarlin4553,https://pump.fun/profile/BBiN7yjB7WFHshNSW5FkAhCKaMSMJs89Ystg9zugT6KU,,,angrymarlin45533 followers
GemMintSailor,GemMintSailor,https://pump.fun/profile/6hQZLmbJfc7HSEENYbdB1UBwfMLYqY41VekETeYu26bf,,,
Damian888,Damian888,https://pump.fun/profile/EbC2uyJbP7ZuiqrghhJgEeK82ZTcAzhBNHNLnzacgnPw,,,
obijaii,obijaii,https://pump.fun/profile/a46kwxdbBK8kjYpVLm1z4qpM2fJ6zYmo8Pp5B5J24gT,,,obijaii69 followers
Antney,Antney,https://pump.fun/profile/74SdNTSeAt7L8Eb75bV1tHcZpux46CP7k4ZdpoaANZns,,,Antney376 followers
MattLuper,MattLuper,https://pump.fun/profile/4bKcXpbjChSmMfaCrx1rBaeMCiyppg1yNpcZPFHCkUYJ,,,MattLuper40 followers
TheOriginals,TheOriginals,https://pump.fun/profile/1d6bc444-b6e4-4904-a7ab-782072b9cc11,,,TheOriginals21 followers
YashSolx,YashSolx,https://pump.fun/profile/BmXugVGYfGMj9QRLkdcEGijGgWo4X558tV1QR6ih2eE4,,,YashSolx440 followers
roysolanas,roysolanas,https://pump.fun/profile/Cbj482ar1f5b7RvoEFJZEPCeZQ3SYEA5oxFYXmX4Wrio,,,roysolanas75 followers
707070770770,707070770770,https://pump.fun/profile/ABsvxunM1DwzvuRuoGAu3zCBThJp3PwA3WjtzYYtDsbB,,,70707077077044 followers
STAghosty,STAghosty,https://pump.fun/profile/2ciL2KHVBFoXxUKooQvMw2EAPgtsPpLVpa5z6tMEDE2n,,,STAghosty16 followers
chillmantasangu,chillmantasangu,https://pump.fun/profile/FqpBexzA8e7ccyUPS7bXZiJPKYPR1aMXmFL9tnvqkYBX,,,chillmantasangu8 followers
hakyou123,hakyou123,https://pump.fun/profile/HBsVLmWgbUQsdXsnR1HMjQXiG72PwjsE4q5UmFBsRgxH,,,hakyou1238 followers
MonetPushy,MonetPushy,https://pump.fun/profile/2YBhBMhZxKTaN2VemU2AYBvZC57fcE4bhkdhZfj9zeiV,,,MonetPushy342 followers
AtlasCandle,AtlasCandle,https://pump.fun/profile/GXcAHhvutpa6gmwUVHtxg7KbYghsjNWQshKq4SinHRtQ,,,AtlasCandle76 followers
Zukoonchain,Zukoonchain,https://pump.fun/profile/HcueWLxKVgoBXmAVX1oDD5ieGh1SWgFXvrruC8pqJYpU,,,Zukoonchain65 followers
busywhale08336,busywhale08336,https://pump.fun/profile/VwzxBpVzcmupuxW3zCD8T46XpwKGFWa1L459CweLYkq,,,busywhale0833644 followers
pettysalmon3321,pettysalmon3321,https://pump.fun/profile/52YXFG9ksGps7P9ZSDLK79f9Hpa5ihR24w6dkikW5aEB,,,pettysalmon3321237 followers
RAUTHAAA,RAUTHAAA,https://pump.fun/profile/C4CXcKbhi9bM9b2VcARerXsPMadPxJyENirxnX84RZws,,,RAUTHAAA150 followers
make_many_money,make_many_money,https://pump.fun/profile/GhXvT6xsDZeeWr9ietRzVNPoMr6sT5SrqonQdxvKKqfx,,,make_many_money144 followers
Mrpoopoop,Mrpoopoop,https://pump.fun/profile/D87m8ZjbFjVUcn9HDUZ66hb3FpV9y5EM76RZ2VX3wKj3,,,Mrpoopoop79 followers
basedwhalescruf,basedwhalescruf,https://pump.fun/profile/Dhda9rqMfQuaXtZERXPC51QgMvDH2GR7g35nkaH7Zfp4,,,basedwhalescruf62 followers
BradSatoshi,BradSatoshi,https://pump.fun/profile/8mNGKZAsSwgmhrkVnvhmcuSDW3Bt5s1GSS7uzd93DcmV,,,BradSatoshi57 followers
MalikS1,MalikS1,https://pump.fun/profile/GhTtjyPPKKrHTChVbP4VTvjSt71aeqSukDFkVAFGi8KC,,,MalikS128 followers
pajucity1909,pajucity1909,https://pump.fun/profile/A6hAFvUaSoHEKWgY7hNUmunMcLRGVCG1dT5rpJkX5fEB,,,pajucity190917 followers
MasterBlastorTV,MasterBlastorTV,https://pump.fun/profile/812FZJKzZoK1QuRBwYycdF5BKbDn3A8YhEZzCvtpKwDZ,,,MasterBlastorTV524 followers
100xgemfinders,100xgemfinders,https://pump.fun/profile/0ed85a57-3c3c-4efb-966c-58157a61774d,,,100xgemfinders89 followers
broke88,broke88,https://pump.fun/profile/AW1uT8zFbfWXiPqpkaju11FX2AtBVApYPMk93GZuNkoc,,,broke887 followers
kingoflagos,kingoflagos,https://pump.fun/profile/99PMT7JiGyDyThsJ6QDXXB77HCQ9Te2p2VCXv1Wg8k5m,,,kingoflagos173 followers
WaxMemeDanger,WaxMemeDanger,https://pump.fun/profile/8ggi8NnDwQULcHd8xF1HvB5HmakKfAPH5L1QwS58bqAK,,,WaxMemeDanger83 followers
LivingCordCat,LivingCordCat,https://pump.fun/profile/6bVQUxtZoYYSjWXjKRe7FUSnCmP3nTTbmfFmFiCdUUAz,,,LivingCordCat23 followers
SingleLetterB,SingleLetterB,https://pump.fun/profile/DPRa5d7XmDa9DXVpQ48CaXx92PKoXpELtABRQBRwMvsj,,,SingleLetterB5 followers
FrankDeGodsAlt,FrankDeGodsAlt,https://pump.fun/profile/2apiB9ATUWb1vBcQJE9XtKEF81ricX1hkQfjiSy6dngN,,,FrankDeGodsAlt195 followers
idksomerandomas,idksomerandomas,https://pump.fun/profile/51ZDY8GL4n4iptN7ZskwhAoMAP4pMiP6Z6xYFzv8Usoe,,,idksomerandomas97 followers
Dreamchasing,Dreamchasing,https://pump.fun/profile/1efe8209-156f-4270-8e60-a78f8a8c962f,,,Dreamchasing24 followers
reeeaallbadmon,reeeaallbadmon,https://pump.fun/profile/Bj5jufEUQBh3A9ur6MSE6A38mJyRoMLjfkJrZMJPjfqd,,,reeeaallbadmon22 followers
LuckyXBT,LuckyXBT,https://pump.fun/profile/8FE8iX3cgrc5x6eXgar2YJ7EAhASk4ymcbRh5oe1W65A,,,LuckyXBT9 followers
BrokeBull,BrokeBull,https://pump.fun/profile/HehKUNWjEFmokRaynpDAEy8ms7m9bHsKkt93mMkk5vb9,,,"BrokeBull1,278 followers"
turbosquidinsur,turbosquidinsur,https://pump.fun/profile/8nqtxpFpuXwfXG4pBLsDkkuMMPK9FjSkBMCn542HiM3v,,,"turbosquidinsur1,245 followers"
supergayretard,supergayretard,https://pump.fun/profile/2uU9hJewXNDX11hqoCRXvVCWGFL5MMHJMtQHhaHQzBRZ,,,supergayretard943 followers
iwalkniggasdown,iwalkniggasdown,https://pump.fun/profile/EdNcBDUFQaTxuaaiFfp5Ss4EanvuXtpGV9ZZvFFVRayd,,,iwalkniggasdown925 followers
epixkiller,epixkiller,https://pump.fun/profile/B4tWmhfCBLvRYugPcu6bgP36DVweLc457pywc1a3QJju,,,epixkiller873 followers
dueshrimp74629,dueshrimp74629,https://pump.fun/profile/9pkJqJLtefuna3GLtKZyF5DBWwEGUdxZUSGCmf5jZhA9,,,dueshrimp74629843 followers
gasafrass,gasafrass,https://pump.fun/profile/72i5A9bewMZvfQnzeufvcsL6EiMkdj2bgCbgpPithYxE,,,gasafrass813 followers
aftershark21552,aftershark21552,https://pump.fun/profile/C2N2Ac5E9m128Tct2AepMpN4VdULpxWAX3gcigqup7rc,,,aftershark21552787 followers
blackjew432,blackjew432,https://pump.fun/profile/BZmxuXQ68QeZABbDFSzveHyrXCv5EG6Ut1ATw5qZgm2Q,,,blackjew432776 followers
MaxClumsyGourd,MaxClumsyGourd,https://pump.fun/profile/sssssDdMNAWKingjpEojkTNdVuZrBe7FsJLaGtexe7d,,,MaxClumsyGourd743 followers
DVD_Solana,DVD_Solana,https://pump.fun/profile/4EBUdrUuPGWKy5CrBHEs4xKbHqKDyj2s9oGrA2QXLS12,,,DVD_Solana572 followers
elevatedcrab757,elevatedcrab757,https://pump.fun/profile/DetXn4fLxAaQdHrU9S7MB8FCZ5fnhWMMrit9XNSQvqfP,,,elevatedcrab757502 followers
fries_bag,fries_bag,https://pump.fun/profile/9XVWfqzavraezfvS38v8xcZepHYxcNKtnNMEKpPXEwTN,,,fries_bag421 followers
deepfuckinvalue,deepfuckinvalue,https://pump.fun/profile/3bVQnNgXaVVM53VhkrKRPrgXLUwusCQ2PgLuqfbh87ns,,,deepfuckinvalue399 followers
superwhalenorth,superwhalenorth,https://pump.fun/profile/UxuuMeyX2pZPHmGZ2w3Q8MysvExCAquMtvEfqp2etvm,,,superwhalenorth377 followers
Noragami9,Noragami9,https://pump.fun/profile/GbeFBFuY7e1zEZ4YFx3pPGruBnAiKknU2HF2MEfnNUmd,,,Noragami9358 followers
Blizzy101,Blizzy101,https://pump.fun/profile/F9vWdXQ1zeEJ82Q7Bvytcgnvh9wXbcsc1FJaiDUMP9qJ,,,Blizzy101350 followers
pluto235,pluto235,https://pump.fun/profile/5CV7t5nemdxbs9Rk1aowc5geAzDhMrDAVkgb7tzjm4qF,,,pluto235344 followers
strayshrimp3407,strayshrimp3407,https://pump.fun/profile/5dUXg97Ltrjid2KVTQAb6p6PVZXBneHcgV1Z8A9xzKgg,,,strayshrimp3407295 followers
AgentCodyBanks_,AgentCodyBanks_,https://pump.fun/profile/Cq2vVvS91FzJT8px8wg5w4TL2nzxnaCfZTAsrqvvrhX3,,,AgentCodyBanks_277 followers
Its1birckoffica,Its1birckoffica,https://pump.fun/profile/FGXxkNFCH91tN61PCX9C6xF14mZNWhm8xcvUysyD2oKm,,,Its1birckoffica250 followers
wantedguy,wantedguy,https://pump.fun/profile/AeALJKVoRGCprr3ajfpWTEGhLNNMQiLZow3HpBxYtNAD,,,wantedguy222 followers
novellobster554,novellobster554,https://pump.fun/profile/2Ejnns2Fd5gsZdFJbnkZmQEwbrgoiMc2ikKcS2z2Ps3e,,,novellobster554202 followers
AnsemWifeDev,AnsemWifeDev,https://pump.fun/profile/5GCT8TVpSJCkFDujrVmMmqyoCu4kHBKE9PxZzDAetvyw,,,AnsemWifeDev191 followers
newkraken11406,newkraken11406,https://pump.fun/profile/85WTujfJ9meJq5hfjAeb5gftj7n8Q7QTsZJbRqMD5ERS,,,newkraken11406181 followers
DADINNEED,DADINNEED,https://pump.fun/profile/6BdC3J78u9Lf63e4WGeXvgoyxhfpDFR4fEcAA2de7wUF,,,DADINNEED177 followers
degencallouts,degencallouts,https://pump.fun/profile/DzasaHCYdU3Af6CwGDXoWtt4qR3mZjvNags7LiELz6yV,,,degencallouts175 followers
MoonHissingGrin,MoonHissingGrin,https://pump.fun/profile/EXn2JUHtGF6bxDcG3EtrKq3ajJNmsTVA3QUvmCc9sAD1,,,MoonHissingGrin117 followers
FirstRainPie,FirstRainPie,https://pump.fun/profile/FHtnWDKFyS31xZrzBXdFVPm8rFT55HM48QpZyVxkKBcF,,,FirstRainPie101 followers
soapypeach,soapypeach,https://pump.fun/profile/97NKruq8DcePnm4FefvMX2PoT6WA5YuKGexo5pRWBq9K,,,soapypeach95 followers
AlertTameBaron,AlertTameBaron,https://pump.fun/profile/2nKeNVKDFsj6zGsU1DzgxRzXPKhxxFvCDhA9d5V3wT21,,,AlertTameBaron90 followers
theghostd,theghostd,https://pump.fun/profile/FnAQC7UiAGZiHow4rCYfR6je5gC3YfKEUrm5Li61edfp,,,theghostd87 followers
alsocoachpatnft,alsocoachpatnft,https://pump.fun/profile/23tA8zYuz8Mx5mcAZkb7S3gCF1GpNaGToGo7rn5gpbTR,,,alsocoachpatnft76 followers
Scrynir,Scrynir,https://pump.fun/profile/GNaMoUSH2EeUaPniqpoDJ6reutKb2VDUCJXhuef8ghww,,,Scrynir75 followers
easyrider,easyrider,https://pump.fun/profile/HFpKJBJ59zqWDNEGuYMQSPwJtbDozMmpJbK1GPQtdcqt,,,easyrider72 followers
KaisukeHonda,KaisukeHonda,https://pump.fun/profile/E8HWWVoBraCtgJpob67uYrWsNk8epYZe6qdGuZY82Ts,,,KaisukeHonda72 followers
Scrotuhm,Scrotuhm,https://pump.fun/profile/BjSDgSu2kEtV5LBjMRG4HjkAt6p8s7ZCYRAgeJj7ZwGE,,,Scrotuhm63 followers
grandmaaas,grandmaaas,https://pump.fun/profile/4F3LfNf9QKjzRB2vSEMmFQ9fyMCkSHCE6auewruJNZnB,,,grandmaaas59 followers
archshark57745,archshark57745,https://pump.fun/profile/Hsf4uXU7cDdH495N4hoFRHwFi1cJRx2UL3nLaSgMp2fx,,,archshark5774556 followers
hisenberg_old,hisenberg_old,https://pump.fun/profile/6uWZe9n9ztoeimSLXXPHBnq1CgaF44PxSQdfJcswvdpy,,,hisenberg_old53 followers
sparemajorstraw,sparemajorstraw,https://pump.fun/profile/F15VFu8E5TQ3xFKddVjYaQo8rx8qYzYLuwoyrjDHWNW7,,,sparemajorstraw51 followers
soaringfish6390,soaringfish6390,https://pump.fun/profile/F7RZFecAHS2sCg7BAmQi6QttGDF8ngLkyU34TCEXdKDt,,,soaringfish639049 followers
holyseal66994,holyseal66994,https://pump.fun/profile/GZmUDsn8W1rtopeTgwVgab9rsRGMLVVMfsXwWKD1VS9p,,,holyseal6699446 followers
spooderman5,spooderman5,https://pump.fun/profile/DPzuZ7N19QGmC1yb4Aw6w445m5XcQ1GVbixdtq95jUMM,,,spooderman545 followers
ShiTzel,ShiTzel,https://pump.fun/profile/FH5HWJphjeZszeU7atPFBFPzniLCQPVx24V2vhr6vp1V,,,ShiTzel42 followers
groxdev,groxdev,https://pump.fun/profile/45Yarh9hDAyJZauHoT7tvqfWkGmq3o3U9aaGzRweTNpu,,,groxdev37 followers
CalmOilPot,CalmOilPot,https://pump.fun/profile/WquuUer9NJrXmASQ17vAdSuH9D2QeU3ephkbsNeLFQp,,,CalmOilPot36 followers
dimtuna96277,dimtuna96277,https://pump.fun/profile/FBdeGuXgozEH8ADxHVqfr67FeujZ2hVrUUmJvk6UJWkk,,,dimtuna9627728 followers
middletuna98843,middletuna98843,https://pump.fun/profile/AEc2bs2jod6cwcRfwJN2vnoKBDj9pPDqQAP9MXGz7cg1,,,middletuna9884327 followers
smokingkittyy,smokingkittyy,https://pump.fun/profile/EY9bLwF8GigtSD5mKFSWp7rMeT63Xpj3gw4oapSh5Sg,,,smokingkittyy25 followers
delusionalworm,delusionalworm,https://pump.fun/profile/777EdPHDrMuZZrj3bcaCAvfebfCKccbYX7QE3V83nYFg,,,delusionalworm24 followers
SoapyTallMiner,SoapyTallMiner,https://pump.fun/profile/GS8W1qohUC7CAcX1WCmqdSXdtmeNPWirDxBoKLycfPRk,,,SoapyTallMiner23 followers
facialshark5369,facialshark5369,https://pump.fun/profile/38goQvqUpHCueYf9VHH8aNL2gtWeG56Cm5zsmvsfcWNJ,,,facialshark536921 followers
whoisits,whoisits,https://pump.fun/profile/9wmA3r6GCmMXMWTqR9ND1bK4wZmPwMCKiVYx3sDDW9ch,,,whoisits17 followers
LiterateWryFrog,LiterateWryFrog,https://pump.fun/profile/ijvTxRBsStFJaCsnq7WjB5E9tWxc24FCVDttBtQwHnK,,,LiterateWryFrog14 followers
ColdMoonKetch,ColdMoonKetch,https://pump.fun/profile/bT4RUTG1hEvAqeccgaLgFizah3MZHBUC88LVVbBxZm3,,,ColdMoonKetch12 followers
DestinySeenGolf,DestinySeenGolf,https://pump.fun/profile/5ZnupsyFJPysX6ZioW88ppSF3moyiX54MMt1LDhEy7b3,,,DestinySeenGolf9 followers
IrisPoolMood,IrisPoolMood,https://pump.fun/profile/CpQf4h5Jc7SX9yDJjxGR6jC2DLSGApejXb9YHxguBN9A,,,IrisPoolMood9 followers
tanshark60406,tanshark60406,https://pump.fun/profile/LkXjwCDEH9WycfPB71ncgrQWjfn3wGVdzCBNmgZnPcY,,,tanshark604069 followers
OnyxKindSage,OnyxKindSage,https://pump.fun/profile/BkeKJuZtPFdqwhXvFRbzuxAWvpF6n58qWxkkLhLhiMT3,,,OnyxKindSage9 followers
NeonVividShark,NeonVividShark,https://pump.fun/profile/FZhzHobHrwYRCgtnmbznjscaTcNxbezy3aTm5cdbfdRb,,,NeonVividShark8 followers
ChadFewCotton,ChadFewCotton,https://pump.fun/profile/66J6zb9ScpFCqyiP5uCqbQ2VQDNqCdW5rWfTS5mikFCS,,,ChadFewCotton7 followers
PrimePondDegen,PrimePondDegen,https://pump.fun/profile/D9k9yzpcwCnS8gfXX4wUuXSsbbiDYCtPsmVd744LSnNY,,,PrimePondDegen6 followers
lacywhale43352,lacywhale43352,https://pump.fun/profile/Cb3SGAk2HsaBZN9hH4XeeRDJDs5J6xXUUoW6RAo5LDRU,,,lacywhale433526 followers
RiftSplashyStew,RiftSplashyStew,https://pump.fun/profile/4fhKStZhPZrLEuUM5vWpDXcNUFV79uzyHvBhgYgiUre4,,,RiftSplashyStew5 followers
BagMintLettuce,BagMintLettuce,https://pump.fun/profile/Ao4j4nRGf9d7Aih4qPcp9bnebUXjFMiP1TGSHFvzGx9d,,,BagMintLettuce5 followers
SeedTarPosition,SeedTarPosition,https://pump.fun/profile/FEu9tVVxshCpJt2pdT2bmpEqr24MQW4ZazvPFfrZZ7Wj,,,SeedTarPosition4 followers
RareThreeBuyer,RareThreeBuyer,https://pump.fun/profile/29eqkEKRNcuGqaDo2C2Bs9AE99aRLKU5BdUsu4tSo25h,,,RareThreeBuyer3 followers
SolWakefulBrand,SolWakefulBrand,https://pump.fun/profile/8daeWQtHHqVEtvuXhoKuwNdgiQD9pSf3DwRQbz8wWAX4,,,SolWakefulBrand3 followers
WaveSandyStitch,WaveSandyStitch,https://pump.fun/profile/E7FrqJznKKBPYzt8hrEhSmtGJxj2zb8usKyuMd3pGvkS,,,WaveSandyStitch3 followers
CryptoCowPoke,CryptoCowPoke,https://pump.fun/profile/HzShE5cVtTBsLmtzMgoBQe9H7ffcboEpsDZ5DTQTvJSP,,,CryptoCowPoke214 followers
PoggersShopPF,PoggersShopPF,https://pump.fun/profile/4Du45uNa4BbuPKyh5BrkFxvdRVBN4KQrdmRmPCCfAMsR,,,PoggersShopPF52 followers
tersecoyplan,tersecoyplan,https://pump.fun/profile/5BpXevi9AsBcZPySYxkG6zYvEFtdDCsYDrwUtQ3jMLeH,,,tersecoyplan38 followers
OfficialTitcoin,OfficialTitcoin,https://pump.fun/profile/98wQSnDmSt195M4WfSrKn1jAJXxEMsJMqYZ5AGwKocjY,,,OfficialTitcoin38 followers
AnonymousChud,AnonymousChud,https://pump.fun/profile/6FWcu88BaMgoM2MM2MmjKPWHt2Luf5uwezw89qyqwYD5,,,AnonymousChud32 followers
chadmidas,chadmidas,https://pump.fun/profile/EAbuAjF6R6GYTtiHrvXF261ot4mPAsmQ8mkBuwYrAcdS,,,chadmidas234 followers
jesusoracle,jesusoracle,https://pump.fun/profile/GSeHdw4NDMmRncF65RF9dHMzRUwrTifPAxaLSLpNUWfV,,,jesusoracle168 followers
degensealauster,degensealauster,https://pump.fun/profile/EeaFMwTmez3owRFwvHoMV8nbnw9tg5f2fC9ypnbE5bpT,,,degensealauster100 followers
afdudley,afdudley,https://pump.fun/profile/3ifsnZfTfDN7rrKcASaTdRyhYqe1FayPR77R7kZB4rSh,,,afdudley84 followers
viralityonchain,viralityonchain,https://pump.fun/profile/HDit5ykDkngcy194QnCk2yaEKCvpDMVQ15pevzhQ68C6,,,viralityonchain54 followers
coolnarwhal8583,coolnarwhal8583,https://pump.fun/profile/51ks62Y6bVtMSt2AGzuhNNVvhobdkVsrKhjACww5k3W6,,,coolnarwhal85834 followers
QuarkOvalFir,QuarkOvalFir,https://pump.fun/profile/F5NbKnwbcvH2XpqFc4dTv757UJNUmScqvwWHhK58eztD,,,QuarkOvalFir18 followers
CRAZYSPAGHETTI,CRAZYSPAGHETTI,https://pump.fun/profile/8wiy12XdRrKQvc3xThZkzGjfb7Lum7HczzJFzBB6Lrmn,,,CRAZYSPAGHETTI3 followers
wanshrimp39442,wanshrimp39442,https://pump.fun/profile/9WzDXwBbmkg8ZTbNMqUxvQRAyrZzDsGYdLVL9zYtAWWM,,,wanshrimp39442739 followers
imjustlate,imjustlate,https://pump.fun/profile/6wTVWXQPCmmAJra4wFMoy6kae5s2FguHyhcXyhTGmgTt,,,imjustlate532 followers
undiagnosed,undiagnosed,https://pump.fun/profile/4tehHGHPF6GkzikAsTwRdtcidJAhVVnXpcK67vGVL44y,,,undiagnosed454 followers
Figureitout2026,Figureitout2026,https://pump.fun/profile/4dDTJBLod1LQMAcXd35UdFs3YPtbZN9hVCkCxRsH3yRM,,,Figureitout2026437 followers
tranquila,tranquila,https://pump.fun/profile/E4hbN7Ma1AtPc6sJjMim6qhxZWg7v1cE7XrBHkEMLVTu,,,tranquila389 followers
alalsi,alalsi,https://pump.fun/profile/GZQkt32gaNUUpJr7RLVuW69PuBwPRFbN3YupJUxrQhFL,,,alalsi385 followers
tailingslingoor,tailingslingoor,https://pump.fun/profile/BJRDU68pE7LzZw27pMacdy2531zUZhftVbuPXXqitAhW,,,tailingslingoor359 followers
autumnalseal388,autumnalseal388,https://pump.fun/profile/8aEuB6SXnjfqFbjCMAstb43Z8C3Ea7beyPwJSu5oycLd,,,autumnalseal388354 followers
frenchdev93,frenchdev93,https://pump.fun/profile/8vhw1QAoVA79AYPHqhmZx4HbZoDyCW1kHFMWZcWPMSMg,,,frenchdev93338 followers
pliskin,pliskin,https://pump.fun/profile/5hcaSAsHHLYfWfsYWNdV1E685abHAiPwVqdfwSEdcCgu,,,pliskin319 followers
lizzy_,lizzy_,https://pump.fun/profile/FMGEoXPRDwBa16oKucnWHtpvrB41mJG2pbaTSuNSeXMG,,,lizzy_307 followers
XENNNN,XENNNN,https://pump.fun/profile/5tnGX9NXdiUXMxNt1Lumcpm7YW7spwRDMNu4nTxnXGuQ,,,XENNNN289 followers
lospes0s,lospes0s,https://pump.fun/profile/3kohCzs4z6sd6HFCXg1AUBgCGmZHdq6JMqz1X8M1ruGM,,,lospes0s246 followers
OBK89222,OBK89222,https://pump.fun/profile/9kqEfXt2vCanTZCtb1t6smp6Ui7Hf4ugPf63pzF8zXks,,,OBK89222245 followers
GabeItches,GabeItches,https://pump.fun/profile/JA9z3w2iYNGGE9P7hcU11853HdkMkqmcLA8fmZWRsWd,,,GabeItches239 followers
JustABrokie32,JustABrokie32,https://pump.fun/profile/D1VjB67FkDfQ4sCqnfaLK1Z8JFhNByR5e7cMG7byHdj7,,,JustABrokie32234 followers
capacoin,capacoin,https://pump.fun/profile/C9MMHxo9VCRTA9i42en3Ezf1xtHSkdPNcUpkF2wUGvRt,,,capacoin207 followers
DogeStLite,DogeStLite,https://pump.fun/profile/4rjx8TcDGz8zinU9ak6LecYtqPn1VnbDfCbG7gXdu9bJ,,,DogeStLite202 followers
sledoctopus5053,sledoctopus5053,https://pump.fun/profile/FirN2PFjBfm3d6XXDLmXReEiKwkPavXLFsnm7zi8WR6s,,,sledoctopus5053197 followers
BabyDrip,BabyDrip,https://pump.fun/profile/31C8LVbvQ7fZNTGn45YjUVCRAjn5Qdwnp5ySFoj7s8j7,,,BabyDrip162 followers
PotentDog,PotentDog,https://pump.fun/profile/GwZBwZP2SK115xuDUNTkGAEUWcqmm1fnw7n51fwX1WMH,,,PotentDog155 followers
broki_girl_2005,broki_girl_2005,https://pump.fun/profile/FfGkpJ1sFmrmhGSvY4kwTRwjiTbjeUcWyziDd2QyAVPe,,,broki_girl_2005141 followers
AwareVastGram,AwareVastGram,https://pump.fun/profile/26u1rprLvPD7MKFXJavFWpyYaZcrQXWPYmXUxTaCftt2,,,AwareVastGram132 followers
beef67,beef67,https://pump.fun/profile/EvYDqxm2mEv7rt6SE5SPJwY1mEje56XPuLH1tDRLBbhs,,,beef67129 followers
ibuyshitcoins,ibuyshitcoins,https://pump.fun/profile/GJiKDLm9yKtyCwhYb3FgExhBX4jySMiW2XkZ6mpKWHfd,,,ibuyshitcoins123 followers
SunMaizeAuthor,SunMaizeAuthor,https://pump.fun/profile/fomosZ2wByGHXygzSzDg1J7uFVCiAj9KbZVjr342hnX,,,SunMaizeAuthor111 followers
hotstarfish8420,hotstarfish8420,https://pump.fun/profile/2Yak5YPqGi2b7LApQ1jtXdutY8kpp5Yo9VvHpNWkBAM5,,,hotstarfish8420105 followers
ZEROcaller,ZEROcaller,https://pump.fun/profile/DjZNbMMGQYSaS1rd1tmBzvCWaJVg9sEzKi8RacuTpB7T,,,ZEROcaller99 followers
Myoshka,Myoshka,https://pump.fun/profile/239rMT5K9nZEWde5WPnGqFjwxTqq3TMVukh6TnFJ8umb,,,Myoshka76 followers
Cryptochris_0x,Cryptochris_0x,https://pump.fun/profile/HpT4M66FhupUdnLsdVqDQ9RRWza5Ecp1DzAHyzmd6pZj,,,Cryptochris_0x70 followers
openoctopus5873,openoctopus5873,https://pump.fun/profile/CbtBvpGhqX7kJ6eXkNWcy7ES9B7xK2HTfbpMqLojCRd5,,,openoctopus587369 followers
PR0F1T481LITY,PR0F1T481LITY,https://pump.fun/profile/5bKv5snU3xNfY5HHEDB65YptFuRtRZAkMRAth2GzKT4X,,,PR0F1T481LITY61 followers
chasinthebag3,chasinthebag3,https://pump.fun/profile/AhYMQYj3asakdmQfS9eb48rQqcP2qatdgPjNEzLTju4m,,,chasinthebag354 followers
InkFineGargoyle,InkFineGargoyle,https://pump.fun/profile/HsSKGwxJsDFtBC7kcitXkxgbZC5Q6C3sh1hMvp7tAMg1,,,InkFineGargoyle50 followers
FreckleIcedOrca,FreckleIcedOrca,https://pump.fun/profile/D36aRvPMcRrUqSjbxU43zRYSH6hY2ZoXLfM7FBT7Zp5D,,,FreckleIcedOrca39 followers
mightywhale8760,mightywhale8760,https://pump.fun/profile/AbyHr27tbTEHH3VoKzafCCehCvj2DiiowYpcTcBV3SLT,,,mightywhale876037 followers
achillesvey,achillesvey,https://pump.fun/profile/9Q5NinjE7uK84aUpcUqfU1gMKWg5Jx2jfHzyDPpQonqL,,,achillesvey36 followers
FastScar,FastScar,https://pump.fun/profile/H6MukiQrwTgxYPx9zHebT3s4dQWtckpGquDU8bQU7uBE,,,FastScar23 followers
Alexiaa,Alexiaa,https://pump.fun/profile/HNgjBQRYWouzSuU6Ym8GzfMCLtofJKExvbfgpnuKGx9X,,,Alexiaa15 followers
SuperProngWolf,SuperProngWolf,https://pump.fun/profile/HP2ZvP9BL54TgV9wPX2y2CwPSsNDvgQCekVxnFTuRHXX,,,SuperProngWolf13 followers
SolNimbleVase,SolNimbleVase,https://pump.fun/profile/9H6JwgGasYxRHETW7n6gc7eKygu2qdr3PFUZz8cuQrnD,,,SolNimbleVase12 followers
FirBrickViking,FirBrickViking,https://pump.fun/profile/B97Z5GKXMLdNFjk8y4r87VHAUcHaaCNDo1R7NmAZrHeX,,,FirBrickViking12 followers
anonninja818,anonninja818,https://pump.fun/profile/B5MdetL4eCY26FKNSKGfzqaPaj3zqsVwoqQQ1ZkkMYDi,,,anonninja81810 followers
CatTheGreat,CatTheGreat,https://pump.fun/profile/smooLFb8hy9siCULebMFbLThGbrDtGo49YSqgb9B7Qp,,,CatTheGreat5 followers
moneymakerz,moneymakerz,https://pump.fun/profile/ByHHFeaiGcBa4ax4AkReRdPKyxSaJVhejjGQEMthHRzi,,,"moneymakerz1,220 followers"
ComfyFirePumper,ComfyFirePumper,https://pump.fun/profile/6FQX9Mmt5iP3q8pFai7kGCgxhi61Y9R9oTdGZp4rn8EP,,,ComfyFirePumper158 followers
TNW1128,TNW1128,https://pump.fun/profile/7Uq1XfDT9KztjxwzpSHWiXkT3WnfdYaTgvDL7aZHhHyP,,,TNW1128129 followers
LinenThreadFace,LinenThreadFace,https://pump.fun/profile/9a4mVmwacqLxnQ3gG7yyzoryg2onQxQR3HJ3dthvTuvF,,,LinenThreadFace20 followers
m00nb0i,m00nb0i,https://pump.fun/profile/21YdM7SiZe2ZZ8yjJXDJ6tLJ56rrq2q3W6Y6o5Bdux67,,,m00nb0i6 followers
UrMomLMAO,UrMomLMAO,https://pump.fun/profile/6vSe3NcrdZrSujsg3zX8FUj5UrJdp2wdb1Zr4BKf5NUX,,,UrMomLMAO720 followers
actingcrab97476,actingcrab97476,https://pump.fun/profile/7UBjMaYsE3tKcanfgGrtso6aHAMhVNSVHkkX5j3t7f5y,,,actingcrab97476419 followers
ApeSaltyHammer,ApeSaltyHammer,https://pump.fun/profile/CFJr1M2z3SZpQpBMoY3nagpafvS7Uzanq4L7KVXVKi22,,,ApeSaltyHammer389 followers
traderJoseph,traderJoseph,https://pump.fun/profile/9MgNVbjx2rpBGkaA3yixGWFE6numTMVk6w3PZJQ9Qqus,,,traderJoseph383 followers
linkedwhale5096,linkedwhale5096,https://pump.fun/profile/BCrTEXmWutwPz8qv6w1S5gDbaLnSLpXKM5kSGVWyyfxu,,,linkedwhale5096351 followers
TEaZy,TEaZy,https://pump.fun/profile/3XeFcZKSn8WzqoDAm5vvgbdfkU82rMmhJfp1q4LXtnX6,,,TEaZy342 followers
WavePaintJaw,WavePaintJaw,https://pump.fun/profile/4KFjw2xfH4cXJJKjG1jDZRNphctZPMoFz3K6r3bAVtmD,,,WavePaintJaw326 followers
JaQopski,JaQopski,https://pump.fun/profile/C6FjkGqeZiBcLEjaV6FXjouwgG2zDDWifS6QKd922eHd,,,JaQopski271 followers
UsePaid,UsePaid,https://pump.fun/profile/PaidybYx1q4xTYXMgHq1PTAsFkPsdJf6XG7KC1NUSJ8,,,UsePaid247 followers
RHBULL,RHBULL,https://pump.fun/profile/6w4bvuHVX6Gx5HoG8tQTwkSnLd7V4EtMrZRBQFZnqrFk,,,RHBULL233 followers
frenchysguy,frenchysguy,https://pump.fun/profile/GigtfxpWWGEvcvKEfogFcQyKMsWWUPwGvWSiGzdtqSnc,,,frenchysguy210 followers
mammothsquid737,mammothsquid737,https://pump.fun/profile/CiWLjGEPfwF7SnZNndCnUGMt5NM8hGW6bziyDBAX8cvY,,,mammothsquid737199 followers
SIDABARI,SIDABARI,https://pump.fun/profile/2Fg1akHpTyhoGvAUtiEsZ4enDpzjjPmd1ngapF9diPHc,,,SIDABARI131 followers
healthytuna4967,healthytuna4967,https://pump.fun/profile/GPMahrXtx5zqtMNXsyg4qbjS5ab4JEpzqC9HXnwVHxmS,,,healthytuna4967129 followers
DUCKYAHMUM,DUCKYAHMUM,https://pump.fun/profile/CBSsBvTygD4oj15KMy2251PAirHtnbybvspKwUL2BfCM,,,DUCKYAHMUM114 followers
slywhale66411,slywhale66411,https://pump.fun/profile/2UknaPAYpAEP6mbxHRy9mcBgZCHPLWVijQsPBFGJ7Fea,,,slywhale66411107 followers
DustyDawnGhost,DustyDawnGhost,https://pump.fun/profile/7gJpGuVUPsZxnbM4g4JwX4QiBTb21WYspBYeAx6cWXLX,,,DustyDawnGhost103 followers
JamesMoriarty,JamesMoriarty,https://pump.fun/profile/2V3njS4YjGFkmkJYBgZQiXFnc15jTefsosLpAMNqo5ou,,,JamesMoriarty91 followers
layjellyfish805,layjellyfish805,https://pump.fun/profile/3Nd961CHCGr8zgzrJbssTX5zCeUZY5hcehJdC68K1m9q,,,layjellyfish80578 followers
icymarlin95414,icymarlin95414,https://pump.fun/profile/Hdt9QBUcq3hLq53J6dXj4BhXJNzpFh4YGQiHVJbB4cEw,,,icymarlin9541478 followers
TheSheepleFlock,TheSheepleFlock,https://pump.fun/profile/B5tVTruA4BLZQE7Ze8kWyCZyU1m4dTfRS5AApMExetHx,,,TheSheepleFlock70 followers
baverona,baverona,https://pump.fun/profile/27xdHiL7zCPkpmKNZAgJ1AX39pUL9HvkerLxkD4wxxG1,,,baverona68 followers
GuruBud,GuruBud,https://pump.fun/profile/bwysUf4CdqfxQfQcFrGyQHeSUD5Ut3LALFYbsTiiDnb,,,GuruBud68 followers
DX7828TT,DX7828TT,https://pump.fun/profile/Ga4hx8mhBvixwhQNgT1wJeokkUm56y6G6oAqqj8uiXim,,,DX7828TT57 followers
gigasquidcrispr,gigasquidcrispr,https://pump.fun/profile/9rcQ3JRxSpv4EMPixAZpPrwkwkQqsgZfKty25sTPMscd,,,gigasquidcrispr54 followers
333mane,333mane,https://pump.fun/profile/5fcd4bE2Ap73sEvuCyfCJnmrYuNYvt5EJCr56FQrbWBa,,,333mane36 followers
Soltranza,Soltranza,https://pump.fun/profile/AoQhsez9FxzbJuwhCDJiwCkDSYbvGv3khYAy8StH9R6V,,,Soltranza33 followers
coldkraken77796,coldkraken77796,https://pump.fun/profile/6AwoGBwMWkLHxySMopJ7q1ofbeUVZvG7iceWcppT5hsK,,,coldkraken7779626 followers
limpdolphin5163,limpdolphin5163,https://pump.fun/profile/4wQArGaZZ8xbaYhnUckneDYW5nwD7pA78q7gGdK6AK39,,,limpdolphin516323 followers
MildPaintSugar,MildPaintSugar,https://pump.fun/profile/B22Y2P1zHx7v8jECfDMJmWKHUbju4NYNkhpeqjXgijT5,,,MildPaintSugar19 followers
IzzyXBT,IzzyXBT,https://pump.fun/profile/2B8ZhyHkCiD4voUx6cHEEwBHtg9eBYbeDf2F51qC6JH2,,,IzzyXBT12 followers
7bp6jy,7bp6jy,https://pump.fun/profile/7bP6jydmrpUajyiKHyFDVuvXLMgqLadDzXXQkKy67XmE,,,7bp6jy5 followers
chefjin,chefjin,https://pump.fun/profile/14XRWvsngyxNHSfD6JvJqrvegvDjKouYV5gFqd6hjux2,,,chefjin17 followers
JayJay25,JayJay25,https://pump.fun/profile/F4buYTpZNu2Wqwh8drV8Y52k91TFmoYWjV2c4C7hoyNw,,,JayJay25143 followers
hindlobster9053,hindlobster9053,https://pump.fun/profile/HYUxp41b71fAccZ7c2ZTiSsr9VPDqwnWT4oyPtPDxutm,,,hindlobster905355 followers
EntryHunters,EntryHunters,https://pump.fun/profile/d8c6e1ae-3103-4eae-921f-beead2c48e57,,,EntryHunters26 followers
piouswhale28509,piouswhale28509,https://pump.fun/profile/ByysS43Yw7ZTnXJJeqG28GndGvovkAHKgSnnnqgAmWyc,,,piouswhale2850918 followers
Broc21,Broc21,https://pump.fun/profile/A7imYViBdyGZrRaxmpZ8fEGCXe1RrhozchJQmiJxM8AF,,,Broc21233 followers
TheLastTrooper,TheLastTrooper,https://pump.fun/profile/GpaMDs6ee9pEVSKNqA3BKaLnJdyDvqwq2dVrWdrRWKMm,,,TheLastTrooper88 followers
Zbagsfull,Zbagsfull,https://pump.fun/profile/BhTSDzxsG6CPKRDe77b9mQRivi14muNyGjg1WRzC6xL2,,,Zbagsfull70 followers
FullGrassRay,FullGrassRay,https://pump.fun/profile/BxX9onRpRcyjGCMDuur4QRxtcccZBJzi4E9S8dX35c7x,,,FullGrassRay55 followers
FernLinenLift,FernLinenLift,https://pump.fun/profile/G535u4pjZmXqsu8tV1Vy36XNsGLhAeJTYgsJ2zXLP8DZ,,,FernLinenLift15 followers
dylan_moves,dylan_moves,https://pump.fun/profile/6Feuf1QFY2TEvUaVCgSWBaYUuWvhd92Jf4Ah1ZEq2m7d,,,dylan_moves522 followers
FilthyBagZ,FilthyBagZ,https://pump.fun/profile/2vm5LDWj6DzUkX5Y5r5zZcqgctzuEW6RwuPg6u5cGmf9,,,FilthyBagZ89 followers
29tavs,29tavs,https://pump.fun/profile/Akjewo4wZopMSQ3fKkGkvLiGpfkcunrWk4nDb9MabpXz,,,29tavs42 followers
FunkSquad,FunkSquad,https://pump.fun/profile/d0e7c3a6-62c1-44d7-b884-6c03e32b437b,,,FunkSquad10 followers
OG_NWO_V2,OG_NWO_V2,https://pump.fun/profile/HCjR2b15u3YnW5qi2SFhQqxj194wm93HavnNE35abDUJ,,,OG_NWO_V26 followers
DEGEN0MIC0N,DEGEN0MIC0N,https://pump.fun/profile/7rZb8nHyqgw3cnx8iD2ncudy7ZAMmhV8LuffTLYhpMxJ,,,DEGEN0MIC0N191 followers
Flower_Bridge,Flower_Bridge,https://pump.fun/profile/9EWv5rBwSViyYRNTAEeiZKf3DhLeTzUSPCSpY7QCbbHE,,,Flower_Bridge131 followers
nickeggz,nickeggz,https://pump.fun/profile/4SyfHAUWxs9grfHGZi7kxzYqCMDLhju351295U1wBmwT,,,nickeggz12 followers
RiftLevelClimb,RiftLevelClimb,https://pump.fun/profile/AksCZhKHpHwtnfJKWRi3fKjWv5YyuCDxoK1Ygr3aRz99,,,RiftLevelClimb73 followers
downmanta72710,downmanta72710,https://pump.fun/profile/7eNRALuXYUJkUWTvRj5tcB7tcT43kmT5SNdkfy9fKTto,,,downmanta7271078.9K followers
tallsquid86573,tallsquid86573,https://pump.fun/profile/dATMod1UTXYzvaXji4mBsvXTeAUAC73TNJQAejKS54X,,,tallsquid8657392 followers
thisiszinger,thisiszinger,https://pump.fun/profile/6EAaPqnwT54YnYfCRyupN8rK25i2hbguBFcbfVQ8hGWj,,,thisiszinger80 followers
dryoctopus13357,dryoctopus13357,https://pump.fun/profile/5fkAwNVpT8A1UHEnY62VEFpqgagdoP8FYrv5ideiQp5c,,,dryoctopus1335741 followers
Central46,Central46,https://pump.fun/profile/7b0f2f19-46f0-480b-a452-c9c25eef4997,,,Central4622 followers
SregginVilleFnF,SregginVilleFnF,https://pump.fun/profile/3caaae10-50e7-406c-9ea4-80d8d2b3b1ee,,,SregginVilleFnF110 followers
Dtrain22k,Dtrain22k,https://pump.fun/profile/8rHXXSfvYtwKcto1FiRYJDJ4FpeC5bXhaZ93csTKLuaf,,,Dtrain22k100 followers
Tobexcr,Tobexcr,https://pump.fun/profile/CJiv9EtVaWss8oePmSxtyLwm599ZhNyv9FzcLSb6H7m3,,,Tobexcr55 followers
DareXBT,DareXBT,https://pump.fun/profile/DG6LEhEqUJ9F7bvw6ozMH3BgugxhdYARHuqL2YmFZ3Ah,,,DareXBT23 followers
GothMommymilk,GothMommymilk,https://pump.fun/profile/AmUQBHT5rnteJcZUGUgFE6S3c7zD6ftjSmJSkLeYsAtL,,,GothMommymilk377 followers
drivenkraken756,drivenkraken756,https://pump.fun/profile/7bahE7f9Cf7GUprWv48Z4BC2Rr5dsRaXyVzksLhZjP2w,,,drivenkraken756313 followers
trencchbaddie,trencchbaddie,https://pump.fun/profile/999zzLHsxtq7dWMfUKPwSd1Kd6ctHa3SD2owjhVpM8mr,,,trencchbaddie204 followers
vastfish62961,vastfish62961,https://pump.fun/profile/D6AGgHhuZL1qzczjw1DJPT5eKKzTBgPPiaLbJubEb3yx,,,vastfish62961136 followers
Bounji,Bounji,https://pump.fun/profile/5Ao9jhnK2nKNHTsjKaf4Pr9Cc9i3K5axpHQ8KgYwoenX,,,Bounji130 followers
hakvoort,hakvoort,https://pump.fun/profile/Aj8caiiJnc77yPdBvVE1ZFZknRbvCX9qDnPx1SeijaRX,,,hakvoort79 followers
SMBZ97,SMBZ97,https://pump.fun/profile/7vcGPo7uMLU42FKzwJrS7bHVwLJReieQ79pykRVJ4Zpt,,,SMBZ9765 followers
ChrisUniverse,ChrisUniverse,https://pump.fun/profile/DcoKip55wKFbR1zcMZoAjsLdcU9Zs9CzAzQWadzVByhP,,,ChrisUniverse30 followers
kanye_was_right,kanye_was_right,https://pump.fun/profile/GVT12WJY9G7nmfVWcdsTWDLA5D4N4jZX2ESXtSgySy9x,,,kanye_was_right29 followers
HOTNUTS,HOTNUTS,https://pump.fun/profile/FqmA7DiVWN8kGFhDrRikQTA3sbeC8KX2ndfBJg34ZZzE,,,HOTNUTS24 followers
AlertLevelDog,AlertLevelDog,https://pump.fun/profile/5L2KW2joL43tnthqWbfMHgSq7BMSbYy2aqBQuEjwgG8J,,,AlertLevelDog20 followers
BursaCard,BursaCard,https://pump.fun/profile/363RcKL1dAkmVAqM2vH6PAkPfKFQyNk8Y4LSfKubRe3N,,,BursaCard15 followers
DenimEvenShape,DenimEvenShape,https://pump.fun/profile/AapvENM6fVFt2iXQ6hyiez9gANqpg9oQzECyXu499y7V,,,DenimEvenShape15 followers
DeezNutzHaGotem,DeezNutzHaGotem,https://pump.fun/profile/88M2VZ3dPJsgXpkAtM3ZxsYp4AWWg7NqXLrgKktZv3Yu,,,DeezNutzHaGotem10 followers
yod3,yod3,https://pump.fun/profile/J1XAE4onKYG1kTghgaytnyFgR3otQs1xEnJRRWM3djSQ,,,yod3239 followers
slika,slika,https://pump.fun/profile/3VxZLALkyhbMYAWFW5qZhmxGYeojwjCbprapVyjsT4uE,,,slika134 followers
stalkfun,stalkfun,https://pump.fun/profile/StaLkCan99sSzKunhu5SoWYSMHFaprjDTJnbY351hi3,,,stalkfun194 followers
tokensquid92571,tokensquid92571,https://pump.fun/profile/9JZoiakpzxwh3xzabDrHbSr6QvBAMrdM58JW68NhAgrR,,,tokensquid92571123 followers
CharmCharmCharm,CharmCharmCharm,https://pump.fun/profile/FxVeAD97EAQBj3hKY2XQPrkUUYMVMfXdjPVm42HDGgGY,,,CharmCharmCharm12 followers
feedingotter733,feedingotter733,https://pump.fun/profile/5VD6YWXhv8YohVHfDz7KGMLEKJkP5JW2gJSL1ZxzHPKE,,,feedingotter73332.2K followers
hungryhaaland,hungryhaaland,https://pump.fun/profile/Ez2j6rjNafdzpwF8xWoXrVANnMDvtZ36cuuXQnXquSfu,,,"hungryhaaland1,607 followers"
CimBomBom,CimBomBom,https://pump.fun/profile/FspwLceRCSk8VUaZKbuZPnXgGfSP5XuxonRjE2CPbb6E,,,CimBomBom324 followers
SpotJoyousGhost,SpotJoyousGhost,https://pump.fun/profile/BA3nKHc4DoSANRrx4FcCupExzs6cWzw1wkPpqjnqJaCN,,,SpotJoyousGhost127 followers
SerJohn,SerJohn,https://pump.fun/profile/Ep2Cai4Dcj7A5NgwoiDTEbxnj2baWWWcP44VgnmxRdQZ,,,SerJohn103 followers
dryshrimp14906,dryshrimp14906,https://pump.fun/profile/Eh2nk3DSheitevt7EqhthgnqzuWDVxYvF3cEDhjbdkRt,,,dryshrimp1490640 followers
Cryptologist1,Cryptologist1,https://pump.fun/profile/8dxLS7NTmgABfVnxdnpRBc2EQErUQ3wtw1APbJRKZ4Fu,,,Cryptologist140 followers
Scorprocs,Scorprocs,https://pump.fun/profile/HN8ZPYkyV4rYSCH3TerynbRXrmnxUDbsZ5hx5GxGc53D,,,Scorprocs34 followers
queerotter34021,queerotter34021,https://pump.fun/profile/5DxSJt88LYpwceUrjyNbxtqRTNHDtpYq7H5gTbFEcUuF,,,queerotter3402132 followers
laysquid07349,laysquid07349,https://pump.fun/profile/6AB8ib2PySqWVif5d22Sa61PoUokT2TegoXsJzDFdCUF,,,laysquid0734926 followers
takashikotegawa,takashikotegawa,https://pump.fun/profile/EwgU13Q9NmtQCyvZxoA2SFbqe9dkWVhdaSe6JrSS3FWb,,,takashikotegawa25 followers
ButterDailyGod,ButterDailyGod,https://pump.fun/profile/HUNFgdzqzHtEevZCTE8UknWwjjGu6GjG6ZKXGftmy8BU,,,ButterDailyGod19 followers
TeslaInu,TeslaInu,https://pump.fun/profile/4QYAxZECoutK7fA7DSyzsD77HLXUV5C8LqYpx5LcASVy,,,TeslaInu16 followers
funwhale74608,funwhale74608,https://pump.fun/profile/H4DGmxSuXEJAmzij2W4RLdFVoN8QBWSUQSVFyLoNsAYY,,,funwhale746086 followers
tanotter09183,tanotter09183,https://pump.fun/profile/6HZEr7x8Njv5j16ZSyg93buov5T9KF1cqtC2AuNrm15Q,,,tanotter091835 followers
laxshark90879,laxshark90879,https://pump.fun/profile/2bsFBNnqSivLs3tZvdarxnjoUPicVg3UYDgvA35Yd2nR,,,laxshark908795 followers
sadfish04101,sadfish04101,https://pump.fun/profile/FoX7ngvjTG3KwMK7tVpbyFMja3VTAdTbRwXsxSsBVucE,,,sadfish041013 followers
Kunqa,Kunqa,https://pump.fun/profile/7W6FvFCRjN7WaK5oUd3p8fXGdRepLVM9VMVuCE5mKSMH,,,Kunqa38 followers
kingchilll,kingchilll,https://pump.fun/profile/5b6B5vYDR1nvFRHDFPhDgmEtn7dmvf8xCc7vzMa6gczB,,,kingchilll483 followers
crypto__brooo,crypto__brooo,https://pump.fun/profile/3MWsCKiDDX7rzfZwaHZH7oumG1HYYPKrhjFSJE1b9Hdo,,,crypto__brooo343 followers
chichigogogo,chichigogogo,https://pump.fun/profile/DWFAorWkoGpkZ7fkhPHXypEC87TQ53o3yDBJSndMeath,,,chichigogogo271 followers
rawoctopus42759,rawoctopus42759,https://pump.fun/profile/4npDgDGmDCRFUm8ZzWEG6mzpVYSj1yTLdJDpoGnanhFG,,,rawoctopus42759115 followers
Don9000,Don9000,https://pump.fun/profile/GiMS3Xc9nQzMBPgpTytSYe3UVCFB99EbRPre3k5GsTZP,,,Don9000112 followers
sunkissedvera,sunkissedvera,https://pump.fun/profile/DJeYJcD6PUnysAwHi9Cqk9VDT1NQ9kQuNXsK8ZmcggR2,,,sunkissedvera90 followers
warenbufet,warenbufet,https://pump.fun/profile/G6BATD4i65jTjL4vY8ASYxWCg4r4RPA7PQQ9yzigpjcX,,,warenbufet55 followers
starmind,starmind,https://pump.fun/profile/HDkgdfAW7VxxujXTopUxG5Td9cG9tE4guJWsci9dkrxL,,,starmind34 followers
elegantcombo43,elegantcombo43,https://pump.fun/profile/2DxQ8p4Ct2fAb4bpR22cGTJBngfLoNS6DscVjLYenEmV,,,elegantcombo4334 followers
castkraken26178,castkraken26178,https://pump.fun/profile/9HhLNKepBYJx4CLmatWD4PuQ7rHF6kXmzAzyF7pTbduT,,,castkraken2617826 followers
homer92,homer92,https://pump.fun/profile/6VhmPGHk2sfbDj85WAtK2XpunyCuPUdqHwb9dAuNMQGM,,,homer9220 followers
SolDazzlingFly,SolDazzlingFly,https://pump.fun/profile/7BXCiBXy7wPKb2ZfjgnNmC4yurMeo4hL5DB44fUm7t2i,,,SolDazzlingFly20 followers
widedolphin6744,widedolphin6744,https://pump.fun/profile/HtMYDcXFckFL8QRhaYoYK32MbRD68tJper6ABYdqjErT,,,widedolphin674419 followers
fenrisgore,fenrisgore,https://pump.fun/profile/2JZJK6u5QbJSRabpLK6gF31iYdHPYUCYd5nNWQAqVGWs,,,fenrisgore18 followers
caturndev,caturndev,https://pump.fun/profile/8TeagtuM21ywepyPb3L6UvtUGDA2wFA1VyGEEnCx9C9o,,,"caturndev2,770 followers"
Flashonchain_,Flashonchain_,https://pump.fun/profile/EAaiVqqfrVS3HcqJmLT32oSdiWm5hHB3cbX3UWvoJKxi,,,"Flashonchain_1,216 followers"
wagmikrakenlank,wagmikrakenlank,https://pump.fun/profile/7ZV54HcwtzRhZSEPskT8ox5hn9yNocK9xpe4BQXoziaP,,,"wagmikrakenlank1,012 followers"
rearsalmon21991,rearsalmon21991,https://pump.fun/profile/FE3sXBpbF7BKcFFYtgXK2rrvhy1neJ2NUj6aumLG54D1,,,rearsalmon21991451 followers
blueoctopus4907,blueoctopus4907,https://pump.fun/profile/1nc1nerator11111111111111111111111111111111,,,blueoctopus4907424 followers
lockin200,lockin200,https://pump.fun/profile/HKWeVrHoPocLAsFm6HGN3gqJM1DKEPz3VzzHyv17v52M,,,lockin200423 followers
rabbijosephwang,rabbijosephwang,https://pump.fun/profile/CyJVyMQsTLX7WeoKuHMMRM7suHRuiAMWrbPGjtSSnbaS,,,rabbijosephwang416 followers
Dorachan,Dorachan,https://pump.fun/profile/Go7sV8bH6QsT9NqK1WerjnpBjnSvesWkqD83jXT9kW5k,,,Dorachan358 followers
pcabot,pcabot,https://pump.fun/profile/8CeAfjjG6v8xaexLM86sxAr3wWA1qJyhawHsvyz3TQdT,,,pcabot358 followers
shadowox,shadowox,https://pump.fun/profile/8fjCDvBhvUwoxqRmHPLbwgsPkSHoraxhwoXRWUFkPhxx,,,shadowox309 followers
bulukutuk,bulukutuk,https://pump.fun/profile/6wVipd6uD8MpE1CZCC1tDkZg8Ec3uXXMpfqXRWWPHw2X,,,bulukutuk282 followers
kpstrives,kpstrives,https://pump.fun/profile/D5ydN4SdsXphvTPVczYjtEEVQSziGg6gT5VcxaYWYGGy,,,kpstrives253 followers
ahmatoo,ahmatoo,https://pump.fun/profile/7iVaV6pupfTknwJSuAsUvo2xEZe6ZvBGJU9awN7PQxo1,,,ahmatoo224 followers
ansem2nd,ansem2nd,https://pump.fun/profile/7wsdbdow83m21pUNMh5qroScCkryXET6MSgTDi2LnEwC,,,ansem2nd203 followers
whale__,whale__,https://pump.fun/profile/G5KeBuoDtmBrRQt9fMy29FCUSXDWMwHe7W4skfwDtURv,,,whale__198 followers
mr_chronic25,mr_chronic25,https://pump.fun/profile/DFs3RnoLhwDubFEWy6ZW8ygSc6JKqUqGbpQ5e7dgZjwp,,,mr_chronic25199 followers
sigmadolphincat,sigmadolphincat,https://pump.fun/profile/7KGA5MdMiDWjvEqcVRir3RMaLkBhjACf4DQboDYm8KDs,,,sigmadolphincat186 followers
quiltedtuna0071,quiltedtuna0071,https://pump.fun/profile/2PKjQATZBjR1udFbpiiJ6VCVYkWT9e5TtEhj5VJkNqzp,,,quiltedtuna0071184 followers
mack0012,mack0012,https://pump.fun/profile/BsKqvY9R8zBvRRXLX14bySfnPPfwkfGtjZCpDHJ4p9vB,,,mack0012180 followers
skr8up,skr8up,https://pump.fun/profile/9AoEbwKhHxdrzg6JrWHTKUAHruXin4E1GYh46CCe2ekV,,,skr8up178 followers
mr_micheal,mr_micheal,https://pump.fun/profile/Gi1riHerEGAsqkitkUy4uvJqGkRsf9ia3FArhHWjbb6a,,,mr_micheal173 followers
Goblin777,Goblin777,https://pump.fun/profile/AT3FVm44h5NRpF5j4wTAoihqvR53vWKPQwRw77kfeMM3,,,Goblin777169 followers
bigballdevboi,bigballdevboi,https://pump.fun/profile/9VPozuXeRi8FACAePmg8ckdSZkbeZfTJc6SqUDcKsUKm,,,bigballdevboi169 followers
theshack,theshack,https://pump.fun/profile/J9PQg6o6cBHD8KS9cN8RdjU4fmsx7ePL2wwtKDV9Qzvp,,,theshack162 followers
pfppumpbulls,pfppumpbulls,https://pump.fun/profile/CfvxprRBSkaJs7GU8tWNqPPDgfgvuNfxPDLk3AfA6oLv,,,pfppumpbulls118 followers
panda4,panda4,https://pump.fun/profile/7tfgUDuTqUPZBqoq7Xk4S8ZUgxU73SxNJDEhLRE4ge8u,,,panda4109 followers
producerofcoin,producerofcoin,https://pump.fun/profile/9SEGfMLgVd2Geou6QwrDwzS8Mr7aRChvp3twMEjkKzMU,,,producerofcoin99 followers
patiencewins,patiencewins,https://pump.fun/profile/DvuWDhp7uJrNDLes85L266HGGJs1MGcpPNMB4tuu1Pjo,,,patiencewins93 followers
maciusmaczanka,maciusmaczanka,https://pump.fun/profile/EMCG7GjmMZddExBaoKg2RqN1WYxPh7sYvAhtDe4Mxrmo,,,maciusmaczanka92 followers
barking_monkeys,barking_monkeys,https://pump.fun/profile/7xJRb6mUiUTnMobYVMWHnbys1NFhK25MmZPJLkwVZjLw,,,barking_monkeys92 followers
LadyLeo95,LadyLeo95,https://pump.fun/profile/2U6pjWjqsH1CMNCH5xwfEYZRwERPKXufPi7J6gd3Q8Sg,,,LadyLeo9591 followers
alexrblxdev,alexrblxdev,https://pump.fun/profile/Et8F8KJA3BcWCyTwLTc1gYgaYpWJbBS537J5tKagYkxu,,,alexrblxdev86 followers
TheGru,TheGru,https://pump.fun/profile/5WDtqsGieA9jBLkZUKbat1NVnBTP1mwwtQt45CV6MuJe,,,TheGru84 followers
alexchaddy,alexchaddy,https://pump.fun/profile/BD32MEuSoaozc4iQVB16KvYLE4jmXXrVu5PANc6eHfmu,,,alexchaddy82 followers
just_one_more,just_one_more,https://pump.fun/profile/9TduoCogVC6dbizMBHFRd14MxUxH1nCtSezBtwTBtkzk,,,just_one_more81 followers
ripealertetude,ripealertetude,https://pump.fun/profile/9HVvMpVGNiauFzVMcUQ9kXANFfqn1QbbEVpwZ3VYzrQu,,,ripealertetude75 followers
painchoco,painchoco,https://pump.fun/profile/ESpRGtbgGYwd2WsNp5DnUyybPB4ND8mCAJ7nPeAnkJcU,,,painchoco72 followers
themem,themem,https://pump.fun/profile/EpY9WPLFMuPqBapFmxrjnKGMBVXT1Q3HcsRaemQE12sA,,,themem70 followers
4doazv,4doazv,https://pump.fun/profile/4Doazv1EVz7R1znnWLV6BHpW4EbgfrLrjhYLoV5qrVjD,,,4doazv67 followers
goodattrading_,goodattrading_,https://pump.fun/profile/4gUvFnzu4GUrTw2w3NdUjfmpmjxE1t4U3ZzhWX8tnaza,,,goodattrading_62 followers
ultraottercoldb,ultraottercoldb,https://pump.fun/profile/CobjYAgikXt7eXajLBn1AGxp1888ptNkNKTLhCPVEe4s,,,ultraottercoldb61 followers
cryptiusmaxius3,cryptiusmaxius3,https://pump.fun/profile/CqCzUvgvAnrjTnFWcLV7RbG3uhGGsyig5ECg2Q8mbeev,,,cryptiusmaxius360 followers
pumpfun_forlive,pumpfun_forlive,https://pump.fun/profile/6iZM7LxLWkj2sXhbZuXXCjZmYW7T7rqeGzoABE4wR32k,,,pumpfun_forlive58 followers
2little2late,2little2late,https://pump.fun/profile/APffNS8QTyfgrJCrvtYbCQwkgRfeNYsN7yonADwKebdX,,,2little2late54 followers
drughunter,drughunter,https://pump.fun/profile/BnQYMKsL66WsL55Gdtvso6QqYay75shJNTWaKbYwmrGm,,,drughunter54 followers
GOODMEMES,GOODMEMES,https://pump.fun/profile/5be47s2sPV5bQGJhVxBMgjHcZiB1yzAZHCPT14ebo6j9,,,GOODMEMES54 followers
briskket,briskket,https://pump.fun/profile/8nFYDHcSRwTWWAvaPfsoipvbSmMyq4xuMUk9w6ZiNbFx,,,briskket49 followers
theecabal,theecabal,https://pump.fun/profile/HtCHGskP7jNhmTZNTTrk6itHU7mNYfJiUjYtdZuJSxjH,,,theecabal49 followers
ownership90,ownership90,https://pump.fun/profile/2MM3znRC2rn6umsbyWsNEKsP56unYKj63XW33TkWxSjU,,,ownership9047 followers
tokendev0,tokendev0,https://pump.fun/profile/61zhhFsVuKhJVevdQd2K8PKqsoYqNfJUMrpqoG8Epu21,,,tokendev045 followers
mr_dave,mr_dave,https://pump.fun/profile/Gi6hKimqypeBX4ohietiWKFka8XAmGmVGJssrn38P8YT,,,mr_dave44 followers
dodge1,dodge1,https://pump.fun/profile/HFSQP7VU7Cn7dAdT46A2EDqFQGA5pnxHP1tELr5pumDS,,,dodge143 followers
pillpopper,pillpopper,https://pump.fun/profile/3sCYKymNhP2mm9SQwcev3BK18ji7ezs4aN4n3aMgEfBc,,,pillpopper39 followers
Demigod369,Demigod369,https://pump.fun/profile/ErVoJ43qYU9SdrntMSooZFR5DnejkaKtLVrPQYCAQVTk,,,Demigod36936 followers
born2win69,born2win69,https://pump.fun/profile/GoZxqUjUJBzxd3MTSNBP5zWWGLvdd35wesSGcm2sYu7o,,,born2win6935 followers
growingorca6670,growingorca6670,https://pump.fun/profile/CsLz9NnHMcAjHzmmJcer2WsUT7zChR73PGXbMhir36FT,,,growingorca667033 followers
asparagussy99,asparagussy99,https://pump.fun/profile/AL7Pko9UkbFkKZYSFG6iG2u7Brw7527bkmo3UiAuzRMR,,,asparagussy9932 followers
ohmannnn,ohmannnn,https://pump.fun/profile/28B1q6C3XKSG5Eh9j1TxVT3A9Z5qJTwAutpArA12hG32,,,ohmannnn31 followers
insider20,insider20,https://pump.fun/profile/EfxtzHtG54b4atD18scRSKim8AChKU4t1XF4aixJSTsg,,,insider2031 followers
memetate00,memetate00,https://pump.fun/profile/73UmKNuuxjSQ3YAeVYS1KQ5j4GGnHFFTw2A8sb8HxVft,,,memetate0030 followers
danieldtwd,danieldtwd,https://pump.fun/profile/DAmFy2h9SNErmNZPefkwZDBevp75DxKFxiQMrZ3Wgxkb,,,danieldtwd29 followers
jark11,jark11,https://pump.fun/profile/CUpSGFqLQ6YVCnMLgt5U26jyn2ci38y16bbGjK7Jo76Y,,,jark1128 followers
hannahbanana,hannahbanana,https://pump.fun/profile/6yW6EdF2ASQ4RPhS8fpsDvYH6wCrN5cpiRBE6p4EPXak,,,hannahbanana28 followers
cmiva7ed9n,cmiva7ed9n,https://pump.fun/profile/97fVD4SLcrcTr16kdgTS9Gq5kJFaP3N2HXAEm1PJRKqv,,,cmiva7ed9n27 followers
rowdymarlin3065,rowdymarlin3065,https://pump.fun/profile/F2sB9TsFoQWTku4P6J2E4Ze9u6bquB2YPTjGJct8ihc8,,,rowdymarlin306527 followers
turnip_pup,turnip_pup,https://pump.fun/profile/Er6FKv6uURa3cDQW66FEHG9TfiA7ibtdU2of8hKQsGJr,,,turnip_pup26 followers
kintaragold,kintaragold,https://pump.fun/profile/HXq3uMSMNNtfxYDrkDjH6DUXaCXqybwZiECoJAUMhnXt,,,kintaragold25 followers
1solandagoal,1solandagoal,https://pump.fun/profile/3iEYjoPsuKhCL9Yz9wd6oAG1kSwq9np8j5K7D4bgbkLv,,,1solandagoal25 followers
pastey100,pastey100,https://pump.fun/profile/2zBgWEQvBZwq5HUFCtzYiPHQuWkRbuJq8VucztvfVYAP,,,pastey10024 followers
viralkraken8946,viralkraken8946,https://pump.fun/profile/2dZsMmtFfwuVLjzLrA61inM1hQF9danxskwe65LYYYeD,,,viralkraken894624 followers
fionathehippo,fionathehippo,https://pump.fun/profile/CJCk6tSn5VQKbP2UH7eKNBBrywupuuwDmiQ4b69mNSKF,,,fionathehippo23 followers
lovelyorca13985,lovelyorca13985,https://pump.fun/profile/8fUVzuwQCGFLu4MgFHv2hjRFS8pXvafuacHgSJKPYKzP,,,lovelyorca1398523 followers
jon13,jon13,https://pump.fun/profile/FYpXu3sSbbfb5yKKHgJZaKYeqwqNxuhPvK1aucbwrgFp,,,jon1320 followers
upepaluo,upepaluo,https://pump.fun/profile/EAHtn3aqjBFLEhNiLUhtZDCMy5RLqPyUEPnkjR4KiSwd,,,upepaluo19 followers
dujqvt,dujqvt,https://pump.fun/profile/DujQvTT5gKHVV7d4GL4UTCGizWy6SX4ns2X2K4j7sH4t,,,dujqvt19 followers
outwardseal3952,outwardseal3952,https://pump.fun/profile/HuGrvjfkxzSm8Z2EsA51SFbMaCmto3ZmpJR32T7261tD,,,outwardseal395219 followers
zenmantacentenn,zenmantacentenn,https://pump.fun/profile/Dga1Cd8yFPDKFx8Lsbp475cx4Ytu65X5172RyxNc43kW,,,zenmantacentenn17 followers
pixelworm,pixelworm,https://pump.fun/profile/4kp16K31rqrFZ2RXoLogrJLdVB98sopd254ahbMseekX,,,pixelworm16 followers
dannyboss,dannyboss,https://pump.fun/profile/APPXReGwxzz89U6qr5daYQ9sHg6BCgcRqjMJvdRko4Rd,,,dannyboss15 followers
band3,band3,https://pump.fun/profile/Hdcb8xE6Dfi2U77qME3dWwFFWCRfGb1FxQHdyiVYShbG,,,band314 followers
thomasscorth01,thomasscorth01,https://pump.fun/profile/AKBRDoD8SFcoXkWeUWa5MHCcEdYZYga2tk3PRC2KxDVX,,,thomasscorth0111 followers
dev_47,dev_47,https://pump.fun/profile/7j5pKPCTtZtFdkGpnY1NFf7R68NDUefFq3eXRHJBd9FY,,,dev_4711 followers
chrome11,chrome11,https://pump.fun/profile/5DddosJWpYxQnrPwctyUquUhH7d4KoQwG1wG9wVnovVr,,,chrome1110 followers
realwhale95768,realwhale95768,https://pump.fun/profile/B7WqjMScJXmfUYEnNM9GXfKgEB9xjx41xauLUErZq2T7,,,realwhale9576810 followers
derisivetuna263,derisivetuna263,https://pump.fun/profile/8PtRLWyd7zmub777hCHQHtVLPkqmpubR4hWXeJSuD8UA,,,derisivetuna2639 followers
owner11111,owner11111,https://pump.fun/profile/2jyV5L1DGvpbCmn1ZRf9fmuBHyb2wtBbyq6EG1i1Q4tC,,,owner111118 followers
farjx,farjx,https://pump.fun/profile/GQJej5yhhGFwGy33ZEkBcgJTc72Nr3ZAZPJy4LcMQ42Z,,,farjx7 followers
devvvclawddd,devvvclawddd,https://pump.fun/profile/Avx2ap9XEX3EAbyBx4nD3veZ1YTofEuEJYUhW5Y6uHR4,,,devvvclawddd6 followers
sigmacrabobedie,sigmacrabobedie,https://pump.fun/profile/5AxPHM7K7qN11cJ9VJcjcvdWoEyvtCixY2g4yvXL8AeM,,,sigmacrabobedie4 followers
0xheijum99,0xheijum99,https://pump.fun/profile/GZJV5vi7hmbn3av1V8oCv9M9YKE975J1iVnA5fbaCVNK,,,0xheijum994 followers
chillorcaunderc,chillorcaunderc,https://pump.fun/profile/5DSr4qSetCARXazgatunLSzuJ4CxSa7whsX86hYogX8v,,,chillorcaunderc4 followers
kklluuj,kklluuj,https://pump.fun/profile/5UqhcM5sEDRm6cUyPjMHgmQqEKXUYMZfYHHVDbsbxK7F,,,kklluuj4 followers
ensuingorca8709,ensuingorca8709,https://pump.fun/profile/AZ6yjutEMN3GoHd2wqHyVk3w9RhmF3bsgdKqUGBEvuco,,,ensuingorca87093 followers
deafmarlin01390,deafmarlin01390,https://pump.fun/profile/GvG45zKNQx5FymMtyGwvHoiNrvtBJZh1i9yTQQUCbEoW,,,deafmarlin013902 followers
Kacey79,Kacey79,https://pump.fun/profile/Cn3egjwVABcdbADeha4twPG9XD1HP9dUy4KzssntQpcj,,,Kacey792 followers
jointoctopus531,jointoctopus531,https://pump.fun/profile/JDYDpy11HChr3fimuwdBCNVqSppPuLUUMa8Q3JRmtkW3,,,
meekmanta06058,meekmanta06058,https://pump.fun/profile/GUaFyxD4SpMxFNxXErTzEcDiHgLimUeVRqfFnxiVMhVr,,,
icydolphin07177,icydolphin07177,https://pump.fun/profile/382QeyUv5TqyLzSW32TCawJS3snwBRWoCxT1g27s1xgP,,,
felineinsider,felineinsider,https://pump.fun/profile/3QeMyX7QFGiUFwn1e3SqVeuXogSxJp3Qb46yFEGpEsQE,,,felineinsider160 followers
Mute00,Mute00,https://pump.fun/profile/9w3GTbBAxxz8Ak1Uazitadr5Nj1S2UdWmJgFpEZVXGS8,,,Mute00100 followers
gimikFIVE,gimikFIVE,https://pump.fun/profile/23gnWwTUyfCgs4nsg5YHZy6ooE7FsqVVTFtzHM3MQyfo,,,"gimikFIVE1,188 followers"
momobeliever,momobeliever,https://pump.fun/profile/3sdZEVQTjkJUgnXkGUiDbkT8DxeKPeZBGW2AaBH7x3fM,,,"momobeliever1,107 followers"
HoodCabal,HoodCabal,https://pump.fun/profile/59da534c-5046-4ff0-b1d5-f71e1b60bae0,,,HoodCabal11 followers
CGSniper,CGSniper,https://pump.fun/profile/2K27ezZrBPeGWrmY2zWhLkCMcQo3mt3bRZGP8MsRgzg2,,,CGSniper82 followers
intactseal89924,intactseal89924,https://pump.fun/profile/DsBjcy8yy8yBqRncYaF8mFmvvEdMwjfkYYLSkJ6j93NG,,,intactseal8992476 followers
au2,au2,https://pump.fun/profile/EiNuEkeroXndVLCPNsVeWCXQu9TaiJUJutj9Q36ddkAb,,,au240 followers
ttrades771,ttrades771,https://pump.fun/profile/Fqu8iXtkENJbKHdhoUTXk3kZ2BqwdW7Vvys8MGAxYVWX,,,ttrades77138 followers
berbochey,berbochey,https://pump.fun/profile/B4eL9zHBKJ7uNJWhdUg92XbBiHGDdC9hz8dHYDJgiV8B,,,berbochey28 followers
bombocapital,bombocapital,https://pump.fun/profile/AhvazhpsnviCKmrDYy2XmWEVeJCpbwCRbAAV4CxR1htH,,,bombocapital21 followers
s2b,s2b,https://pump.fun/profile/7ASook4v78wuu7urgyEv897drKMpcYtok6yp3FVCUsLL,,,s2b20 followers
prokopton,prokopton,https://pump.fun/profile/FjgPnF7Uu1A12xnmxkdvuQsKb7PZaTUch3R2k3akZ8Zd,,,prokopton6 followers
daddyh14,daddyh14,https://pump.fun/profile/BJXjRq566xt66pcxCmCMLPSuNxyUpPNBdJGP56S7fMda,,,daddyh14393 followers
dimmanta80227,dimmanta80227,https://pump.fun/profile/D9tPQeij7vSTZwkxzxZibso4GFuRW8aBMpCg5QhCSfVL,,,dimmanta8022774 followers
TheTrenchArmy,TheTrenchArmy,https://pump.fun/profile/515a41e4-d44a-4f22-bc24-a0db6691ff99,,,TheTrenchArmy60 followers
factualwhale395,factualwhale395,https://pump.fun/profile/4hg3Er16JjyVA3CTArnMtwhbTtWufGaqSJ5WSg9UVo49,,,factualwhale39539 followers
tartare,tartare,https://pump.fun/profile/2feJq7S5FTePBsh37KeksYCAnrz61j6VLQGYRYJcxLaR,,,tartare23 followers
ttdih,ttdih,https://pump.fun/profile/EjayT5nMJ7qTjC5eKWVT1UtYFxtyy4ALenXYR82dP142,,,ttdih15 followers
Steve_,Steve_,https://pump.fun/profile/EbzRQ4VFd3D2oZFHMSMSP8yuyjGUL1vcAn9N46UtXxBX,,,Steve_7 followers
this_girl,this_girl,https://pump.fun/profile/8WE9nN4q7ocGtxuQJ769mUg9C89tu6fFVEm8H4vYXojT,,,this_girl352 followers
umadbros,umadbros,https://pump.fun/profile/d3148436-2a27-4ee8-8a5d-8a88f9eb2257,,,umadbros132 followers
guccibeard,guccibeard,https://pump.fun/profile/5rrf9yDbFNMzrV4hw7NAoH3iBZLczHPnRg4En16ad2w9,,,guccibeard118 followers
SWISHpng,SWISHpng,https://pump.fun/profile/DACsZJRRGBYDj2Gerfo2m2bR2qqMHnKfdDSYRLowsKmE,,,SWISHpng63 followers
Cattywompus,Cattywompus,https://pump.fun/profile/7EGfW8sn1NYuZEDQycgwoMFYU8vzbs2wZte5BRjE3WDb,,,Cattywompus59 followers
countz,countz,https://pump.fun/profile/6eVoGiEpuZhaQUEuSwi4hPUbP9pVRHHCfDprzynMYhwF,,,countz57 followers
jazzymer,jazzymer,https://pump.fun/profile/DxWrdBukvyYkfKRX6brgFoNKm7rRgs9CTqUMyo16Gn9N,,,jazzymer54 followers
wildsquidignora,wildsquidignora,https://pump.fun/profile/2wxBdueq9FaKLXe9eiEeQ1VDbRo5Fi7G2ug9mmriYN4W,,,wildsquidignora27 followers
CookMode,CookMode,https://pump.fun/profile/A5AXdxUdvDNYMVPvwy1SgYgQBnQ8PTJ2nsPjAmatSdW2,,,CookMode27 followers
Jade_defi,Jade_defi,https://pump.fun/profile/GEgpB1BsdUQG9vSDYakqZibZ6KHhzsNPuGbkhCxiwJru,,,Jade_defi27 followers
NipseyMFer,NipseyMFer,https://pump.fun/profile/3a5eTVbVRiQN7B7LoTrUftsh9NHNFuDKyYYrQb58MGUN,,,NipseyMFer26 followers
defigregg,defigregg,https://pump.fun/profile/4vK6YCELac3Pfm3FbTdP7VBMMsWjTYhXQBuG3y9VE8jq,,,defigregg24 followers
Headmentalist,Headmentalist,https://pump.fun/profile/DUdtdAMrwQMaASQyBN4pfLfmq4GJ6w6v3gK78PjEvC95,,,Headmentalist23 followers
Troll_Farmer69,Troll_Farmer69,https://pump.fun/profile/4W1YuazcvoA54eZUp2nNknhG5DAFgpMfSKyT4ZDGzth5,,,Troll_Farmer6915 followers
owlkingss,owlkingss,https://pump.fun/profile/8FwqRbWGD2H2j6FsQP3EjuJn1xKm1y1oqnS6gJSmX2hU,,,owlkingss10 followers
Cryptomemesiy,Cryptomemesiy,https://pump.fun/profile/Bnfdhe2UDsMTJQpYyH7ZD3MkudeCikXQRhhKhb1PiX99,,,Cryptomemesiy104 followers
makenbaken,makenbaken,https://pump.fun/profile/DjiJKVgtS3MrR9VasbQWMMZUpB4zsbipeKUJR1YLw91r,,,makenbaken486 followers
Mudachingly,Mudachingly,https://pump.fun/profile/6dZgwvLQCE6tryWX2Z77iBD5TqWM92jXH3aJQcP5DtPw,,,Mudachingly227 followers
fideliomg,fideliomg,https://pump.fun/profile/8EvvJMaZJVC4RHN5eoZoUUf5RpSGGcD6Rf8X4diNv1md,,,fideliomg155 followers
Cxrly,Cxrly,https://pump.fun/profile/EYZkG52HJn7YhEvBxBrMmMEpf9wfGuwRixN8xzHRq6Z7,,,Cxrly62 followers
Lazytrades,Lazytrades,https://pump.fun/profile/HJkdTY14BHaq2u1hDEi4kc81xv9fK9bYGyUb3t3hrG6f,,,Lazytrades57 followers
rogerscrypto,rogerscrypto,https://pump.fun/profile/BxuyasMb93gnxE3LqzJ1ed4TR1R1Vrbkhh3eN4wCcfok,,,rogerscrypto56 followers
durdn,durdn,https://pump.fun/profile/HXvD4KMPYtM5o6SwCifULzBhuGGfWKNvE24HHcDoZSG2,,,durdn49 followers
robogutcop,robogutcop,https://pump.fun/profile/H6ghh3EmT8AR7uEQGU92DtJCjcyCUwpYMch31cB12sDv,,,robogutcop36 followers
EnterPeponk,EnterPeponk,https://pump.fun/profile/8a19f72c-fb17-40da-855a-929de6726661,,,EnterPeponk21 followers
moonlobster3695,moonlobster3695,https://pump.fun/profile/F3j2W5i4ip62EDsfRLM9g2E9e9BXfUXBR8LqvXCsh3qr,,,moonlobster36958 followers
poorbull,poorbull,https://pump.fun/profile/28WrYVxqgTHRebqaoPPpMsfsHSjzftXfqxVqvMrbgwj8,,,poorbull772 followers
guyforgot1,guyforgot1,https://pump.fun/profile/9TpfSSL7EhEyRngswoYUYpgAf88AWGXK9dyWxrz6DcgZ,,,guyforgot1547 followers
chingflips,chingflips,https://pump.fun/profile/7e7KkSv1wP4qGTbsuqVtWNDbeWKmFR9zf9321ioKaqyv,,,chingflips340 followers
GainTrain69,GainTrain69,https://pump.fun/profile/CUoA5L8Vd4X98fBhb2F8qyC9PeGRPtGNKhbspfN759L7,,,GainTrain69200 followers
holyoctopus1251,holyoctopus1251,https://pump.fun/profile/9ty832jtyDqQ3bfMt5wVCf28jUX7HrqBV9KSnqKrq7RU,,,holyoctopus1251188 followers
ggxyz,ggxyz,https://pump.fun/profile/7VvHnARZbGsgtWWoFfZamrDxEDzSVUs9jgSQ2ErAnFzN,,,ggxyz95 followers
davisteraz,davisteraz,https://pump.fun/profile/G7sJkmTPMaGaeUon4ZSEW1NhhfAYvUjF25cq84MhQjUn,,,davisteraz25 followers
fittuna21466,fittuna21466,https://pump.fun/profile/4a1LLw5BFNksVjLv8kEksxwbKuJFis1AgdhYu13fayXc,,,fittuna2146610 followers
Mishgun333333,Mishgun333333,https://pump.fun/profile/WJWQRpigXNgnMH8wdjLuo5XfuY3sk6WHc3DAaBXf8Vx,,,Mishgun33333378 followers
waigy,waigy,https://pump.fun/profile/DrEXptHkBFQN7tyRAQXQWv9wXPxJkU3pyCN4ougPo4M5,,,waigy31 followers
Arsmodey0x17,Arsmodey0x17,https://pump.fun/profile/KwKeeX9PsRt8Ynno2iaqGNJXZJdVYkftaXf5fNwVEDJ,,,Arsmodey0x17111 followers
brnzto,brnzto,https://pump.fun/profile/AELJqv49aUkr9d4NTRLH7oTCZPgtYLUz2bmkmkYyQHnK,,,brnzto191 followers
trevvy,trevvy,https://pump.fun/profile/GjaUnv8db9nxxyDdQr5mfxkNCfCKKttUH5ETjKioXKfD,,,trevvy319 followers
brownhouse,brownhouse,https://pump.fun/profile/789feV577habwDx93B9m9bSDaMq3p6qPnTz2NcvGr4bu,,,brownhouse261 followers
cryptogirly,cryptogirly,https://pump.fun/profile/HK8uGeNcxAh6nyCga6eEJKy49hpxkVybgKrbMEueNJHe,,,cryptogirly68 followers
Thedaddyofmemes,Thedaddyofmemes,https://pump.fun/profile/95qFhMKQqCUGTc3K8KNf19cBGiU2suEqePTPVinZgpEf,,,Thedaddyofmemes33 followers
ZenWaveRoar,ZenWaveRoar,https://pump.fun/profile/Ho3N7SnEtLj3KT5Wym4sq5GXE7gQaNmQLKZTkTScJg7R,,,ZenWaveRoar101 followers
catszndev,catszndev,https://pump.fun/profile/FQyULHWmNE9wX6AtivKwYqEQjDpPGTAF8EaNqPsMU89h,,,catszndev52 followers
VANDERz,VANDERz,https://pump.fun/profile/Ci3aJr6jsai848qbaF2EHxVj12RXFSjDbFXRXvXPTKrq,,,VANDERz23 followers
apeonfonecycle,apeonfonecycle,https://pump.fun/profile/EmxhsE5eJF6TZ8XJy7hjizjpACirUqpwFGkK4E2euZMP,,,"apeonfonecycle5,340 followers"
jewonsolona,jewonsolona,https://pump.fun/profile/D2AbLAd1NttvHW6vFVm4CnfwNL1B7MViMKPR4KCRc7Fy,,,jewonsolona111 followers
ShamelessD,ShamelessD,https://pump.fun/profile/Cz7m3Jrx95UKCyNyDVmzdUL1AuPQ77K8q6vPE4vDp92v,,,ShamelessD45 followers
notcharlesread,notcharlesread,https://pump.fun/profile/ByCeAYs54n7gLTYMYkWiakrM9r7eSXVahT7KrgYvrHMV,,,notcharlesread33.1K followers
menacingorca682,menacingorca682,https://pump.fun/profile/EpTEt8zmLVuqed5AEQMWbi6eaycQht4z8UDYrAws71cq,,,menacingorca682399 followers
xdxdxddx,xdxdxddx,https://pump.fun/profile/FZtSwro93QJjvMnihAzmTyihmGWGKEbim4Bmn1zAMApy,,,xdxdxddx359 followers
Ikune,Ikune,https://pump.fun/profile/KBuPptEwPy8nx7GrcF3X9mBR7JsjyyX8hdpcaEbBXFX,,,Ikune263 followers
dumbassquant,dumbassquant,https://pump.fun/profile/dumbU7CxBpL7ifuRFaQmae299uh8xzVpUXUL7bRMjRf,,,dumbassquant179 followers
ForeignWhale9,ForeignWhale9,https://pump.fun/profile/8owCuUXDz2mMDpGD4fbn9mWnWdopGheDuhyv1RR7JV8Y,,,ForeignWhale9108 followers
BrianGTrades,BrianGTrades,https://pump.fun/profile/3u387CfnuHZwJS9drTjQbzU976RB6tVWArF3B7CKiKsi,,,BrianGTrades18 followers
swiftkrakenpowe,swiftkrakenpowe,https://pump.fun/profile/AG5dvwtY3wVktj4sL5W4JaQQqefXZm7xDW4rnFWV5H23,,,swiftkrakenpowe14 followers
SatinChalkBull,SatinChalkBull,https://pump.fun/profile/Hiu1ZwqeQ56zazA5TyPEveS1NnSDqg5MARa6CgBFQo61,,,SatinChalkBull2 followers
user91391349,user91391349,https://pump.fun/profile/Ejyyf7Mbp1tFLxVLWRZLLyncfy3HwHGykQxcYbiZPK3t,,,user913913495 followers
DefiantPineHero,DefiantPineHero,https://pump.fun/profile/2z5BgQtJusxGhtTx4HzfKh5pWfP39S3mMcHLSfGbPs5e,,,DefiantPineHero672 followers
z1nger,z1nger,https://pump.fun/profile/4fyQKqhP3nY44hoDXhGPbz1QTYvGwdmSc5XKmht9kx8u,,,z1nger309 followers
UnhappyTrail,UnhappyTrail,https://pump.fun/profile/76gWt8FP4y9Cf5v2dUYSkRKMVK6NkDf4AKm3Bi6DuGrN,,,UnhappyTrail247 followers
cryptocosmo,cryptocosmo,https://pump.fun/profile/DJtQxbPkFeMHEz59x8nfdi79KWZHzJAdPoy2pCj4He1N,,,cryptocosmo14 followers
goy67,goy67,https://pump.fun/profile/7e29mJ73QDAZJ9mRSQ1QewTi6hzFAGi8JG5ftpydWngs,,,goy67545 followers
thejewdude,thejewdude,https://pump.fun/profile/91DtTUtSNPoDHjBNHKo7Avk5xmBzS4a7dorYWpoR5fjW,,,thejewdude189 followers
sharpshooter69,sharpshooter69,https://pump.fun/profile/J257TA469BXpdisypTERWEvYmqj5CYF9o39ivo1C6Q3E,,,sharpshooter69269 followers
FlatPlanet,FlatPlanet,https://pump.fun/profile/AKURkMQrhUK1dUChWm3onGuGhM4Z6jmiA54FS2wKusqN,,,FlatPlanet181 followers
Miodozer,Miodozer,https://pump.fun/profile/2xMfVG9szWckq1ZVWJqmCgmRwYCaH74QGu6LRaBW8rty,,,Miodozer124 followers
fawithefawgot,fawithefawgot,https://pump.fun/profile/6NGN6KyYdzptusgeg3fWSC1CKMDz3b9nSGDrxYAjzUWa,,,fawithefawgot124 followers
chainszy,chainszy,https://pump.fun/profile/ACZwjiTkNSUZenWEHNCHYui5mAcYWPEnLfQhSxjjcvDr,,,chainszy96 followers
darkchocolate,darkchocolate,https://pump.fun/profile/6pjfwD9apMvPvCBEikcjnEGc1GEavcxqeqbvLKgcgpmn,,,darkchocolate23 followers
novelnarwhal137,novelnarwhal137,https://pump.fun/profile/71CBfHX36b2wNjeBui59UDwzFWW6SMemHWWzTBWSxy4t,,,novelnarwhal1379 followers
lorememes,lorememes,https://pump.fun/profile/SjVxuVwniGvd1ajQyWSeJpmL3Fo3ZTegV1dyABphXEQ,,,lorememes186 followers
soiledotter4424,soiledotter4424,https://pump.fun/profile/5qzWSVW93ZZjVDdCFBuoeCoxJayux2B8xY7etXMy4PA1,,,soiledotter4424135 followers
icywhale62443,icywhale62443,https://pump.fun/profile/HCWmarS8QEDNCcJXQA6YkvWDnFaP4B5h9J7QuPGeGdtZ,,,icywhale62443117 followers
sigmamantaforth,sigmamantaforth,https://pump.fun/profile/WxT9mRTXyuLsgRuoq4iPc7dzmxwmzZ8wWmmSgkTC9qU,,,sigmamantaforth97 followers
swiftfishsearch,swiftfishsearch,https://pump.fun/profile/52bANC2bsn5mYthLXinydqscS8ToYnjyBT1ersDiw1rF,,,swiftfishsearch43 followers
sourpatchbitxh,sourpatchbitxh,https://pump.fun/profile/9VG7onRGeqmM4jkJJE6aefqAT1MZQ8FU6M9z1YnciWep,,,sourpatchbitxh6 followers
sterioric,sterioric,https://pump.fun/profile/AcU7BK4Ec6WLx9nxXA4Dtx6E6S2MqCwratn1WjxsX3ae,,,sterioric727 followers
lahorcng,lahorcng,https://pump.fun/profile/EGg2VXuYCHeFds7vbX5qkgQwo4nsVCea2sLZYKGYDivX,,,lahorcng584 followers
astaroth_apedx,astaroth_apedx,https://pump.fun/profile/BVzB6xBFiReAxd7mB43GRhXfrDCaFBamPXnaWEGuJt7H,,,astaroth_apedx510 followers
WIGGLEMAN,WIGGLEMAN,https://pump.fun/profile/3PhVQs4expTDHRSsURN2F1RVNYxaCpN4BuWM6LYREgPe,,,WIGGLEMAN507 followers
Babatimm1982,Babatimm1982,https://pump.fun/profile/C6aefHzGNppDBAbNZQfHUpjz1bwGzkKT2rjEkh7HsVMj,,,Babatimm1982392 followers
zenorca02424,zenorca02424,https://pump.fun/profile/4QwJ4AXMtSjnCwgM9kiDpsGtXmjEd3hAVRkDg3o3bDQs,,,zenorca02424391 followers
mophi,mophi,https://pump.fun/profile/mV16u6P8esUtHXGPxrxM279rEG1twXX2t52kUPk2hCa,,,mophi389 followers
__luxury__,__luxury__,https://pump.fun/profile/96dW7EDuEK5BhDmqxFJEJh68YxDHD21cjaXpzP8RCbZC,,,__luxury__366 followers
bongacamsexper2,bongacamsexper2,https://pump.fun/profile/Azj3DXmMCwnZryCH8ZjBMrQ4gFqzxvSe81S6zhLzhsjA,,,bongacamsexper2316 followers
izi66six,izi66six,https://pump.fun/profile/DLdesdhCVmGBLFYJATy21MHEauGXvbpvziWeesDzGJkv,,,izi66six311 followers
argonoid,argonoid,https://pump.fun/profile/847Q5eF6uMgUsYQ2uVHxAK62qW1W947AgFqv89zynhL7,,,argonoid300 followers
HailSolRice,HailSolRice,https://pump.fun/profile/Gr5vrw7YTtod47TMt8kbcWiyYe37aiEKs56qQJFQj46V,,,HailSolRice279 followers
jeff_k,jeff_k,https://pump.fun/profile/5a1kLJrDxg2X3u4Zu5p72xWSdEB8p8cfVTNWvEs6AVT6,,,jeff_k269 followers
Assologist,Assologist,https://pump.fun/profile/5DxkKi8QS88UWsFJgwdX25nQVoPYcWHNxZM6ebyFQSB3,,,Assologist261 followers
saltycook,saltycook,https://pump.fun/profile/FM3uJCDCq78ig73LbXgueqjNUYapQPNgL3VuFF7sNtxq,,,saltycook252 followers
unbrokencrab443,unbrokencrab443,https://pump.fun/profile/F73LAQ3x3dYETwQqFbKe3i1QHc9JLptAubAKAX9NVDsK,,,unbrokencrab443251 followers
barnsrebirth0,barnsrebirth0,https://pump.fun/profile/Hgg5PieErK1Q3q4gcRZF2hTCaLXHHz7NwsWkh3ccwD7j,,,barnsrebirth0236 followers
AreYouOkayImNot,AreYouOkayImNot,https://pump.fun/profile/HesB2jDfhgA7Bwoo3AzXZWkFn9SQkQMr5Ln8UMAwdLee,,,AreYouOkayImNot220 followers
solcrow,solcrow,https://pump.fun/profile/HoE9o1jw6ewCsorWDe3Wz2XtdSogAcGHtunZuLLt3Dms,,,solcrow211 followers
notjoemccann,notjoemccann,https://pump.fun/profile/5P6iXy3NPfQJtgrgLoq2ZjoNBGuG5ofNbBaUze1KVfDf,,,notjoemccann210 followers
orbitalsquid949,orbitalsquid949,https://pump.fun/profile/6Figrc4ZQL2TNmf1AeriCJkophEV9zeFJxaqnVP4Ro19,,,orbitalsquid949175 followers
jesusislord,jesusislord,https://pump.fun/profile/7Pf28LurJAGLZMNjJkhqzth7giyfCqpMwMNP3PMzYDSt,,,jesusislord167 followers
seibull,seibull,https://pump.fun/profile/2rXu4gve3kfY5iqmBgrzVXMgBftUWrgqXHxxJtTTrqXR,,,seibull165 followers
Bart_da_charts,Bart_da_charts,https://pump.fun/profile/CnHyDC8zEMVVPXwWWX1msm9Ee9MftwGGdvdtXkYNN3jR,,,Bart_da_charts154 followers
RunnerRecon,RunnerRecon,https://pump.fun/profile/FVK6Jyc2xjAw3GEqu5GhRnwWVKAxGkERShDKpUsy7CPn,,,RunnerRecon137 followers
degensharkknott,degensharkknott,https://pump.fun/profile/64DGBF4sYJSqdBLQGp7DRfha5jF2wuk5RHCbgDz7xn29,,,degensharkknott134 followers
IApeMemes,IApeMemes,https://pump.fun/profile/6QAqPr36syxZ8WGDofU5pQ8kRaMM2ZQ94GVvQa8hjFu7,,,IApeMemes130 followers
Fadeifyouwant12,Fadeifyouwant12,https://pump.fun/profile/75bvENTSLR2GJPD2hJHMT8US2wpFRk65cKxdoGdPJ5Dg,,,Fadeifyouwant12127 followers
firsttxn,firsttxn,https://pump.fun/profile/FoDhGPF4m4u9Ds2UDF8CxDbfotwR1EuT6CcEuEsu4g3H,,,firsttxn118 followers
profimoto,profimoto,https://pump.fun/profile/4RyoEkX1mYN44t8JSKg5bUsgzmLFJfg3jpr2yrEaTTrm,,,profimoto118 followers
flashyotter6501,flashyotter6501,https://pump.fun/profile/EpkJvaKe3Y8iqQm4JdQsSpEU1nvAnJ1uugbSQumYbkoJ,,,flashyotter6501108 followers
HIMMYCALLS,HIMMYCALLS,https://pump.fun/profile/AGBYUikDRz9JMnSDd74WvBRf4BbpUAydVaQ1iWhVj3Nb,,,HIMMYCALLS105 followers
lowshark40201,lowshark40201,https://pump.fun/profile/3ricXXziD22sZFyecy12L3dbYLH5Dep6scaHVdL8JdFz,,,lowshark40201100 followers
fukkabal,fukkabal,https://pump.fun/profile/C6gGe4wwXSihMJcNiQ5G1e4ksmtioqgD29a1Y1cSwbce,,,fukkabal93 followers
Poeticape,Poeticape,https://pump.fun/profile/CAmNcBJ82xr1tzXrwZ6tZKwEFs26TG8kT6dJeR1bxjW9,,,Poeticape93 followers
ifelse,ifelse,https://pump.fun/profile/Bt4PqFtUToj7YLUX23r9pgpZbgwiG1rJ8TpvNtk78NxZ,,,ifelse77 followers
slipperyyy,slipperyyy,https://pump.fun/profile/74UBqJfp8dwHmVh8W7SeHQh1KZo7ZMF5YBgCJf5N8tpE,,,slipperyyy70 followers
MoneyEat,MoneyEat,https://pump.fun/profile/G8u8YFw7vhFgqcBW2fjbVWNgG7up7FD4cDWFUDCEdQqS,,,MoneyEat68 followers
ononononon,ononononon,https://pump.fun/profile/BCG22yGm7jhPUdGkmtjvypCZpJ5c63nStyyGJFpzwMR8,,,ononononon66 followers
trenchconan,trenchconan,https://pump.fun/profile/31j5whyH5oBoz5UgnsgbSN64efejspNaru8XzF1S8gaE,,,trenchconan65 followers
Gilberts,Gilberts,https://pump.fun/profile/G9hKqrJ4aX3VjmFkseNyVLHdUzBDHVa4Y3frdPumJLQJ,,,Gilberts58 followers
deepmanta98622,deepmanta98622,https://pump.fun/profile/BpH4h6pdVCcdTH7EvHMVK6YcrJPykPx9wJYPzYSbD2cX,,,deepmanta9862256 followers
I_AM_HAROLD,I_AM_HAROLD,https://pump.fun/profile/EFxeDXfhrTdtWM1ZuKsZyMetbSXGpByL5gVe27VyU21m,,,I_AM_HAROLD53 followers
PiquantPieHope,PiquantPieHope,https://pump.fun/profile/7d779dsR1873AxqZwPJrfUs2ftuSwvSkVFTUK9gFM52C,,,PiquantPieHope53 followers
kingnoel,kingnoel,https://pump.fun/profile/81ZyHtiuR2JgDSUPGYGpobHJVA4rsGg89FRXnkwiep3a,,,kingnoel50 followers
poopsy__,poopsy__,https://pump.fun/profile/D7bytfevzvjhDZrW28GoL2ttiqGrCPgBU6F96P2NKNuX,,,poopsy__49 followers
FAHHHHCTO,FAHHHHCTO,https://pump.fun/profile/9P1GMydEtdLT9PvJ8LtmCu4JzMZQWXgMiKEr2YxFYcmt,,,FAHHHHCTO48 followers
smallzy,smallzy,https://pump.fun/profile/GR2RsM31d2eTghNHSTfv27nUGh66r6UfZTgPWwG3P3RL,,,smallzy48 followers
fullybundled,fullybundled,https://pump.fun/profile/FTE8N1nwyBu3hDkE3CD3X1MounmsFm8Q2XAYS7XFfPVd,,,fullybundled46 followers
Capsules,Capsules,https://pump.fun/profile/8uQr3gv3f3dAAoJouvTo7wWYDU1AXGVDkBcvq7kzDCDj,,,Capsules46 followers
doodle12,doodle12,https://pump.fun/profile/4AUmuXH8fD8Y3Zw3YEfpThLLdH8RyHntTB9iTxKbqB5a,,,doodle1245 followers
stationaryxcd,stationaryxcd,https://pump.fun/profile/cj2u9GxBtgMFXcVxniHZKyodD49SDNLERbNh9bymgJP,,,stationaryxcd43 followers
rarestarfishnat,rarestarfishnat,https://pump.fun/profile/9UfW1DAJEWHJv7t23z4THX26Zxyw9WWm8zirkHrDxN6w,,,rarestarfishnat37 followers
wiggermissile,wiggermissile,https://pump.fun/profile/F1D4Vwi1ExUtH91BWosFKaqH5g7goTc8r9mRQcWhnMTc,,,wiggermissile36 followers
sharedfish64012,sharedfish64012,https://pump.fun/profile/AbUvJ6odu16whVEunUUnaeEYht9dfzz1BCaMsrcdTxpN,,,sharedfish6401236 followers
fairoctopus1112,fairoctopus1112,https://pump.fun/profile/7xEEMj4GnTu7pqvbTcVyrwuaQt1YkH8zrXfXyR3Bj6df,,,fairoctopus111235 followers
padi7,padi7,https://pump.fun/profile/2xgupnpHUSwx5E87hetM8MmaA9bDcGXgBFT6asAAwVdt,,,padi732 followers
sigmawhaleinnoc,sigmawhaleinnoc,https://pump.fun/profile/4yq5wp1t9h2EDuNjnbxJVKLC7f1S7FRPUSL7Ro4jyB7H,,,sigmawhaleinnoc26 followers
rendear,rendear,https://pump.fun/profile/BgyJ6n53fX5gEaF44oN7wPhYPBFE3uzL4PwB7HUbFz66,,,rendear25 followers
RibbiFans,RibbiFans,https://pump.fun/profile/5KzWbdWHW95AxniZbgmo7W17nxopmKjzXmi4hVBbqwCe,,,RibbiFans25 followers
Dampe,Dampe,https://pump.fun/profile/9szmqp8RBoxdx7ufHRpQ42UPb7em5aU8WzUB7NfKhSjV,,,Dampe23 followers
_Pumpius_,_Pumpius_,https://pump.fun/profile/DUSF4TGdRCVww16eDyYkHidoVS3nuQVTA3bu1w2CayD5,,,_Pumpius_22 followers
BAYC5511,BAYC5511,https://pump.fun/profile/7j1D9pQq6cBaJJJT9qtz7vANDEMog1L8RVA5hcdEioW4,,,BAYC551121 followers
thedustguy,thedustguy,https://pump.fun/profile/E9dpm8h8DAm7DUJBdfCu5GpytZYv9Wbd9DFKRz8Sh9L2,,,thedustguy21 followers
0x_iki,0x_iki,https://pump.fun/profile/EDhku8W8aUUWcK5ih59xtRMJVhFRSerJTfs3EfESjVRu,,,0x_iki18 followers
kendalroystar,kendalroystar,https://pump.fun/profile/6yTa1gUi4E73VaBiqf47PvsaK3uosygf36EWR35LbnGt,,,kendalroystar18 followers
pronarwhal96067,pronarwhal96067,https://pump.fun/profile/3S9iG11TcgticxKqLenoWL3bKd51NXe8XU8Uou6HMXz5,,,pronarwhal9606713 followers
hindowg,hindowg,https://pump.fun/profile/49F9dxZQJU1PoEyizmHXAFmNT6BCu8mokrbVy6fgvBY8,,,hindowg13 followers
humbleorca83793,humbleorca83793,https://pump.fun/profile/GSyq3UUSe8fgGHhJYsYUp5H66NNY9akTi2HCXmR8B7BE,,,humbleorca8379311 followers
fjdbdkdndb,fjdbdkdndb,https://pump.fun/profile/88mgyVb31uvMs2cQ9k3Z9Bgvgcz8t4WXQNM224vdPWHg,,,fjdbdkdndb11 followers
poshsalmon48654,poshsalmon48654,https://pump.fun/profile/8DzLjtNmCYhXmzQUSBy8SdtPso2DWXWKGA4LDTh2iyre,,,poshsalmon4865410 followers
GemGiantHero,GemGiantHero,https://pump.fun/profile/485MC21hdcpwsPn6ck4ooJbRKjptN1F1cXug34gWE4Ju,,,GemGiantHero9 followers
WildNineGruyere,WildNineGruyere,https://pump.fun/profile/5xc7qEHNc23rQxf7hW88rTHJa11xxjHxQbMNHuZLD9YF,,,WildNineGruyere8 followers
WagmiAshLime,WagmiAshLime,https://pump.fun/profile/47ZMiYJZ4FsnJmGJdg9vuBEynn2KgUjM4UhLeCFoaB9h,,,WagmiAshLime8 followers
GemWestFunction,GemWestFunction,https://pump.fun/profile/6F2937vtEZQBTKD67Xg9PbKUoCuqgSBHmgVHqcip6zgv,,,GemWestFunction4 followers
airysalmon18665,airysalmon18665,https://pump.fun/profile/ChRNWzkA48xnmHALYo3qoFSQeSHgGVKBqbYyBvJHNfcb,,,airysalmon186652 followers
ALXHasFOMO,ALXHasFOMO,https://pump.fun/profile/FHzJ4YscJuJSgPb4kxjxzFi8Tiihh7u67aZAbDvJ4Xxi,,,ALXHasFOMO441 followers
SamClarke,SamClarke,https://pump.fun/profile/GyubevNcPk3AJXzNuCrPYiY93kgChPgZaVfAgWUc554U,,,SamClarke352 followers
wispystuckwilt,wispystuckwilt,https://pump.fun/profile/JDNqbRmX8Dw1cZTLhxDYopxLg63UQoAq4aXYEc6D9NSx,,,wispystuckwilt264 followers
ARK7,ARK7,https://pump.fun/profile/7T6B6avexmB9pPRgjz6QvGLRkgNb5QeekJjz83KfWg41,,,ARK7193 followers
jujuxCrypto,jujuxCrypto,https://pump.fun/profile/4WPqft1QhWivZDMTke2vfhqKpquJS2tKVsdgmZELQG1U,,,jujuxCrypto70 followers
trendsetter_,trendsetter_,https://pump.fun/profile/2MjXAr3oPakGZfqdu9Co9PVRzvNTyM7KZuSGf1ZNVywi,,,trendsetter_36 followers
_pumpmybags,_pumpmybags,https://pump.fun/profile/Evi8RYpJo7XZVqbc2sjBZxLFfUHdjM2P4LKHDcdjWP71,,,_pumpmybags30 followers
nttsj,nttsj,https://pump.fun/profile/95DmeCJPWHprwKLuCzj3MpbnedoTTqj3QQTNjpPsHobs,,,nttsj28 followers
pyare,pyare,https://pump.fun/profile/FKj9yA8utyL1VrgFVGSncB3AsAqkLcyafFyDR8d9K5k,,,pyare25 followers
RareCornerWind,RareCornerWind,https://pump.fun/profile/FQqSaAdEsDUwwmgMcTNK8A3dGt8q9m5pHV6dLmPqeRuF,,,RareCornerWind7 followers
Goodcalloutss,Goodcalloutss,https://pump.fun/profile/076703d5-16e8-43ac-9abb-6a30fa624802,,,Goodcalloutss5 followers
6lim3,6lim3,https://pump.fun/profile/6m8h4ru2gHuPiwMQGopuopJpQKN5NeBADqbkbQi83Chd,,,6lim33 followers
greatcallouts,greatcallouts,https://pump.fun/profile/Ek1T7LtmgwqsPuaDHumubEwYPcPFGVnqLoKqs24ZdYSj,,,greatcallouts3 followers
404FNF,404FNF,https://pump.fun/profile/7e1f761f-edd8-4151-ac76-3b6962f3b475,,,404FNF48 followers
blankotter96565,blankotter96565,https://pump.fun/profile/498g1rVnFcnjBjpfw1xyqA1WvgQXUU8RWuELjxkjAayQ,,,blankotter96565886 followers
growingtuna1520,growingtuna1520,https://pump.fun/profile/timeworn2X1EwMLSzeVhdVTbVSzSCKuibKd2kQ2Lsyn,,,growingtuna1520846 followers
goodsalmon11692,goodsalmon11692,https://pump.fun/profile/6t3EBNhKeei1zFc8yqrGvG94yxxyNo6msQDs3CjUAKQw,,,goodsalmon11692263 followers
legalkraken1540,legalkraken1540,https://pump.fun/profile/SAALE2x3sn51EyahJyqD6913L3GqHZdZo3egUdMayQp,,,legalkraken1540178 followers
bloodi,bloodi,https://pump.fun/profile/4njrs8JHJxrgf3TGAgj8edxVwzUhvkiPMK9BaVKYeBp3,,,bloodi33 followers
3kErkv,3kErkv,https://pump.fun/profile/3kErkvAg5EN3J7sVvoTfFSpcX4csMbXZak7aCfXhyJsy,,,3kErkv21 followers
0xlurixn,0xlurixn,https://pump.fun/profile/QaBpMiRBR6PJPWf7QZ1UrM474Sq9DRoJHmxTcaBZ8sS,,,0xlurixn812 followers
BONDonchain,BONDonchain,https://pump.fun/profile/6bJaC5S6dDUVo46Gf3wFci7xo3vdDnKrT8qhVf2e3AJb,,,BONDonchain681 followers
gamma1,gamma1,https://pump.fun/profile/AFHR6ZjZLz5gPTCbvR6ivf9W76RruDXd8h7KNi3wJ3cF,,,gamma1552 followers
NomuSol,NomuSol,https://pump.fun/profile/u2e9LispvyXRifftuTi4gbWaWchzjSAs5mGtaEdxLKT,,,NomuSol521 followers
phatnspecs,phatnspecs,https://pump.fun/profile/HWJVT35ZfpHUJV9bbX3FkUPZLugGQLTj9bSa38YxWE5P,,,"phatnspecs3,001 followers"
luxfux10,luxfux10,https://pump.fun/profile/3o9WhmnrBDe4AXxswbvZ2YYe9NUqpk5qZ91f2VfBSefh,,,luxfux10691 followers
giraffetrades,giraffetrades,https://pump.fun/profile/86ssqVWzHsJExzjUnVhMkfXivKZdKSXY7Bq8TWaRodV5,,,giraffetrades415 followers
orionpaxx,orionpaxx,https://pump.fun/profile/7rkduFKJMb6Fjo6zjmvGbTDwuhugqXFuy7jZuKtjMaAX,,,orionpaxx365 followers
rumpleshillskin,rumpleshillskin,https://pump.fun/profile/F47ZdLPuckMjWbMsXUnCA2pvfDT9bN4Z1cFG9U1eHZa5,,,rumpleshillskin311 followers
HighlyRegarded,HighlyRegarded,https://pump.fun/profile/c32e1f71-93df-429d-a17c-7dab3d042e45,,,HighlyRegarded183 followers
waynetech,waynetech,https://pump.fun/profile/CiNzGLow7qPg4xvakJvQttgUNfq72d1jNME5XZf6pxY1,,,waynetech145 followers
JimmyBenjamin,JimmyBenjamin,https://pump.fun/profile/DufoaNXt9S7mm15R26okpzvADmFsqa5GFp6gKRSywPgZ,,,JimmyBenjamin135 followers
simplecowmilk,simplecowmilk,https://pump.fun/profile/5P38VgKqi15QF5W6UJGNaYm5SEhaf3ErfBLFPWKLTog8,,,simplecowmilk123 followers
HEATSTREET,HEATSTREET,https://pump.fun/profile/9jaxg9NGAi1UEFubgfpMoK8G4ouUdvJPdMFUnDaQrBeX,,,HEATSTREET106 followers
Mr_Chunn,Mr_Chunn,https://pump.fun/profile/JCKXELPkf7RaUfVpTAHgzA1k7Q8CTtiBPnnQkkcJjzc,,,Mr_Chunn104 followers
wyatttryit,wyatttryit,https://pump.fun/profile/HV1a8GhAfwnsqcqcbYjGK3hwXwFTCktwTuv9FpiRuXex,,,wyatttryit69 followers
MagicGhost,MagicGhost,https://pump.fun/profile/DiNMWGxkRA4SAqxafqtP5AXjibGWkfUnzjoX7ZFy2sLL,,,MagicGhost69 followers
PumpSulkyRacer,PumpSulkyRacer,https://pump.fun/profile/7SHntdZaomoWYqC5gcGkTj47JpRT5y8cQANmKWYmagts,,,PumpSulkyRacer68 followers
0xNoFace,0xNoFace,https://pump.fun/profile/J76zd4y8CAHk7kJAQ4fFiT6Js3xLbxqUNvYQnH2QpdQn,,,0xNoFace67 followers
notevo,notevo,https://pump.fun/profile/B3wycTRmjQ4rG2turtsLtS4Ues9uSbMmeXMpKAsHgeQP,,,notevo64 followers
Gofalcons,Gofalcons,https://pump.fun/profile/7WZLwBTW25p8Dd7XoEUcwNDgaYemNixgLSX7UfzT7Pts,,,Gofalcons63 followers
H20drtodd,H20drtodd,https://pump.fun/profile/CVEMrJQyVKB85WDgSMQARbCW7rBDrJT4h5bR3hMPwsgi,,,H20drtodd58 followers
mycousiinvinny_,mycousiinvinny_,https://pump.fun/profile/139ZoAmEH3BovsxKRKPW5EsYpmUq871DZ4635pqxbTNt,,,mycousiinvinny_58 followers
canmakeit,canmakeit,https://pump.fun/profile/GwugjE3zsUDYFx46hYJoLAsGBQpR32Zwp3bb5d63BQZB,,,canmakeit55 followers
ayemar,ayemar,https://pump.fun/profile/5H3DVr3qJWYRM2ZJQGUgdVNi6sw426281VH8fwwXP4YB,,,ayemar51 followers
crypt0xshiva,crypt0xshiva,https://pump.fun/profile/DBZuFZqu6PPW5XEqW62aikNvoZVkkrycUv9RyD3v4YTr,,,crypt0xshiva50 followers
DewwyVert,DewwyVert,https://pump.fun/profile/WmsKuBHNomMCtN4tg8nkwzihpHaVtsfro9TXrzgsipS,,,DewwyVert44 followers
bullasian,bullasian,https://pump.fun/profile/WW4cHsAZCFY2DAg7vvkJTX2o871CX93j6vTP8wjhACS,,,bullasian44 followers
MexicanLarper,MexicanLarper,https://pump.fun/profile/2LYZthx2RbxsBgejfCCgCdQ5T8tkgY7DqYLubBoDjtps,,,MexicanLarper41 followers
aptshrimp98220,aptshrimp98220,https://pump.fun/profile/39SedM5nrUHrqhZesPUkMJTvq6WZ4z9DXd6mnTJjETvb,,,aptshrimp9822040 followers
treefinger,treefinger,https://pump.fun/profile/CW6PPC66ezfTriVcR2ncvmhoWWpYKUWs4QLsmtb5rb7N,,,treefinger29 followers
ImaginaryMotion,ImaginaryMotion,https://pump.fun/profile/FDFwxxq3oYi7Qm9cu4qTozAJjK3qTQqPs15Rg8aXZvVU,,,ImaginaryMotion28 followers
zekorh,zekorh,https://pump.fun/profile/FdgZxWqnkaQedxoQnTJ9xBgzf1WzmxsjFDzswGjmG5Qn,,,zekorh18 followers
612maine,612maine,https://pump.fun/profile/7qJorn74oJLvVFiDqfhRRSGvcxNuU6DTAhQDtkJ3ERnz,,,612maine17 followers
thisshitsox,thisshitsox,https://pump.fun/profile/4GoevwHJ5FEaTzgiAg1TQesoAuP7dGQ8PjhBWQ672Tx6,,,thisshitsox17 followers
wiseoldman,wiseoldman,https://pump.fun/profile/GCHT8W7gJbJcLWfJgVFYeBYLkM7C1cS6DTmRfn65htVv,,,wiseoldman16 followers
itisOXG,itisOXG,https://pump.fun/profile/8bsVuaCJbf9qynADuK4XfxbSAkAoZfb6gP8ZYRN2JvmP,,,itisOXG13 followers
Ghostdotfun,Ghostdotfun,https://pump.fun/profile/3rwazKbJmZpa4BMxR7HP39i1nYJdRWMXfuzkpSwaJ4yW,,,Ghostdotfun13 followers
ohkayteebaby,ohkayteebaby,https://pump.fun/profile/9S5n9q9zs79sx8K2tXCDe3pwNrDeY4bpTWJ9iKWNChco,,,ohkayteebaby12 followers
Ryodhaka,Ryodhaka,https://pump.fun/profile/ChJ6GNQ6jy7rEu7d4sd8LZc3VFZaFv5nKtWTczcfzoT4,,,Ryodhaka8 followers
tiger94491,tiger94491,https://pump.fun/profile/GkDPGADHMsX6CqfZzwbwCctyr1FgeNaVC8U4CH6GnRdS,,,tiger944918 followers
cheeseburger15,cheeseburger15,https://pump.fun/profile/7teKoDWoY5PMJrgq9hyatzv7yDJ62D84avp6Y6K7gmbY,,,cheeseburger155 followers
isasenpai,isasenpai,https://pump.fun/profile/9vAeQhQqbpV4G4dqgePxq1HK3JzNY3ZQ3WUhmMYRz7V3,,,isasenpai4 followers
MyTipCreamyyyy,MyTipCreamyyyy,https://pump.fun/profile/143XEzkY7asZ5DDkHvZfBM3SN1Ek99EnFzs5prRxFwJ8,,,MyTipCreamyyyy3 followers
mk_ultra_money,mk_ultra_money,https://pump.fun/profile/FKTrR6UjunqHdUDSBYA7DNXgX98GEQeAVemAvZSSyD5K,,,mk_ultra_money3 followers
hitasyurek,hitasyurek,https://pump.fun/profile/6ZKXJ6sfL1h6MPTsisPbCAfWHpTE4XFj7ZxQHuG3kwgs,,,hitasyurek9 followers
cryptomidas01,cryptomidas01,https://pump.fun/profile/5yP7P7ZNB2MczGuUAeHZzUFn5SmieyfUv7veo6J4MDXK,,,cryptomidas0137 followers
bazzymate102,bazzymate102,https://pump.fun/profile/B9dmp7mm8MohosJp36YZhDjC5ikoVSWGNGaCVS9CQVQN,,,bazzymate10221 followers
ItzWAGMI,ItzWAGMI,https://pump.fun/profile/35gGnDp9wFMQsuNU5aYWtgexA8ERTRth88uLCZdTcue9,,,ItzWAGMI236 followers
AntonyBlade,AntonyBlade,https://pump.fun/profile/7oHF9dBR2vj8mPEw8hKyM118QZqG8y2gA2veKNw4hdpf,,,AntonyBlade172 followers
PerrionTalents,PerrionTalents,https://pump.fun/profile/8cbt1HL61RSvRjten7aJcgP7LPtcKT3DjxPtKB854odx,,,PerrionTalents333 followers
BullishCaliGirl,BullishCaliGirl,https://pump.fun/profile/DRiC5MvYcc3v752kaVkDczhwir3xkyLXiSAZ49oph5pA,,,BullishCaliGirl172 followers
minehminehmineh,minehminehmineh,https://pump.fun/profile/ps4FvdRBVaij5HuUXKk9aZ1H3NofAHeVLd83GTipURb,,,minehminehmineh111 followers
memes,memes,https://pump.fun/profile/Eh5wHmwPhDV7tVtZPcU2Tf49MCVU1xhQUgxt5CrCjCPi,,,memes109 followers
hopesanddreams,hopesanddreams,https://pump.fun/profile/QJQctXbwr6cLK4gEmuEwwR1wvCiQDmG7qJCiN5zcVGr,,,hopesanddreams93 followers
fweek,fweek,https://pump.fun/profile/5SGNbRdAJNQDXFf1Mpjwjv8vffpYSZML8o6a9k9uysKu,,,fweek68 followers
sadstarfish5218,sadstarfish5218,https://pump.fun/profile/6Dv8yQ4gZafyS48PsFwDa1EcBbQ4HHUYeePRwSuNippk,,,sadstarfish521822 followers
jawss,jawss,https://pump.fun/profile/EkxDxEgrH3W8oPp25dowHht9ixDcmSmusZWwjXdSijvE,,,jawss21 followers
pisss22222,pisss22222,https://pump.fun/profile/Gn2qeVRVjwwjFmsafJg7B8Emv7nAduwinQH9QjJYH1F4,,,pisss2222217 followers
Ayomideee,Ayomideee,https://pump.fun/profile/2UkQCCSYRvquvT9X9tYBz5GaaTymyER5dzTQ7AcZd4nw,,,Ayomideee12 followers
retardedFKcat,retardedFKcat,https://pump.fun/profile/5qe4yyD1Brq9b6kUz86L7EPZKB5paBSgRXhbk5ypf2E,,,retardedFKcat9 followers
loldexter,loldexter,https://pump.fun/profile/77VNwD4rrbnJdvqH1vYp8TaJ3sg7cMuQPZoQNnyHtBjN,,,loldexter6 followers
cookinwitkya_,cookinwitkya_,https://pump.fun/profile/J9WvKPiFwwbEXMbnt3NeAjC1ihLk2QJvHhzu3L7bevK,,,cookinwitkya_5 followers
Rdonk,Rdonk,https://pump.fun/profile/3R77JKt9CjdCwudrTWw4fy13DR5MiJUYCdhLGVGTGciJ,,,Rdonk3 followers
degenshrimpteas,degenshrimpteas,https://pump.fun/profile/Tj8UhRauuvEbmLgSts73sLy36cLv7KA7JyXuGaCMnQm,,,degenshrimpteas18 followers
giocki,giocki,https://pump.fun/profile/GxDez6SUzG82mDHqozHfUbNDmVzfM33nrHQzKaYZj3Pa,,,giocki16 followers
hototter28326,hototter28326,https://pump.fun/profile/9CNyLECt2j8tnDhqxtjYk5HUhZ2b8Nwnyb7sfYN7vND2,,,hototter2832673.6K followers
ygfalcon,ygfalcon,https://pump.fun/profile/J9sR29r6vhtNPgC9YtXFdd96suFmKGYznxPWALQd4Vv6,,,"ygfalcon2,577 followers"
HORZaj,HORZaj,https://pump.fun/profile/AQbTmhBv8TZBNsTop35rtPDz8LFt3JNnjb2DfMkpqLGt,,,HORZaj185 followers
richoffmemes420,richoffmemes420,https://pump.fun/profile/9UczpXZnAtQvhg7MzwpWoKuBqozFiQbnYMEegJgR8pv3,,,richoffmemes420177 followers
HORZg,HORZg,https://pump.fun/profile/FCofWieAXmP5o3ZPqtqBXw7j7jEUyx838TZqviyvkD5i,,,HORZg174 followers
HORZj,HORZj,https://pump.fun/profile/461TtnVdyY3LibEvkdgQhN41fMYLTu7XX9Wb6ZGgknmP,,,HORZj173 followers
9Ark,9Ark,https://pump.fun/profile/5RXoSSf6d7Q7XwU4aWx56mh2FdGFXPEezbsP6cwChZpi,,,9Ark157 followers
tokenxxx,tokenxxx,https://pump.fun/profile/CtzQQLpecmqcRV2aTynudwPpFNtmNRoSrnUsT352rVpN,,,tokenxxx142 followers
HORZqqq,HORZqqq,https://pump.fun/profile/HwjVC9qMn8WCcA6LeBU8ZiacT2SNxxCroUXNcTKonfWe,,,HORZqqq137 followers
HORZd,HORZd,https://pump.fun/profile/HPbcNUvZF1kAvEs1SLU3SaYhoQZbohaso4cZkYtu1arh,,,HORZd134 followers
jojoismycat,jojoismycat,https://pump.fun/profile/CRgJVGxsN8H4tBQBbkZiAAiedDujWPKpqwt48vKejuif,,,jojoismycat102 followers
Flippinglosses,Flippinglosses,https://pump.fun/profile/5ur5mAQbDUfbSYrWUwLWWfiewMtS9LPc4sv1VX1qCzc4,,,Flippinglosses100 followers
KiraVo,KiraVo,https://pump.fun/profile/B2Bp5QEPNKrpaw8rLm21zDYUcupfvaRnv9eD4K8FXdaF,,,KiraVo86 followers
BusyWarpBuyer,BusyWarpBuyer,https://pump.fun/profile/8qfLSNd7Y7W5kEwivSbpzhv9AmaQ6hgLzN7rKF9dw7Yi,,,BusyWarpBuyer75 followers
cyberleekon,cyberleekon,https://pump.fun/profile/7M6xM1ewXhZ7hz3hBtgJTDgb3Dup9ZjjWA6urP3vJxbW,,,cyberleekon45 followers
GemFlintCrafter,GemFlintCrafter,https://pump.fun/profile/9DLtcS3mcqSzgJjvgME2kx6KbwTGkpQQWs9W4ydvQA9B,,,GemFlintCrafter43 followers
HeldAlikeCouch,HeldAlikeCouch,https://pump.fun/profile/D86SNet42uBC3WNAren6iA2T4KcouCRksqh1Axe9Wfqi,,,HeldAlikeCouch42 followers
raazee,raazee,https://pump.fun/profile/6KH7mNc6yGpck45EZRPrYXX9WgbMkbJjbk76HXNpAXgL,,,raazee39 followers
Amymilk,Amymilk,https://pump.fun/profile/4S1ii9yM7UWCpQHvuioV7MpVMYke2CgnxP8LBrgxcU8a,,,Amymilk39 followers
MagentaFirCat,MagentaFirCat,https://pump.fun/profile/4SzKWQ36nVzePdV9ACsJixoDurwPtWv8qhg55UXdx525,,,MagentaFirCat23 followers
cloudytuna14242,cloudytuna14242,https://pump.fun/profile/8tUKssg7ZM1UV7amUcmMTR3FLGW6ocJ1XPVoWvTy1MXF,,,cloudytuna1424215 followers
Xill888,Xill888,https://pump.fun/profile/H9Gi1ia2RUHFKbTEDL8AaKMT2fU8nEdkGZrL1ikfCnD3,,,Xill88814 followers
Iwillneverloose,Iwillneverloose,https://pump.fun/profile/CMB3EKmEUE3CiRTKaMw1swKXw9RSUFW1HtNqpvwuogbP,,,Iwillneverloose14 followers
LaserMemeBridge,LaserMemeBridge,https://pump.fun/profile/BaGWyx8ZoqAhehBGqn6GUeCbf4jqprSSRd96BFjCjg5e,,,LaserMemeBridge13 followers
SpottySouthSwan,SpottySouthSwan,https://pump.fun/profile/2TmFotEpo4sifnJumDZ5TsdCzKRuusXHiPdn4kaxYUuw,,,SpottySouthSwan12 followers
SkidConnection,SkidConnection,https://pump.fun/profile/A7V3i7ir6GVzc8hXDMiaQYU3xvGe8UNhwDzUjpEuFokz,,,SkidConnection10 followers
MaxGlibChiller,MaxGlibChiller,https://pump.fun/profile/F4RGf7ASsq6aA1yeKVXDNuUfpSaCW6zzUQd16xJPtaFc,,,MaxGlibChiller10 followers
WildClammyLens,WildClammyLens,https://pump.fun/profile/ALYTZSe2LjEXtDYzSMH4zbg5kEt9oqKF8W6BvxRnvnq4,,,WildClammyLens6 followers
RareBrickOnion,RareBrickOnion,https://pump.fun/profile/DXuLJpx7bfdBWmPMASDez6CZmsjrFC4uYinj36z4mbJe,,,RareBrickOnion6 followers
OrchidZincPilot,OrchidZincPilot,https://pump.fun/profile/HQrm2Yv6pg7buLpg8ooUQadhUsgwanhRiEuHiokKp4Xz,,,OrchidZincPilot5 followers
FourHumorousKoi,FourHumorousKoi,https://pump.fun/profile/BZvFnPckvm6CaDqQ3v54pAd7NxHcFJpL6daX5Wc2hUAz,,,FourHumorousKoi5 followers
ThePaleHall,ThePaleHall,https://pump.fun/profile/5GkvM4HQu2Ybbx91jJ1pxSEmL97ZFCtv4W4w6j3dNkF9,,,ThePaleHall5 followers
TheDotJaborosa,TheDotJaborosa,https://pump.fun/profile/4KTEiDRqJGbfWr8XHPztExuN15f1MQhadUHnAKs3g28x,,,TheDotJaborosa5 followers
MetalMoonBear,MetalMoonBear,https://pump.fun/profile/AAv72Yh3ikGqRE72xyKawyUAnqchwu2Uj9WR3DQzDTzF,,,MetalMoonBear5 followers
DecorousDarkHen,DecorousDarkHen,https://pump.fun/profile/54GXetu1JdG8f7mbRFsPfMpnatQB27iEkwMeVtZsf3QL,,,DecorousDarkHen5 followers
MegaBlossomFrog,MegaBlossomFrog,https://pump.fun/profile/4QS7FqamNicsvBt5dCRuVkkDmyeQ2J82aPGJmDRH9ArG,,,MegaBlossomFrog5 followers
SixEightDoctor,SixEightDoctor,https://pump.fun/profile/5aA6yNwcvXsC3VCbtG39MN4oJEUjcKoKPWBeQS5H64rn,,,SixEightDoctor5 followers
BasaltFomoOrca,BasaltFomoOrca,https://pump.fun/profile/5wrH2hPaoYwkMmNQpeuYZYo8VjBTP3hXpuoPz1enkPwS,,,BasaltFomoOrca5 followers
GravelMintCough,GravelMintCough,https://pump.fun/profile/B94Kehnj6qQ6eL3ksjybu92jxvh7kGeVtZtGq2nS3BpB,,,GravelMintCough5 followers
MaxCoolKnuckle,MaxCoolKnuckle,https://pump.fun/profile/4SNoJ8yZT1431FSJK4MvCyQtoSeDKgvZ7oTLnHCkFzwp,,,MaxCoolKnuckle5 followers
CalicoLacedDye,CalicoLacedDye,https://pump.fun/profile/H2aeMAzvWbV2GG4Ew1f6x52qRfAuoGxG6YAEQ78z3tjn,,,CalicoLacedDye5 followers
AbleLitheShear,AbleLitheShear,https://pump.fun/profile/DvND5Zk6BVD2hh4QuDXPgw9vQH8UeicMKRBpq55oAtLy,,,AbleLitheShear5 followers
SolLongBull,SolLongBull,https://pump.fun/profile/96HM94gTCGKYWemFxGAyByePUgybogUEaUWWoh4G1LXC,,,SolLongBull5 followers
GlitterFalseBug,GlitterFalseBug,https://pump.fun/profile/6bQXtCcZ5mVf9JnfuX8THi3j8mUwx57U3P4CMiUpkJxY,,,GlitterFalseBug5 followers
OddEasyMackerel,OddEasyMackerel,https://pump.fun/profile/9XXhxZCtM8mQhryLiodRyKchDwHcrnZNDqMfUhfGhukM,,,OddEasyMackerel5 followers
ZenLimeWake,ZenLimeWake,https://pump.fun/profile/FxX3BiL8KAn8Suz3fQxsBd22YThjXmm4CNY42bDgLstr,,,ZenLimeWake5 followers
TopazRattleMove,TopazRattleMove,https://pump.fun/profile/5Vw6w3sNB8dVo18byrP7CzWq4jvt3bVfddENzpaDbgFh,,,TopazRattleMove5 followers
MeadowTealLens,MeadowTealLens,https://pump.fun/profile/FMDJziona6bdV3RLbYcrjUXTG2T9xW99w9gUQniQjxAh,,,MeadowTealLens5 followers
GraveLushThrush,GraveLushThrush,https://pump.fun/profile/6isQXVEfDX9FF2krdif2h9W7HFQ6VsSUdz51TLK41caa,,,GraveLushThrush5 followers
WagmiLaserWhale,WagmiLaserWhale,https://pump.fun/profile/FGUacvbT8r6bfjqe6Hf3UXYbwVTvYc4LMF7PjvhWrKx2,,,WagmiLaserWhale5 followers
SpotCloudOutfit,SpotCloudOutfit,https://pump.fun/profile/7YpTHvQft5dwuDnJrC6WrZ7GZqpxoT5Hhb5RY2VSRKUm,,,SpotCloudOutfit5 followers
RibbonBirdPen,RibbonBirdPen,https://pump.fun/profile/85oDofyzGik5FSwZj3b3RUrJ76aBqi4EpJskoyZJeQba,,,RibbonBirdPen5 followers
WindSpotWool,WindSpotWool,https://pump.fun/profile/4wB9WZ7zCfCRvM3j5kzhwE4Gy6wbBzbRoTLTz8Mi3KwE,,,WindSpotWool5 followers
HotGlitterKite,HotGlitterKite,https://pump.fun/profile/23wZ24E6txxfsiowgKYKueGv6Ua3Tvws4xHkA679VkYC,,,HotGlitterKite5 followers
WryFlaxenAnon,WryFlaxenAnon,https://pump.fun/profile/6gcPMb4P9cSZodsRF2uymVBSVXSbd67uY1fExxS3WQj2,,,WryFlaxenAnon4 followers
MintTwilightDog,MintTwilightDog,https://pump.fun/profile/78SkhMFQK13XhdSYwJZNSxhSHva44oMH5Bf5gvSRQmJH,,,MintTwilightDog4 followers
BrambleMemeAnon,BrambleMemeAnon,https://pump.fun/profile/HzvVz8aMbSJYPcETCxptqX9fw9e2uprWSce6iP6Gkkdi,,,BrambleMemeAnon3 followers
ValiantPaleSail,ValiantPaleSail,https://pump.fun/profile/Fv3M3yx7zAV2uYMujL6oUxD2qkSEsQdaHMWeimsZGWFo,,,ValiantPaleSail2 followers
peacocks,peacocks,https://pump.fun/profile/FrxjV38KM6WRNUqvkSGbrD1rXrE9JMTkZ3jJGg1gHX9t,,,
SilkGrayFarmer,SilkGrayFarmer,https://pump.fun/profile/42cBtUa8ZwtPdxdTyFAZRgMFQCi7vD48qNhcWTZexMYW,,,
TulipNiceLancer,TulipNiceLancer,https://pump.fun/profile/Bz8ML4sqcurP9HbZCXitV8k8UurSWNePLcBBt5ytmKb1,,,
EagerTidyRabbit,EagerTidyRabbit,https://pump.fun/profile/CRybuFUxKt72Dd7edTyAQR5p93oZXftQwukLAwnXZgeb,,,
TreeKnowingLion,TreeKnowingLion,https://pump.fun/profile/5BZmzDgc9fazEdfLFquDkcsMZZHEEayPs1Y9H4yd8s35,,,
Awwal,Awwal,https://pump.fun/profile/2Yq22QcRgUY7wCUuk4QNdft2zhFjHo5eNA1PcGrs5cyh,,,
CaringWittyGum,CaringWittyGum,https://pump.fun/profile/Af9GahrHEgMKTxMuGaUiqquzibdFveZtzMxig5gmxEqo,,,
ArrowDawnBubble,ArrowDawnBubble,https://pump.fun/profile/6ChQVL2wRFAbBYvgvrhuqB2gWGSrN66ShkbdTKi1tQ5G,,,
queenlion,queenlion,https://pump.fun/profile/GQCdXPD8e75pwWx9kjLjaMBhnXeMeqNqAfkRWy5pJ4qE,,,queenlion65 followers
Esee6257,Esee6257,https://pump.fun/profile/4uCT4g7YHH4xxfmfNfKUDenwGrRNGoZ9Ay1XFxfUGhQG,,,"Esee62571,138 followers"
clevermanta9154,clevermanta9154,https://pump.fun/profile/2qW5LsgAGnCnyfVvzhwBQBfLsQ6hz3o2uaB29U3CSHBy,,,clevermanta915441 followers
KindlyLakeTip,KindlyLakeTip,https://pump.fun/profile/MEq9tYWoCaXXbaekiYywKGsZr4QKumCYhMR1jMjPKZ4,,,"KindlyLakeTip1,208 followers"
silverhair,silverhair,https://pump.fun/profile/F9VyYHrqPsVsje7HP3XF3aD6L4oS6q11UbPL1jTU8nWU,,,silverhair250 followers
reborn_normie,reborn_normie,https://pump.fun/profile/AcstmXKUpy43iufwGVRSFooC5M8Lp6yVnipRE7rDamkE,,,reborn_normie201 followers
Packmann,Packmann,https://pump.fun/profile/CpgJWUhTKr8uw8F92EaZW53dWRqct9tQATosKLhByTYo,,,Packmann199 followers
mancook,mancook,https://pump.fun/profile/2ssMNBCQHGpYoT64KXySQJ9gmapdemAS2Fdb2qALoYwD,,,mancook179 followers
mixitup14,mixitup14,https://pump.fun/profile/HH2eRz5MUchKei4TGLyFspw7f4m8tuhhgSQCG1GdWgQj,,,mixitup1481 followers
YThePrinz0x,YThePrinz0x,https://pump.fun/profile/BboSYb8zsb3LV82kDSaBLVB34YLv3jxURbJVz5mXk3pp,,,YThePrinz0x61 followers
Grace0fGod,Grace0fGod,https://pump.fun/profile/3qvj3E5GDGNGBD9ynVWzqzbvC36Lwc3356xLYhJFXwXw,,,Grace0fGod46 followers
MoonBlaze_,MoonBlaze_,https://pump.fun/profile/6eTYPQtizSxECUBv5jzCfXCvdv7g7GP2sBUVLCDirgUy,,,MoonBlaze_12 followers
adn23,adn23,https://pump.fun/profile/3tug9NLPTyFTLuTrmExac1xY3WbahzezB27rFvdhzFia,,,
CloverBasedStep,CloverBasedStep,https://pump.fun/profile/2pWXVLrVzmRrhNoNy6fJ7qHQoh4AkBrtMsYrRXMSiTsH,,,CloverBasedStep153 followers
barsdev,barsdev,https://pump.fun/profile/CYrAEErYsNnRXJLMjUihtew49my2BqRHdtzvMketS7WE,,,barsdev154 followers
FAIZClub,FAIZClub,https://pump.fun/profile/ea48a9ea-6fdd-4b49-9f77-07c6507341a6,,,FAIZClub100 followers
maniiiiiiiiiiii,maniiiiiiiiiiii,https://pump.fun/profile/DmN7SpuktHkEZPkinSf1asoAn2favoFrRWqvDArove4r,,,maniiiiiiiiiiii71 followers
MoonLuckKey,MoonLuckKey,https://pump.fun/profile/9Yzw5KX8M6A8rqiq3pyZWKgEpFMnXeJpeiVvZ3TVa8hi,,,MoonLuckKey69 followers
dryoctopus47106,dryoctopus47106,https://pump.fun/profile/3VJs2TkNXgGz5SLi1V3ZWC3uHLTBymU2nVTsnvTLuYrp,,,dryoctopus4710640 followers
cubox,cubox,https://pump.fun/profile/HtXr3o8F9WRwwXxUqgZ3mcmFS1QKPjhvNLh6oDLKGyuQ,,,cubox17 followers
PUMPDEMONS,PUMPDEMONS,https://pump.fun/profile/65c3fd53-12f3-4528-b1f1-eadccd1805a1,,,PUMPDEMONS11 followers
TastyDapperDev,TastyDapperDev,https://pump.fun/profile/C1aimUxqeCs7uPbd9Kgyq8hbjchwJjHgVRtcLLiKU8z5,,,TastyDapperDev4 followers
SomedaySquad,SomedaySquad,https://pump.fun/profile/21468038-f8d1-4bff-a000-07cd79669773,,,SomedaySquad3 followers
ohzarke,ohzarke,https://pump.fun/profile/DZAa55HwXgv5hStwaTEJGXZz1DhHejvpb7Yr762urXam,,,ohzarke13.4K followers
gabriclub0,gabriclub0,https://pump.fun/profile/J6mUhcHYZVifiLn45X4BFUwHduU3Jm9pkzN5dEfgTd5m,,,gabriclub0298 followers
bullllliiii,bullllliiii,https://pump.fun/profile/FMWUQvEjMrX4foJ8GPxpf82fSPHTkjqz9LWSgQ5EBTtQ,,,bullllliiii162 followers
swaggyyyy,swaggyyyy,https://pump.fun/profile/CxWRfadzmKT3vQtX76UXcHVqTd2GrMWuMMNi2jHAVrz4,,,swaggyyyy126 followers
hotfish83670,hotfish83670,https://pump.fun/profile/Fw6hZxwn3zPpq42DpDeKUkaWWrVTxK3ABXXV2sZQ6SjW,,,hotfish8367098 followers
zenkrakenaverse,zenkrakenaverse,https://pump.fun/profile/DyRdFmYwAfuKtbqGUYhhemY3s7Wo8FaTmGYWDjZxbBMX,,,zenkrakenaverse72 followers
QuigonJ,QuigonJ,https://pump.fun/profile/4NNuJhoyExStrkdhSqSdpwVpJmHdWqTgUZF6MnTpqyMs,,,QuigonJ42 followers
coyoctopus39698,coyoctopus39698,https://pump.fun/profile/Bv2BAw5UmKxv5SBMWYKqpsh6eXKNGM2RKxJGpGPk5vmb,,,coyoctopus396983 followers
megaotterstrang,megaotterstrang,https://pump.fun/profile/AowTUid5daQr9EqwazF7hDm3jBTQSisv6LaHGhQL8k92,,,"megaotterstrang1,170 followers"
chadbrochill,chadbrochill,https://pump.fun/profile/82x8HicoorarGot1GswAVMG9EQQ2sZ7Q8rPcwCL8oTRF,,,"chadbrochill1,098 followers"
Spookywhale69,Spookywhale69,https://pump.fun/profile/6W7XRVdo8LC6r5p3GyrHCsvTS5fwxqdNj2sytNuLuTgQ,,,Spookywhale69942 followers
zeroonezerozero,zeroonezerozero,https://pump.fun/profile/FpGvDesKDzJQbQDsJTdP76NoarM4g7JfLr6RJds1hewR,,,zeroonezerozero753 followers
gainz_,gainz_,https://pump.fun/profile/FexWQ1S57mw2gBPzALBkJA9rBj4q5Z6uQuNbG15SCqhi,,,gainz_483 followers
monarchofmotion,monarchofmotion,https://pump.fun/profile/DTM6U6LBgrTzqnkg21TY2kbbPGcFTv2rPuNLAXFxEj1H,,,monarchofmotion369 followers
theprophet101,theprophet101,https://pump.fun/profile/DKtCHXT1X3P9ZqSSRVsntxwZJNkXsdtmVtyisuQM1D9J,,,theprophet101358 followers
Br0lyy,Br0lyy,https://pump.fun/profile/58PzAPMzWWDsZ2paRC6EiWmmoWY2f9RLrdPUUHRbf2zs,,,Br0lyy350 followers
hgf65ty54y54,hgf65ty54y54,https://pump.fun/profile/TimeAdRpWxqKXR5YPEwGBF48KC5V5TxB2g6mnyCp4VR,,,hgf65ty54y54338 followers
jordanbelfort15,jordanbelfort15,https://pump.fun/profile/71EaMBWXUY4VgS29cPi4SQ28GCX57yzqcwHQyENuguCi,,,jordanbelfort15295 followers
aptdolphin31397,aptdolphin31397,https://pump.fun/profile/dev12bVcv5ZLjo7eYgZcSmZ7KBjEVfnfvorwqdZ14fo,,,aptdolphin31397284 followers
mixedtuna63465,mixedtuna63465,https://pump.fun/profile/9vdwML1RzB3ZY9JxnNohiYqy2nMh7N7H61mM4daDV5Rm,,,mixedtuna63465257 followers
DrizzyWrld,DrizzyWrld,https://pump.fun/profile/2i2DResWL2GHcjBgLGUW1SaUWed2rL1JmBPuJj85cyMF,,,DrizzyWrld256 followers
elwill,elwill,https://pump.fun/profile/E5VKnso2svYmax9unt9urdeMsN3rfiXp1FamKCFDdoZM,,,elwill248 followers
BronzeFieldBoss,BronzeFieldBoss,https://pump.fun/profile/Dgw9PwgS6sAPNiMRXigJVd8DTKZrFUgrNQBXM3srxB6f,,,BronzeFieldBoss239 followers
viceoctopus8512,viceoctopus8512,https://pump.fun/profile/4CwrH924ZreiA4rjEfWRbVa28LrzYb18EBjGhLLZwBjX,,,viceoctopus8512231 followers
validoctopus279,validoctopus279,https://pump.fun/profile/9gnJFS3LDgG2Hu9rqt5nA6zwadDNGSiwWBjrqjAhna2X,,,validoctopus279227 followers
earlynarwhal459,earlynarwhal459,https://pump.fun/profile/n62QUDHwXWCnZyArC9KsP3PqeBzf7WwAMqRLtwUgR7z,,,earlynarwhal459228 followers
zenfishechoingg,zenfishechoingg,https://pump.fun/profile/DfMKNnaBbb8TiBv8N6aMUsuJ7eY8e29QDVtzxoxg7sZQ,,,zenfishechoingg214 followers
bluechipjordan,bluechipjordan,https://pump.fun/profile/GoST7hEeW6jByLDs4cNwTKNrhBEP8Bf6FGjLMU63Gmtp,,,bluechipjordan197 followers
comicwhale38838,comicwhale38838,https://pump.fun/profile/9tY7u1HgEt2RDcxym3RJ9sfvT3aZStiiUwXd44X9RUr8,,,comicwhale38838201 followers
Zao_Jun,Zao_Jun,https://pump.fun/profile/FTykT4xM2pCaQGgv5L9tgMR8UkF1rqhAr8pEyLbqn79D,,,Zao_Jun193 followers
lusciousfish228,lusciousfish228,https://pump.fun/profile/ExP6ATSbEaBcjHN9FEmNEjzMtZoFBiPH4B3SD9QrMMbn,,,lusciousfish228191 followers
FoamyCyanMilk,FoamyCyanMilk,https://pump.fun/profile/CsxpvZnCaVyFeia6y3VXJXowRdJrvceRX9myAYUpUQwr,,,FoamyCyanMilk192 followers
mocknarwhal6075,mocknarwhal6075,https://pump.fun/profile/8b55dpdwStAC27rqkyznSTp9ZCjdUGSGJbmAPtriXafu,,,mocknarwhal6075156 followers
bluedolphin2826,bluedolphin2826,https://pump.fun/profile/EvGpkcSBfhp5K9SNP48wVtfNXdKYRBiK3kvMkB66kU3Q,,,bluedolphin2826143 followers
castmarlin33904,castmarlin33904,https://pump.fun/profile/2jfejFrvhm6fcPCQsHEiEtvE3Ck994UMAZz44YqLq2Pj,,,castmarlin33904129 followers
weeoctopus55378,weeoctopus55378,https://pump.fun/profile/FczAVrSD8WPAymBhWrcFy8QsRjgDqmFkuqWa1KkAbzuD,,,weeoctopus55378126 followers
Icarussss,Icarussss,https://pump.fun/profile/3kGFtaCuLEWcfFHfFrQ5wCcfjjQuGvgSNDhWc1PVKN6M,,,Icarussss110 followers
RobLicht,RobLicht,https://pump.fun/profile/4GECRE2bm45JxvhaiJYDBYfjb9byq31ahj5CwhMQGq3H,,,RobLicht103 followers
BelliGoool,BelliGoool,https://pump.fun/profile/B3HszkxJj4LCoeZkAWPFBQQEaPxDTCTc5f6HN9mmeXSD,,,BelliGoool84 followers
fay_nrgz,fay_nrgz,https://pump.fun/profile/G6cGwxmPK6zvENJ83zG2YAz9ARkocdx9YxmrBYyB5Kmq,,,fay_nrgz77 followers
agilekraken1921,agilekraken1921,https://pump.fun/profile/AtFS2W1dMWX2oBef9dJ3gSx5VKXfzqvasbY1iMWAMxGT,,,agilekraken192176 followers
errantwhale3405,errantwhale3405,https://pump.fun/profile/DUfdkd4DMWt268Y3kcQr3TXMu2wjsPqnwB781SmSZzJ6,,,errantwhale340573 followers
MoonFunnyBuyer,MoonFunnyBuyer,https://pump.fun/profile/5f8ppxDVCCp3dp2Dk9nBbcKRf3DxtB4oNNa1NB59Hipn,,,MoonFunnyBuyer65 followers
roymustang,roymustang,https://pump.fun/profile/7VFDM3RsbcVkKPfE3bod3eLQYswxCxECtRV3kDdgAXxE,,,roymustang63 followers
PalmDentedApe,PalmDentedApe,https://pump.fun/profile/ARMDFJkZpFtBJ3Uy6DBKgxZKdfbHa8CCk5W2UCND1pfs,,,PalmDentedApe57 followers
tjalic,tjalic,https://pump.fun/profile/EoJb62VKuC3uVYx7Kc1a4JojVh3Xd8kSYP9woFVacVJz,,,tjalic54 followers
gaseousmanta255,gaseousmanta255,https://pump.fun/profile/G1F1iCMMVgnXLumjhCXKE1SFUn4xPK5SHSusWdx8a9LA,,,gaseousmanta25552 followers
fetallobster598,fetallobster598,https://pump.fun/profile/8n9tnbCAbnqHhotzibKEtzMpv1eeXCy9LyXKboZgUYB1,,,fetallobster59846 followers
Nemesis069,Nemesis069,https://pump.fun/profile/BpWLUyPz2PMXkLkqHNN2DbZHWbgw4ELSVQFWwGqGP8Np,,,Nemesis06936 followers
delontewest3113,delontewest3113,https://pump.fun/profile/BYp2FgBYi7W6WWCafQRP3QBkZ5JJfv1NQvjHhUbJQoY4,,,delontewest311331 followers
timmy_onchain,timmy_onchain,https://pump.fun/profile/5p2bA4wza1WmyEiWwyDJVNrXXsAM4M9yQcKDvTK5mWKv,,,timmy_onchain31 followers
freakkraken8491,freakkraken8491,https://pump.fun/profile/GGD3MXGS9YEoESei7dboUdFR5JCZmHnUTtpN4gVRYC6i,,,freakkraken849130 followers
coydolphin92471,coydolphin92471,https://pump.fun/profile/Hczh23xLG21ybfdiEd7MJaT54Rx6MkP4Tq26N7t6dMhR,,,coydolphin9247129 followers
ruggedotter7418,ruggedotter7418,https://pump.fun/profile/AiLwAtCzPnQh6GnJ1UiMi9vqNniV3QyTM4rueKYNjPwN,,,ruggedotter741827 followers
HighFreqTrading,HighFreqTrading,https://pump.fun/profile/Ecc9qrv9HsMJvWbJ9HygHU7sdX4exWEamqiqQYBtMkv3,,,HighFreqTrading24 followers
aversetuna62767,aversetuna62767,https://pump.fun/profile/5r1xTNfsgt8vX5LSRZfq7waq4Z4a3qypmNaCpuMufqVx,,,aversetuna6276723 followers
grayoctopus2698,grayoctopus2698,https://pump.fun/profile/vM42TgsBx1eKK1wrCzwLMZyUocVdTeaAGFrE2txXVyX,,,grayoctopus269823 followers
Dankovich,Dankovich,https://pump.fun/profile/CzYxPFATCxmEuL2hyK3RLEH7z9JhE8ubxsNDzjSJRsL4,,,Dankovich22 followers
squidjakdev,squidjakdev,https://pump.fun/profile/8Chez7k63wWRQ3K3fZkYM45nqkgNHXWgXYT1YoZkPacS,,,squidjakdev22 followers
Rugrattz,Rugrattz,https://pump.fun/profile/Dvbog7GqXSEcP28aTwTt2nFso29gad9mStDqc7hLLMpv,,,Rugrattz19 followers
LushLilacCrib,LushLilacCrib,https://pump.fun/profile/EmN8AZmZ9dcGsKXEbLupPL3nzjaE3MpYrt3ssDCKhfaR,,,LushLilacCrib18 followers
3bDTJr,3bDTJr,https://pump.fun/profile/3bDTJruAS2xWdBdRfssJKgXMF6U7r8SVmNxartCqQPq8,,,3bDTJr14 followers
OTCDeployer,OTCDeployer,https://pump.fun/profile/H9d8B5DJDtQydAzphknhWvv7wxnWZue3fn4pAEZXp13v,,,OTCDeployer7 followers
CyberMeat,CyberMeat,https://pump.fun/profile/5iYeQ4tene5zZqhZBHDXuJud2tznXR3swkoiFoE4psHr,,,CyberMeat5 followers
devhadi,devhadi,https://pump.fun/profile/4dfZA9EyhsAg2d9kzxauQMfFXVjqigXz6Mpsy5CPPcjD,,,devhadi2 followers
wealthymanta254,wealthymanta254,https://pump.fun/profile/EZyAgYcqdCMf8rsQ2ZCjC1342UDNv414kvjz8cCjPHk3,,,
42PRHwZa,42PRHwZa,https://pump.fun/profile/42PRHwZaLHVuBPJVtPSt6WZz1udRm4YA67XRiAKH4z3m,,,42PRHwZa108 followers
bigBAN,bigBAN,https://pump.fun/profile/1dzfVd3hPs57GGax3cECbwVnYPMrDqN5smLjrb8wcXC,,,bigBAN78 followers
ERDFNF,ERDFNF,https://pump.fun/profile/012f9ce0-7c55-4b63-b212-9b0c9052ad9b,,,ERDFNF73 followers
AgentXiao,AgentXiao,https://pump.fun/profile/EwCuNetxLAtjapbBgqgNdSUo9z8EemctZwNGCGCcELY7,,,AgentXiao18 followers
oddkraken77145,oddkraken77145,https://pump.fun/profile/E2RvJg2myWpKcbkhBuF81gfhYr6KvmNcDbSmr5qnatYy,,,oddkraken77145346 followers
huntoors,huntoors,https://pump.fun/profile/2e1392e1-adf4-42d5-99e4-0b95464ad095,,,huntoors75 followers
MrTitan0x,MrTitan0x,https://pump.fun/profile/CmPieT6MUHULj47AXoLkpbVp4dLZnj2213WofsxJWUmQ,,,MrTitan0x39 followers
bricklol,bricklol,https://pump.fun/profile/BricKui3DuwjdruGYnvUCiWs19WpNm1MeFZenWChKJL,,,bricklol14 followers
TwanRaids,TwanRaids,https://pump.fun/profile/GEZzd11Y8CYzA2JB57DmFJ8xfMRCmQP6u9yEupPX49ac,,,TwanRaids13 followers
brickedup,brickedup,https://pump.fun/profile/B4yAwR9GMfznTdxh9xhe5o8gKprQh6x7UFQfwfJ41YpT,,,brickedup9 followers
PointyChef,PointyChef,https://pump.fun/profile/FX7zZiSJTtHSwxwRN3zNEGynNYPtZG2971ApxagSqNtP,,,PointyChef241 followers
Ducktape69420,Ducktape69420,https://pump.fun/profile/H2xvEpJ52yCByhKMU2bZAx3G4q9wiUAsaKqFmKE4JSnf,,,Ducktape69420160 followers
MOHAMMEDFAIZ,MOHAMMEDFAIZ,https://pump.fun/profile/Bpi5dYCqCBtRKWdvv9gPubWrqUHW249AKxx9XRqES3XC,,,MOHAMMEDFAIZ92 followers
slate100x,slate100x,https://pump.fun/profile/8MCtx1W9JKRQijdTR4FMVPsLmyE7dn9ThELb76GL2sGp,,,slate100x24 followers
youngboozer,youngboozer,https://pump.fun/profile/6sZBHLzcMzS6v96ZUagXDUv9JqX8VJpfGt7VimtWkzWs,,,youngboozer12 followers
tompearlcallout,tompearlcallout,https://pump.fun/profile/G85YvabakNW9Q5aoipzTQRJp7qrCVpARywJQGbCgtB8m,,,tompearlcallout10 followers
giftedorca45238,giftedorca45238,https://pump.fun/profile/5KXDF6QnqhBj72hDtJNkkpFaQVUfbFXNybMsp3DiK6tD,,,giftedorca45238751 followers
WaxHoneySesame,WaxHoneySesame,https://pump.fun/profile/AFmiexHwMBFjKY7N9spbYjeKCr2nmj6k7zmAaamcjkVy,,,WaxHoneySesame532 followers
jovialseal33863,jovialseal33863,https://pump.fun/profile/CzU8MaRcwvwUoNkwJFLbvtFWJugcEXAhDDQqNFE4ybb7,,,jovialseal33863499 followers
oddshrimp93899,oddshrimp93899,https://pump.fun/profile/DB37DpYyimdLi9VTqmKfAMQpYBQLksCMaVb2BJggMekV,,,oddshrimp93899437 followers
saucyoctopus776,saucyoctopus776,https://pump.fun/profile/MTWazEsbPPei3XPAcJzD1n3VpUeNinGYid4UVPx7FtY,,,saucyoctopus776417 followers
rawtuna87116,rawtuna87116,https://pump.fun/profile/CpKuhcFHogvrq7Fx3enu57xTRkh1WyzER1TVVBimC5mo,,,rawtuna87116209 followers
InkClumsyMargin,InkClumsyMargin,https://pump.fun/profile/415WPpXj3CKTNRSpK5XUxng3QMzZBE25E8CYDw83rnr3,,,InkClumsyMargin207 followers
borndolphin2469,borndolphin2469,https://pump.fun/profile/83b2LMf12aLec92kur3duRA8VvUkLaXUtML31aCcZNCM,,,borndolphin2469180 followers
gauntseal49665,gauntseal49665,https://pump.fun/profile/6XpoayPqAE99XfCPARDig3CwU6Mg7pMdrTCCbqVidZMV,,,gauntseal49665150 followers
ComplexBaldFile,ComplexBaldFile,https://pump.fun/profile/59WwRHJyoFDL4D9fBBkG71dzZEZgyPmSFPNAsbTZRay6,,,ComplexBaldFile136 followers
ilCryptoCapo,ilCryptoCapo,https://pump.fun/profile/FYbYdbWotAVDjk2JdJaPj6Yz9SDEC2tNYWGf5bfyJWuD,,,ilCryptoCapo135 followers
bureenz,bureenz,https://pump.fun/profile/AFBeaGAEvNoNEzqGHXS5N7tzsredPBHSrPnpxNaG8HFa,,,bureenz126 followers
topcrab19068,topcrab19068,https://pump.fun/profile/7iPPqPyrqcmfenRs4xZ72ab4pyuUofXB5YaQB83WJmT9,,,topcrab19068102 followers
MudBubblyFin,MudBubblyFin,https://pump.fun/profile/CgEm29qxqhZhEMFAEUNMmGqSieJ3AksyV6MLHn6wiFio,,,MudBubblyFin62 followers
raymaster,raymaster,https://pump.fun/profile/7pdd6cw8L22W8y49CeeQvSWbvPhh84yMcrhro474PNVv,,,raymaster61 followers
erodingfish4537,erodingfish4537,https://pump.fun/profile/2DKBh8kWH1CVJgTqjScdw3G9ZQ97t1uWQa4YdoRa4EnV,,,erodingfish453742 followers
retailfish35463,retailfish35463,https://pump.fun/profile/CSXwgJQb4k5pKWDB3tTc8R6ZhmJavA7jUFJZessBEBTH,,,retailfish3546331 followers
playingshark375,playingshark375,https://pump.fun/profile/4MsfJKFHQWE7kUk79AgTRNf8icPgqxCaBVxnF8FzowpL,,,playingshark37530 followers
PrimeJellyKing,PrimeJellyKing,https://pump.fun/profile/AQjRhscUMhgeJrHgQHJq4XZU2ynNLjQ9p5MFZwjNyKbV,,,PrimeJellyKing27 followers
MrMazal,MrMazal,https://pump.fun/profile/6XQXjgj6rzg6VjRXPsxStVvStgwLcdeHo72nfzUHZBt3,,,MrMazal24 followers
Delulu7,Delulu7,https://pump.fun/profile/6o2MbtDgpgspYKHUF1fGQmCbCFckSmC566Yv54quVQ3P,,,Delulu710 followers
NinjaSoldyor,NinjaSoldyor,https://pump.fun/profile/B6sfMhGEbyoTy5vKtGD1RxLZU3ivLf8pwhp7pfMWc2aK,,,NinjaSoldyor44 followers
Frenchybastard,Frenchybastard,https://pump.fun/profile/BYEUmCBLxCAVB611fdgcJmxAgKTuGukws1VYuoMqnrQp,,,Frenchybastard7 followers
isendcoins,isendcoins,https://pump.fun/profile/5DDEaV8fD1d5Ygn7P2Naq1WzWJAULa5TX2GBJxicZM9g,,,isendcoins867 followers
relicsalpha,relicsalpha,https://pump.fun/profile/3mRLsNTQhVNGwZnbkXziWY3F654GSZbgJQ7uUu8xdmDd,,,relicsalpha531 followers
7FigDog,7FigDog,https://pump.fun/profile/EgrEtV8nqx3Xj4nXNaKJSdRkzD84tAt7KP9bkXXV4bhS,,,7FigDog328 followers
trevscooks,trevscooks,https://pump.fun/profile/CemYRAxyVDWrH5hcA2Hw1WSC1rRM5xKW5QfzPz981ASC,,,trevscooks237 followers
pvy,pvy,https://pump.fun/profile/B4BSXjH8pzPrros5mcUhhhNXeSEKYh9ZaRzQmGvpL8W3,,,pvy171 followers
SerDuncanTheGem,SerDuncanTheGem,https://pump.fun/profile/EzFAwwcd58eSTc57JEsSph6uUH1oaRzhzaUGDvPwdftX,,,SerDuncanTheGem121 followers
elonmuskson1,elonmuskson1,https://pump.fun/profile/6L4mdjkohT9K3WSQnMgvg2Ncvq3QrbTtso7Jp77Gv8a3,,,elonmuskson1105 followers
old_sling_acc,old_sling_acc,https://pump.fun/profile/6mWEJG9LoRdto8TwTdZxmnJpkXpTsEerizcGiCNZvzXd,,,old_sling_acc89 followers
blankdolphin331,blankdolphin331,https://pump.fun/profile/EAkejekzZU2odLkZiuaLbhERhGpVfUBfwnwEY1WkAiBp,,,blankdolphin33183 followers
slackshrimp4065,slackshrimp4065,https://pump.fun/profile/7GNrrKCNsb6kZn3dDxapvYPYT5opNZ3nFUujtvaPdZiE,,,slackshrimp406568 followers
anongcrxynvzxh,anongcrxynvzxh,https://pump.fun/profile/GCrxYNvZXhY26QtxCryGoH8nfJaiE7qGGpvh61FAui8J,,,anongcrxynvzxh59 followers
Bullieonchain,Bullieonchain,https://pump.fun/profile/ELj5RdRsq31h8qvNhtaq1nWJkLFf1G5gL5XVTinj1DoS,,,Bullieonchain49 followers
wanstarfish0665,wanstarfish0665,https://pump.fun/profile/Bgk6czQzJ4aRrkUcS3KyggMWXQnFqyDY3vdurwiBV4UT,,,wanstarfish066537 followers
nztrencher,nztrencher,https://pump.fun/profile/DieYPrbBDLYBhPjzxgfHjZTZCmKz3qWJNtN7wvt4jYW3,,,nztrencher35 followers
_ChefBateman,_ChefBateman,https://pump.fun/profile/AoRPFgaJhTGzQiXNa7LUJnQw1wnHicLSv2rK5PsenViZ,,,_ChefBateman17 followers
LemonMudColumn,LemonMudColumn,https://pump.fun/profile/RDgUAFoCPzZSSUZ2CiePWb64VGBAFXTvbbuAqC3Joo6,,,LemonMudColumn13 followers
futr,futr,https://pump.fun/profile/Ajc5QjYnULQXs6hikSZZ1WTk9hRrFeLEGex1rRP3wUqT,,,futr4 followers
NiFTyCollector,NiFTyCollector,https://pump.fun/profile/Hs5EczLchd4PzqML2cURaKfkwkDgYbiM9SuJdgNgRvgv,,,"NiFTyCollector1,139 followers"
PleaseFollowMe,PleaseFollowMe,https://pump.fun/profile/F6s13tBQBUWny35rzGv5y4miCMorWLJJ9ezKWceBFTmq,,,PleaseFollowMe905 followers
devpf,devpf,https://pump.fun/profile/AkdyLSqHEkRVj5nfZGnmQFvXNTuEMAeximRgdin4vxg9,,,devpf423 followers
Oriss,Oriss,https://pump.fun/profile/5vMre4aMZsQ3QywaidEBHGgYTA8fN3HuTACFXRFQCQ5a,,,Oriss342 followers
mrpunk_eth,mrpunk_eth,https://pump.fun/profile/2NoSdE3FTfxZTna9iLWFbTwQgK88zx949tJXLVaLKmVP,,,mrpunk_eth342 followers
MisterPunk,MisterPunk,https://pump.fun/profile/35T2GHnNhdWiG6r1dy92svXDSPGAnXqkW6Nh1w9wg37B,,,MisterPunk300 followers
richnick,richnick,https://pump.fun/profile/E5xrcuJNWzthXh61wuEKbvLLtJ3kBqZbxaEtimWjqdQk,,,richnick282 followers
catoshi_nakamot,catoshi_nakamot,https://pump.fun/profile/Dm2U8z5f9FWd1JUmDijCMPkP96URAeBEX17oo5Udrd64,,,catoshi_nakamot259 followers
sasori__sol,sasori__sol,https://pump.fun/profile/rmhFWcd6HJ8VuD5WdQmUfEAohhUXkaSACydpXGZmj2k,,,sasori__sol253 followers
TheJamesBonder,TheJamesBonder,https://pump.fun/profile/8f8N75NFH9bhoQ64YnThKHNk8eoKheoqAi8CjzJnusX6,,,TheJamesBonder218 followers
ovaldolphin7991,ovaldolphin7991,https://pump.fun/profile/8WpSLDwsGnd3DEZXWSeShXzvFbAUFfACmCya434uPUH9,,,ovaldolphin7991186 followers
SilentCapital,SilentCapital,https://pump.fun/profile/482ed36b-d311-4cc6-b149-0429474fea62,,,SilentCapital176 followers
solvengers,solvengers,https://pump.fun/profile/3LsjoZ8s8gqp5zwtKCHGX98NHhceuJScfvqn5s6YfsWZ,,,solvengers130 followers
Trustie,Trustie,https://pump.fun/profile/BL3HvBheyz1vPEpdNJrupazvqEnrKYA9P4YcqdwyYKzG,,,Trustie128 followers
Lalux1000,Lalux1000,https://pump.fun/profile/9wKeM5nasnpR93cRxH9p4nQWJJGVFdTtyP2NU9bBBChz,,,Lalux1000103 followers
rearfreakrow,rearfreakrow,https://pump.fun/profile/EWDfReqMMvs3M1wtk6Wy5SUm75vv1YawbKbjmRKCx46o,,,rearfreakrow102 followers
foulmarlin41562,foulmarlin41562,https://pump.fun/profile/6GdDTTSB4xbTGBv73HfHed5m5nA5ewtsyhMV1SZkvGkP,,,foulmarlin4156285 followers
WallyGator_,WallyGator_,https://pump.fun/profile/HkqUALTs8Jc4Hgu4Ad8AMuoCPXom3UtT1Dj4WtE41T5n,,,WallyGator_76 followers
XerefXBT,XerefXBT,https://pump.fun/profile/BFBhgxDyRseUGc6Ay74iXUpAtKwEcJhuzr3oCJg9BMc3,,,XerefXBT65 followers
pumpswap_cto,pumpswap_cto,https://pump.fun/profile/7yuqVEF2ZX8iFz799efzQEsgMwGhf8vZDaHLuTbQxsFx,,,pumpswap_cto52 followers
allthegirls,allthegirls,https://pump.fun/profile/sJrxBmYKmxrJ4hUFrGowBRswQWkJMjvtKJza1Mexa9L,,,allthegirls48 followers
lowoctopus18660,lowoctopus18660,https://pump.fun/profile/4WxLKjbcT9TrM98kzchXCCfqc9txpKSigQdqYVYu9JUD,,,lowoctopus1866038 followers
boldoctopuscraf,boldoctopuscraf,https://pump.fun/profile/E4Ruedde4i3tAfXu3sSojAanaHW1b6epsfdXRLbadv5S,,,boldoctopuscraf38 followers
Friend_AI,Friend_AI,https://pump.fun/profile/5aF9PJMoDmYFahQTzg8eMBXXjNmc1rWxtokKLbPfKNg2,,,Friend_AI32 followers
LGBTGQ,LGBTGQ,https://pump.fun/profile/RSpejr2q79EZoQR7S2Yg3Ae2qxKx7rqdNhsKwBQUQ2T,,,LGBTGQ27 followers
0xMind_,0xMind_,https://pump.fun/profile/3zUWM7kG4Cdv9QMPCc1qqTDpEy6i8kchdvemUHjJEpzh,,,0xMind_27 followers
detective5,detective5,https://pump.fun/profile/GEFQ49NCeVak6V2kZeKFKvg8e5QdPoEmnzaZzR61fumb,,,detective526 followers
cryptoshicalls,cryptoshicalls,https://pump.fun/profile/2shpdGzxBu3GPVBKeBR6vAPpRbcXxoZVAeWij9fWbf43,,,cryptoshicalls17 followers
luisabreu01,luisabreu01,https://pump.fun/profile/GczD2C5TT82xPVbUFf1kL2HzEjRw2RyVQ9om8DBGrJDf,,,luisabreu0112 followers
mennyx100,mennyx100,https://pump.fun/profile/Dwm6s5h4w88oUinHKf8HAqwhirQDGJBzVEVTYQbjK22Z,,,mennyx10012 followers
r1cshkhhhh,r1cshkhhhh,https://pump.fun/profile/GKy5maaYzLJUNwPH7czqVWibeNpHhzorPQjbgWc5Xjkf,,,r1cshkhhhh6 followers
futuremarlin164,futuremarlin164,https://pump.fun/profile/5jzWbLyRboa6JyfxriTmNxREzZb2PJTh8UdEYNswzpKr,,,futuremarlin1646 followers
QualityTrades,QualityTrades,https://pump.fun/profile/9YRomeoz2j8XaVaGnKKtyr1ckAvi9XDqxq75zf2PC2UJ,,,QualityTrades235 followers
DexterPumpBot,DexterPumpBot,https://pump.fun/profile/ER9cmPsUvLNZCbJdE2xd5xtm6mwuKJmVgqVYG4egTbGt,,,DexterPumpBot4 followers
AnteCooking,AnteCooking,https://pump.fun/profile/DehLfg8VNdvJtA8cGqe8aY8SkBtzhBVARp8fRPh8QWf8,,,
jakefromsf,jakefromsf,https://pump.fun/profile/31BeGeN1iqYWx82BsPjw66FSfXfk67yWLQp9wW2bFe8s,,,jakefromsf9 followers
pnut_deployer,pnut_deployer,https://pump.fun/profile/HrHJputHcA8mkwrcQB3GkrJ2u1f7Fm4LzAZptSYSsUcf,,,"pnut_deployer2,937 followers"
0xmarko77,0xmarko77,https://pump.fun/profile/GC9gKkJjieLPTqDRtm3u6KzL7mhVvMdM4DfMa7aV44ke,,,0xmarko77220 followers
leafyoctopus340,leafyoctopus340,https://pump.fun/profile/27sfYMALabHSpjt4nDLAubw5mdDPnv3hkL8K7s2ZM1gU,,,leafyoctopus340129 followers
Harryyie,Harryyie,https://pump.fun/profile/7Nk5MkiJLQ1d1jvprAVuKy7BYjrfihBS3z7Lj6LwmNh4,,,Harryyie96 followers
peerlesscucumbr,peerlesscucumbr,https://pump.fun/profile/Ek9YKJn8hQeMWjXiKtgLPukWeCeL16DL8koiWqF8UZwm,,,peerlesscucumbr54 followers
ComfyLitheShow,ComfyLitheShow,https://pump.fun/profile/3aAi2pmZZEDNT4uhL5QwzF8WmTiLGBntSn9JESMHY2RG,,,ComfyLitheShow37 followers
Supra2400,Supra2400,https://pump.fun/profile/EdowJggGiVU3ZH4MtmJYDyV3cy6d6C3Vyyz7EeDbd4go,,,Supra240036 followers
fadingorca05418,fadingorca05418,https://pump.fun/profile/83wCxtjDayLzKxQweWX7tw8aq9UcYv9kZDaecL5TPvGt,,,fadingorca0541811 followers
haerinkangg,haerinkangg,https://pump.fun/profile/Dd5RMVHj29sKyuTvtQZ4t1urRFRbPDD88nKmZgAbKuKA,,,haerinkangg71 followers
captive,captive,https://pump.fun/profile/FyGzbWJjtg9GoLCEMzaRNxdkBnqLx8xCQiPMG1wA6WyP,,,captive68 followers
jenaissante,jenaissante,https://pump.fun/profile/G7EFQNX8E4BLKL9jcVg1MkrohbhNTX7YMYnQCbG4fwSc,,,jenaissante55 followers
clownlarp,clownlarp,https://pump.fun/profile/usyV9G4XpmehNA179cdn5LLEADnZqRDNxru8gdj68FX,,,clownlarp41 followers
XAUtO,XAUtO,https://pump.fun/profile/359RYQq1QdRqazR9mnmeWfNJqs6cR5aLLPA66scfj6cS,,,XAUtO39 followers
ChadEasyBull,ChadEasyBull,https://pump.fun/profile/FcM3hRh21VhNqm1jxmety7LguszXvKhYim2Bhu9bhPBp,,,ChadEasyBull24 followers
i_sell,i_sell,https://pump.fun/profile/AADk49TMKLamTzYYcCtAcoSUiHd9sXAnrm8YX4ih399a,,,i_sell17 followers
huhyunjinnyang,huhyunjinnyang,https://pump.fun/profile/GTUf4ZKq25RNw3uyfk6nqRbUdnCEks1uVUYZtjUxEN76,,,huhyunjinnyang14 followers
TheCallers,TheCallers,https://pump.fun/profile/7ca86221-17af-40b9-8b4a-2351f7e0157a,,,TheCallers70 followers
automaticbot,automaticbot,https://pump.fun/profile/Fr3oJxpCQDMNyFUsUbfFfbHGJWDT4q8aAcdZTXZm3Lfj,,,"automaticbot1,111 followers"
Nibousa,Nibousa,https://pump.fun/profile/Fc6AJ5xSW2mYMFgdC3NcSuw5F4XjgG1ptHHy3DC4b8zt,,,"Nibousa1,074 followers"
RiseTo1B,RiseTo1B,https://pump.fun/profile/9weTnGjsEMJykVbiofSFyBoEdoPQHmpNpJeRnRvGPaMA,,,"RiseTo1B1,038 followers"
Dev09132,Dev09132,https://pump.fun/profile/GkmTnF7zTf5fnCBL2MmarQGq1ksopToth7YT9nhhLhkj,,,Dev09132899 followers
CalloutsOnly,CalloutsOnly,https://pump.fun/profile/E7MtjbRsLo9Q7nvtwmNU65c6NyTXazQNrU1CmdWXDfdQ,,,CalloutsOnly887 followers
KajaNovakovskaa,KajaNovakovskaa,https://pump.fun/profile/7QxQT7eUm2XRUDMgXs4NjfMynTjiWFS38a8BVGZ76G3c,,,KajaNovakovskaa842 followers
CryptoCamilla,CryptoCamilla,https://pump.fun/profile/FFsoKLQRzodi5mF4BKvTr5zZa7x1XchwgQqqr8nbu7rw,,,CryptoCamilla842 followers
d_p_o,d_p_o,https://pump.fun/profile/EAgaiZCWiZq69RQMwxk6a5usFoJH4FF56ZCkhuiBDMrG,,,d_p_o815 followers
zenstarfishlone,zenstarfishlone,https://pump.fun/profile/FroNRf6HV2sLH9uiMAixeYeUbUAcfaZExdmJS9vZYE4r,,,zenstarfishlone805 followers
Marshall595,Marshall595,https://pump.fun/profile/8s7cWLx4ZQXsxhrXHS2MKr4TTn6UpfHxMpbqfbLDGcv9,,,Marshall595775 followers
SaulGoodman01,SaulGoodman01,https://pump.fun/profile/Hzd3UVqJVM1WdVBeKXUAT5uivmfccZeyUPnRXorK6Psb,,,SaulGoodman01748 followers
vasudevkrishna,vasudevkrishna,https://pump.fun/profile/6Fz7tNMnyAFsrHy49CaHr9jBdHszQjzEgFQoRDW6aV9B,,,vasudevkrishna728 followers
broik,broik,https://pump.fun/profile/BMgTdiymfNK3xv5EACXc59i79samd8ot3fkN3FLvX9DS,,,broik712 followers
pumperlord_,pumperlord_,https://pump.fun/profile/AFdhefjL3oBzg6s39fHe9amxeEg2zwQmr7DEiMnGF5Ph,,,pumperlord_667 followers
as333,as333,https://pump.fun/profile/8xhfCXXVXtCmtH9PiwQsZhH7RrL4MbAPsRjfiJ68NjrQ,,,as333650 followers
rbnx07,rbnx07,https://pump.fun/profile/6KyBswAbumueiq5NZV7sR9Pdz2UuvsmWGejfAkK1DrBe,,,rbnx07635 followers
satoshibitc,satoshibitc,https://pump.fun/profile/GN76BPA2ugYkLDXTWEGKi3eEaEpfQRCLM73qDg3NFhrT,,,satoshibitc626 followers
christjesus,christjesus,https://pump.fun/profile/2Fu8NS2TTssveBZxE69hU1KJFwZ1rr4AxBronpDohrKR,,,christjesus617 followers
CharlesWolf_,CharlesWolf_,https://pump.fun/profile/AgarQwn574dxL8SnYCz7D7JLjPMJDj1EC1anzu4hLGHA,,,CharlesWolf_621 followers
TheProfusePluto,TheProfusePluto,https://pump.fun/profile/CYmCA43oZA2VsBCxVdXyhEKdULn2oBenCrrjodQsvYfR,,,TheProfusePluto613 followers
teresa34,teresa34,https://pump.fun/profile/6og3hsmMowpquU5fXfp8uCTJRq42Wp6Eh46XrkToipKh,,,teresa34610 followers
Ghostts,Ghostts,https://pump.fun/profile/BsqirseQBqLJtEqXTN89URgPYCFRXbnWxXSDeq84xkq1,,,Ghostts606 followers
Slabulous,Slabulous,https://pump.fun/profile/E75qsARUdM8nthzS3jbjtyFUaB7e3q6hgXm4fjPyZxht,,,Slabulous596 followers
TheRealChester,TheRealChester,https://pump.fun/profile/9NALvFkP8LsMh6xVVFgsvNh16ZTFSoVXzvVEj1K6KZjm,,,TheRealChester592 followers
topsquid53378,topsquid53378,https://pump.fun/profile/39JgdiJG5eJSdum9sFsccZ6QuX7soxfnAGWnMBaAtzqB,,,topsquid53378589 followers
goldenmask,goldenmask,https://pump.fun/profile/4uG711teaRP4jJmku7ojeFXe8p4xQGDyYhxtFmm9EXw5,,,goldenmask570 followers
Vikedex100,Vikedex100,https://pump.fun/profile/xB4mbJqDamqMnnbtLERu9Xs5igJWsWEeirjSySeLuxm,,,Vikedex100559 followers
taha1302,taha1302,https://pump.fun/profile/2sTyA1QgS48sg9BpFqF51B64EHC2drTPFGUznkSAeAkm,,,taha1302558 followers
BowTanCircle,BowTanCircle,https://pump.fun/profile/GcpGjCxcMDbAXoZkhsHEqy994PeNdp5TKeaMAkdHKQBo,,,BowTanCircle550 followers
blerim,blerim,https://pump.fun/profile/HBqyubp8VsbM64HAZFMaQZd8fMA7PnL1ZomKh7d6ZcY7,,,blerim548 followers
pine1973,pine1973,https://pump.fun/profile/64GKzYcBfeqXB5hkjDwWaKDqX8Y9nqeY78EwsEi1upgM,,,pine1973547 followers
chicharoncoin,chicharoncoin,https://pump.fun/profile/87wnz9VSLwAZvu2kjR3zQ1rWv9tqn6DEGw1eyVzQ48wP,,,chicharoncoin530 followers
MegaSaltyWeaver,MegaSaltyWeaver,https://pump.fun/profile/8EeuBZHyNvLGf8iPP6ibe5BRPHTYSTBv5aYVHa9u5QX4,,,MegaSaltyWeaver520 followers
pepper112,pepper112,https://pump.fun/profile/95pAwbS45BBFtFxkLuUix3inwemNUVHbj8EMtfzg3gFP,,,pepper112510 followers
JJCryptoBirde,JJCryptoBirde,https://pump.fun/profile/J5mBBnHB1YyZFV4ThRADiRUowYp5B1V4goERgpv6rpK8,,,JJCryptoBirde482 followers
Pepeatpumpfun,Pepeatpumpfun,https://pump.fun/profile/G5ADonaDdrhickc9HjBuR48UnNwCMyboxn11Mkeazr6e,,,Pepeatpumpfun481 followers
proshark6900spx,proshark6900spx,https://pump.fun/profile/7iNoLkmNA3KT6X9saNV9XypUwjpYXjg14AXmvXEmoi8s,,,proshark6900spx479 followers
Thenextbelfort,Thenextbelfort,https://pump.fun/profile/7QbgrRdvDxgpZXpSvsk3nzV5HXkGzkjJ8HZTLi9auTDe,,,Thenextbelfort469 followers
TornadoSquirrel,TornadoSquirrel,https://pump.fun/profile/3ocwa5syUkUDBi6uNdHdPz9RL8EyLkPL8NzXX2ZkaJPZ,,,TornadoSquirrel456 followers
01unlucky,01unlucky,https://pump.fun/profile/66cbpYWdCaknNJDebMexuA8DRU52mGW7WM5taeUQZmhe,,,01unlucky449 followers
SixQuiltMiner,SixQuiltMiner,https://pump.fun/profile/E3HYRRHLbfoFVcZtT4eCepN5GajJTJ1s5yfcBfx6EQAs,,,SixQuiltMiner444 followers
DEVIERO,DEVIERO,https://pump.fun/profile/HwT9TxKVZBm8c6Zc4iZAQvnmJSEPg86u6mWrgtrEV8TA,,,DEVIERO423 followers
BlackCrypto,BlackCrypto,https://pump.fun/profile/Cod54A8jvB1DV3yqXdNGKf3uZPYxcWDg97jVaEUR4cnq,,,BlackCrypto414 followers
DEV__MAX,DEV__MAX,https://pump.fun/profile/8cph4qzhtCaNeToxzrSnsR29K8Yq6BF7f5VBjKR9GXyM,,,DEV__MAX399 followers
KRYPTONIA1,KRYPTONIA1,https://pump.fun/profile/9BGwX8dzkLMArBx2cahiRpn6XYexp4LjYgGnCFScqxXq,,,KRYPTONIA1371 followers
sharjeel1985,sharjeel1985,https://pump.fun/profile/4ox99PFrZ5WetkgpuvPCd6Ehv6GAGo5NZiWqGNb4QVkp,,,sharjeel1985354 followers
whalet39,whalet39,https://pump.fun/profile/64KwtNtJXgHJDBoRKGEWC32g8GAX19U59YMQXuE5XdNY,,,whalet39331 followers
undefeatedd,undefeatedd,https://pump.fun/profile/8cxt2LCGEBjhQHSgpM91jiNqJLwVvWKAv41UWW5TLMd8,,,undefeatedd233 followers
terrificorca923,terrificorca923,https://pump.fun/profile/FdWM3wofrQpRMuvDZqbP4zfXddYWw2CjNdwBcqboC8KD,,,terrificorca923109 followers
0xwhalescan,0xwhalescan,https://pump.fun/profile/Ee74HnN114swkYnwfnZruPxxz8rXnmXaEeR3sH3qGJmZ,,,0xwhalescan597 followers
FoulMidiPumper,FoulMidiPumper,https://pump.fun/profile/2XZycmQxaEBr2n6xZpkxtv5PMtapZKU9bpAZsTA72pJR,,,FoulMidiPumper445 followers
moonkyd,moonkyd,https://pump.fun/profile/EE5LDD5doqXwpdz5LC7RfTxeCfKE4ZmmCB8hp6r44Qma,,,moonkyd414 followers
bonykraken32304,bonykraken32304,https://pump.fun/profile/mDR91ufq4S2uSHa9E2PYL7xg4LwcQXaQFP7YK864a1z,,,bonykraken32304365 followers
fewafwe,fewafwe,https://pump.fun/profile/DZPmSo91QadErckyuzijF2x1jAgi4nYLvuhxHJ3Tn1az,,,fewafwe298 followers
holdmycalls,holdmycalls,https://pump.fun/profile/H7tb2ERnqkUnBqBu5cf7PqRcKWDHWi1ipdTM1X1vAUsY,,,holdmycalls272 followers
rareorca58416,rareorca58416,https://pump.fun/profile/B8e3YXUHjJXLmbTsqk5eQP7jw9WA9HiiPndK8ygDnumD,,,rareorca58416247 followers
editorialist,editorialist,https://pump.fun/profile/FgrEaXT3mekbi8aCpUpXWD6r9eiWuwGYiytef2usoQKm,,,editorialist190 followers
urgrandpa,urgrandpa,https://pump.fun/profile/ENHC6jKxwzgFpRrXcZ3oGRxFgqiPD82JAeDGQWpRwdBq,,,urgrandpa163 followers
Sodhi_trades,Sodhi_trades,https://pump.fun/profile/EYuz5KVbFS242hWSsZy7otCBZeeXnkveMxnpAjui6yFo,,,Sodhi_trades143 followers
FairTanBear,FairTanBear,https://pump.fun/profile/EKZ1LofDNVNSnWYaTrx5NB7s4YRJ3uQpLk3gcXiFLwWP,,,FairTanBear140 followers
UltraNimbleDead,UltraNimbleDead,https://pump.fun/profile/4ceopHPgw9wATNvAMnDdekQoLtRxs4ELvq4FAdMA8UQq,,,UltraNimbleDead135 followers
CurseBestCacao,CurseBestCacao,https://pump.fun/profile/4CPQqg2GeUiyykB5Vz5VHMSDbGa6ztjk5RcpdMdm3Hu1,,,CurseBestCacao97 followers
backnarwhal2462,backnarwhal2462,https://pump.fun/profile/4PWaksfn9uM2c5oHQQ16odCazKp3KkLMD4Bhtmg5qCVg,,,backnarwhal246264 followers
tokenoctopus415,tokenoctopus415,https://pump.fun/profile/tBiA7rNtjEGZYCFwcV7B1fj1Cv2sLrfrxt9rjpvJtUx,,,tokenoctopus41549 followers
dazedflipper,dazedflipper,https://pump.fun/profile/Cp5kLZ9icgAvdcxWfQYtxBozi2rfaaZKmXV8oagZcZPf,,,dazedflipper46 followers
0xYami,0xYami,https://pump.fun/profile/AbDz944NrUvsiqRRRFA2mkap834Ubmw58htFmwCXzE1J,,,0xYami13 followers
GratisPastShoe,GratisPastShoe,https://pump.fun/profile/Dkwg3MBxKzck2y6nJ4FbLJsYqqkmCE2Eyy5Zu3rjLC2v,,,GratisPastShoe10 followers
waxedtuna56802,waxedtuna56802,https://pump.fun/profile/CdQXsDn5S3qHTmFheNRhjzaBqBSpw3eW4Ld4fVKnzgZF,,,waxedtuna5680259 followers
CumCabal,CumCabal,https://pump.fun/profile/0d6893c2-e005-4efb-b6e7-3a4aa4c340e2,,,CumCabal37 followers
SouthDentToast,SouthDentToast,https://pump.fun/profile/BX9nDQCtrPLFfjUDtDX1jt3zYCztypwonsX6VuxFAumD,,,SouthDentToast29 followers
0xprinceton,0xprinceton,https://pump.fun/profile/7VTydtTF8J4JsvQo6T171oHYUup9tCYH88rUe3Z6E55A,,,0xprinceton28 followers
chinaquant888,chinaquant888,https://pump.fun/profile/7LuBvtgsh9h1y1jTSZZ56eZyG7cSbj3S9PvM5L9MoPGa,,,chinaquant88815 followers
sonion676767,sonion676767,https://pump.fun/profile/DkhEoK2C4xgxEwxZVDZx4aiyvQG8sqR4RFqdFBoCqmzn,,,sonion67676712 followers
ifeedmyvillage,ifeedmyvillage,https://pump.fun/profile/CD1fzZjN2VBF9ANeZCiN3nGvGyrSLSTzr3xAhqGeiG8o,,,ifeedmyvillage12 followers
homo0sexual,homo0sexual,https://pump.fun/profile/CtWD2kVnR6hTgV6F6FXCiexqKm2R14V4Bs1c535NSr2z,,,homo0sexual11 followers
samsrep,samsrep,https://pump.fun/profile/CUHBzSPSaNS3tArEtM3maSV6pNdJhHJFYZpurPPK9P7H,,,"samsrep2,967 followers"
slavnarussia,slavnarussia,https://pump.fun/profile/EL9BEcKHeVD1hhnvwieqpoh2BFsTqJ2W4NkWEH7KrqT2,,,slavnarussia33 followers
notne0n2,notne0n2,https://pump.fun/profile/GSFkbegxoWu7o9yRDkJKv9LUMLzLH2HeZ8WNHnfGvWA6,,,notne0n213 followers
kazami,kazami,https://pump.fun/profile/AABTGzynxzf4AyLU6KDEjA3NSx4g6fS5KRawTv6SMXGb,,,kazami12 followers
isolnxck,isolnxck,https://pump.fun/profile/DzNiRoh29FfazjrxKWDai9Q282QJpCRXcmAixe5CjAtu,,,isolnxck186 followers
La1of1,La1of1,https://pump.fun/profile/92Yv6GtCZ8iuz986z5kBrUfyQHFLfvNXMVMNYfZt3quZ,,,La1of1100 followers
GigaGiftedRacer,GigaGiftedRacer,https://pump.fun/profile/2nMCrzxMZz8S4Q53qMUXFWHyqsu3pBXLZt9KF5PfNuYt,,,GigaGiftedRacer28 followers
SirDex,SirDex,https://pump.fun/profile/35LGtPKQ9qKfgUDjjdb2AgAA5hRQFLnHhszsfRnwQzHX,,,SirDex385 followers
bigmanta20099,bigmanta20099,https://pump.fun/profile/ZBrbp9G8hkX1AiGq665nqcf1rCKp3SQubbJempg9P7i,,,bigmanta20099168 followers
freddygoes,freddygoes,https://pump.fun/profile/4dG9vNdWv2ip99ijvPXkTwdLnuXa59ffKRiLzQhJrNLF,,,freddygoes167 followers
DONMILKY,DONMILKY,https://pump.fun/profile/4oLEEnEFhC7t2wLcYzVJJKEtQKLjYjvB6MN9nRZ7CbwS,,,DONMILKY33 followers
freshpoodle_149,freshpoodle_149,https://pump.fun/profile/9vTPZpmAJhGMSzXVKEgjzaVoSpkWqBvj3GtYnmmhEWuj,,,freshpoodle_14928 followers
0xDoubleTap,0xDoubleTap,https://pump.fun/profile/6SbYWN8b6HVcAXJCb1CfN3amptmYGoToB1QQvv6a7Qks,,,0xDoubleTap16 followers
RageBaitFnF,RageBaitFnF,https://pump.fun/profile/21d7d619-1efc-4341-9b5b-45f983db778d,,,RageBaitFnF9 followers
banki444,banki444,https://pump.fun/profile/7bab5FjQoeaJhRpXHMojdNp5zsoAPanhDrg5v9yxpqd3,,,banki4446 followers
devoids,devoids,https://pump.fun/profile/EMouAWkMHJH8hM5G1xxNWyM4YTqGc8ZTuhHt4X7c1pG8,,,devoids98 followers
majestyurl,majestyurl,https://pump.fun/profile/7jPKMRjt2KQzGKKrNTt8RTjMG743GEgQT5jhPWHgwQPk,,,majestyurl19 followers
person,person,https://pump.fun/profile/5XmhTmbwNHakLcDT6erPjwtYg8PBBgGeHgxWYu4MbxDc,,,person16 followers
ihateocto6er,ihateocto6er,https://pump.fun/profile/CM13CMZQsXouSp8Ekux3bgetgiDH3TBqgXs8HCxBK6gh,,,ihateocto6er9 followers
TokyoX1000,TokyoX1000,https://pump.fun/profile/AT9nP2tiYVEWx64gJ1muNEFzLp16hfzH3ERxnoRh9UuJ,,,TokyoX10006 followers
zenin_toji5,zenin_toji5,https://pump.fun/profile/4fpkhEq2Umky3Z5mC1A8NdD6qRjGMsffUEYA6H6UCcE1,,,zenin_toji55 followers
ravelthesis,ravelthesis,https://pump.fun/profile/DvcDwrU4h3K1YwtjL1j2a71kRVrKZhJtW9iF3ADZStpf,,,ravelthesis4 followers
N_in_paris,N_in_paris,https://pump.fun/profile/4SAudrBPjPtyD8XeWa3k9NYoGUrTszft4x5qtZhuTMV9,,,N_in_paris2 followers
EBTWhales,EBTWhales,https://pump.fun/profile/4161e3f5-cc45-42b7-ab67-f33fee19aab9,,,EBTWhales10 followers
Dusky67,Dusky67,https://pump.fun/profile/6A2ffTWLnF4yEYUE5FZ6CwWzNbm6U6YnC961qTxd1eiE,,,Dusky67230 followers
gothiccmamii,gothiccmamii,https://pump.fun/profile/4JP6DcTBormNqbTKHCH1aKP4Sr9oeUVrMvv9uENt79mk,,,gothiccmamii123 followers
QuantTitties67,QuantTitties67,https://pump.fun/profile/5wNDqE1GnniAscq2PipMbD1sJxkiiroysrxUm1VSSUnS,,,QuantTitties6749 followers
bull12345,bull12345,https://pump.fun/profile/argBY3beN7VRYuDCiwktZ9sDSG3UncrpzSwjQ83pwER,,,bull1234547 followers
squidwaldd,squidwaldd,https://pump.fun/profile/5VZosNnCDDvVXdvjVmZRt1tnXL4fX9aPVA2iyo2dpE47,,,squidwaldd38 followers
slimsshady,slimsshady,https://pump.fun/profile/BasYWKJbjxMv3tzjkciSAQihr3iLjBRMiCGoGG9SLim,,,slimsshady21 followers
TheAkatsuki,TheAkatsuki,https://pump.fun/profile/48b2b79a-d9a1-40f2-bfcb-2dd6b246b70e,,,TheAkatsuki16 followers
Imtheon1,Imtheon1,https://pump.fun/profile/2zCATC1rFaMr5ogU1nW5wfTPdb99g2HQL6GUVwyw8wcC,,,Imtheon110 followers
carebear23,carebear23,https://pump.fun/profile/Dji4V8G2TroPVZxE6fvTdJSY7neXDFZGSbd7edk4HB35,,,carebear235 followers
fik_yafd,fik_yafd,https://pump.fun/profile/28pULZ6HPBymFeLdziz31HscQtYEoUta7kokTPkMCmE8,,,fik_yafd3 followers
Drizzt10,Drizzt10,https://pump.fun/profile/BaVEbLXqoDdEdwCn7uJgRHUAEXgs1F3Ehg4Q5NK6RuCv,,,Drizzt10338 followers
wagminarwhalele,wagminarwhalele,https://pump.fun/profile/DPEFerGt9UcQfFZvdZc2Fz1sQqF2SoruaR3jxkNTSZpf,,,wagminarwhalele320 followers
markerx,markerx,https://pump.fun/profile/CQervCdE3WAUGRmaTj9NHdbNrNGVsxJb68t3QggcntM2,,,markerx320 followers
Kreo444,Kreo444,https://pump.fun/profile/BCnqsPEtA1TkgednYEebRpkmwFRJDCjMQcKZMMtEdArc,,,Kreo444314 followers
olddolphin41264,olddolphin41264,https://pump.fun/profile/95ddWCEqs7bX1vAPFXgAxNKmYkCvpQFiurCk4KWg2AST,,,olddolphin41264289 followers
RealPeterParker,RealPeterParker,https://pump.fun/profile/BnNMkMRhQmAd56KPN9141ULX9HhPmQrkSzYxr8CCPbyX,,,RealPeterParker272 followers
xdev44,xdev44,https://pump.fun/profile/8wXk6YpUBN1vwdJdphrhL2JtyG6GPZFS88VHjTDTa2y2,,,xdev44203 followers
JJJJJJJJJJJ,JJJJJJJJJJJ,https://pump.fun/profile/2946NEMnhf8e4mdaEocygg8WmwZ9ZFYnSicVmHj4cALA,,,JJJJJJJJJJJ199 followers
Humbletrader777,Humbletrader777,https://pump.fun/profile/4DA4CUvXNUZzEjb8TLsMx67qvJwtW5KJAPT2tFgVSga6,,,Humbletrader777201 followers
SuuSuu,SuuSuu,https://pump.fun/profile/F5s6Au2zJDEVhnKZZEdoKwCpCbin3PyHdtpFbk4LW2wY,,,SuuSuu168 followers
yellowshark8957,yellowshark8957,https://pump.fun/profile/5e2qRc1DNEXmyxP8qwPwJhRWjef7usLyi7v5xjqLr5G7,,,yellowshark8957168 followers
prettygirlpsyop,prettygirlpsyop,https://pump.fun/profile/9WG8jna3pvk1J9Nm4RvkZmqAxXpkWMd26KGZbkvG83NA,,,prettygirlpsyop157 followers
wezzz34,wezzz34,https://pump.fun/profile/74DVBE6KtL54jprcM8U78ZjEC6aWKnxMrHkXYrE5Uejx,,,wezzz34151 followers
MotionBoy214,MotionBoy214,https://pump.fun/profile/9yn4dgb65KpyBJQ9bktwKZaVaakJxmpiC7m2JzyKjPhf,,,MotionBoy214145 followers
staticshrimp210,staticshrimp210,https://pump.fun/profile/9ALkCaMKfSkEmXoGVrbCDptQj9f9YQhF4sxEiTBHgvdB,,,staticshrimp210124 followers
pumppilled,pumppilled,https://pump.fun/profile/4gTGF9t15dbNDcezHf6XpZJMB8a5QQ23M1kqjmFjFYnR,,,pumppilled122 followers
turbosiaha,turbosiaha,https://pump.fun/profile/9tAm2JU2fFXsjqzRSFEcr6pWuLxA7mbWHu7oXeCLKswH,,,turbosiaha122 followers
SigmaCutMeerkat,SigmaCutMeerkat,https://pump.fun/profile/BCkM2dnxHLxEbxBEGBEYSz3rosX6uxjcLYibUrRSb8vs,,,SigmaCutMeerkat123 followers
Jefeeuby,Jefeeuby,https://pump.fun/profile/5Aw6epuif96ZUUAP2CDphyFX1rmrhfUjMsYmYrjTG1Be,,,Jefeeuby113 followers
SuperWaffen,SuperWaffen,https://pump.fun/profile/9RgGHpixPM5CnYz8pDv6mT6qVD5ZVZsFg3vCFxh5UxUz,,,SuperWaffen107 followers
marker_x,marker_x,https://pump.fun/profile/ByXk1FEfaaX9sf9hSwFfkuZLBRZ7S9cutZsWMRQw2TjR,,,marker_x108 followers
gArLiCbReAd_uFo,gArLiCbReAd_uFo,https://pump.fun/profile/5MxvjuvLwqqLyegnnDJyXDjb4iirUr7ZJkFMCt5cb4TD,,,gArLiCbReAd_uFo106 followers
zixzah,zixzah,https://pump.fun/profile/FT9cwJgg2vf6JcqvEe7A2SAxt469F7zBLtyhsqYW2YvH,,,zixzah102 followers
bobotrades,bobotrades,https://pump.fun/profile/HBzz3V6vWrBcSWJX4mRRW5fMsCiH8DnW5NdT9LYW2vto,,,bobotrades86 followers
Kem0sabee,Kem0sabee,https://pump.fun/profile/8EregGZdZ6doFgrWH1GzSiEfhgdYceFRjLTaKZUZgttn,,,Kem0sabee84 followers
AgateFlashList,AgateFlashList,https://pump.fun/profile/GaB8TsBavRCodktVEkqYLZpTRALhhZ9xo8xjzW99kkLa,,,AgateFlashList76 followers
notradinghere01,notradinghere01,https://pump.fun/profile/2bZNCi4uaUaHAthP2JMWc9L57yUH4xVqNPC4PZK8kRRF,,,notradinghere0171 followers
insidenigger,insidenigger,https://pump.fun/profile/4JwcPbdN17rTfWgG62Hz7BP14CgKT45EhyqaUBG4yHjs,,,insidenigger59 followers
NotchBrookLord,NotchBrookLord,https://pump.fun/profile/H7Tto12J19tySHUAMPobfrqLBZRNGTtLiymJoDg4dw8y,,,NotchBrookLord43 followers
BlockWittyWok,BlockWittyWok,https://pump.fun/profile/5Samx7B5KxaiaF5qeaPMNNbRSLe19nXGpXfhjiv7NV2D,,,BlockWittyWok40 followers
StarTallBuffalo,StarTallBuffalo,https://pump.fun/profile/GrwPaZ94dHnbcHrvoYGL3GKvJUoMj6yS91iDsLUNXqSv,,,StarTallBuffalo39 followers
BurlySnowyFuel,BurlySnowyFuel,https://pump.fun/profile/cKW5GD33uQPzsRkjdq8KGr3pP2Z2Q7sRN8HhVrRdy6z,,,BurlySnowyFuel36 followers
usednarwhal6555,usednarwhal6555,https://pump.fun/profile/B9M65xc8ts8ZxX9gxkn7iJpxxNtnYML4WaHNL4WTVmmL,,,usednarwhal655534 followers
MintWhipTilapia,MintWhipTilapia,https://pump.fun/profile/HwA6r3KFuDgNo1dezkCEeFF9yhwqMcr68tVFxNW6RBnq,,,MintWhipTilapia21 followers
LushPumpedBeet,LushPumpedBeet,https://pump.fun/profile/7oUi9t7wFyUb4Kc68rybHRdRgt8mBT3JprL5z8oVHv9a,,,LushPumpedBeet18 followers
softsalmon99287,softsalmon99287,https://pump.fun/profile/7CrUbQtY87btTA55FaaGih3P4PKoCGYDVX78fd9tt5mA,,,softsalmon9928718 followers
oddwhale33663,oddwhale33663,https://pump.fun/profile/85sdFb5rnJYeMQqdLouNmuiPWCNBX1gWxV5Dyor7ZJjt,,,oddwhale3366315 followers
tepidtuna45203,tepidtuna45203,https://pump.fun/profile/DGWKvixZq3crmiNvAJbjDmARjz3ynzDaUTHGt8D3jiKj,,,tepidtuna4520315 followers
reddolphin23131,reddolphin23131,https://pump.fun/profile/8SqSWwEZNuYC1omM1fqTDw8VfiuCmykgAK3UgWchfEoy,,,reddolphin2313114 followers
BumFarto,BumFarto,https://pump.fun/profile/5qUwh2mXze5pAdynvGojwCPGASWnFFGhtN9v9gZY8CDb,,,BumFarto8 followers
soreoctopus3463,soreoctopus3463,https://pump.fun/profile/DkMgH7xoc8jFLmfunxYm4QJwQcCo4s7R1SWcK4ZqHnDx,,,soreoctopus34637 followers
takewhatyoucan,takewhatyoucan,https://pump.fun/profile/3Emhim7YNPs3vZw33nwXWfmSYPjup7PNZYG4Y18BUJb1,,,takewhatyoucan6 followers
ChadMutualCup,ChadMutualCup,https://pump.fun/profile/CTo4fFS43oDCHpR12UQFKByt6k9S68ggg1exW5w1B7QD,,,ChadMutualCup5 followers
UltraMooredColt,UltraMooredColt,https://pump.fun/profile/C1hhBn4R9Mg4BsPmNAbtj3BT75TCphMbv47JuU5HWzGQ,,,UltraMooredColt3 followers
Rod_Loung,Rod_Loung,https://pump.fun/profile/GtfBAtGuf76QKzePFVQ8m2KhPsdpqZHt4HhfFiwkBdHp,,,Rod_Loung405 followers
SossadotkWifey,SossadotkWifey,https://pump.fun/profile/7xjcx2QyAEtWnyKakWiQYsTFwfVeujMJzDhxMzDXkdci,,,SossadotkWifey10 followers
Prospa,Prospa,https://pump.fun/profile/4KqQSMM4trhGNBVTTJWymU4jHg22PKnbWBQbjedXnxRN,,,Prospa113 followers
prettypumped,prettypumped,https://pump.fun/profile/BRNSEFBrY38mVGBrHkNaM3CSwBYN7xXZ6MFVeEVcJQLc,,,prettypumped30 followers
merts_eth,merts_eth,https://pump.fun/profile/Ayw1k4uSCk6TbpKsmyqu1Lr1PvvjtqVVTd2TdHWzZaPT,,,merts_eth26 followers
formlesscrab125,formlesscrab125,https://pump.fun/profile/CLM6E4zpTviEC77nWKogpVLQoXx9tgoQCYJ8NibxKg1Q,,,formlesscrab125495 followers
RingedCatZoo,RingedCatZoo,https://pump.fun/profile/3hHvAzxMs6cMYU638oeg6cGp1C1tqRF1VPWnDEZddEhL,,,RingedCatZoo282 followers
weewhale14690,weewhale14690,https://pump.fun/profile/9oC3XYAs2oeU39NeNFke8m3JGixMq7g8PfANsmsbKR8W,,,weewhale14690273 followers
GiddyGraveSofa,GiddyGraveSofa,https://pump.fun/profile/4RS3Hfjr6KCRNuBdhFt3iBQHKXDgEunLMK8dqCvLdq2Z,,,GiddyGraveSofa271 followers
ritualtuna67629,ritualtuna67629,https://pump.fun/profile/F6MmiLD7azY87uijwqNWN8DeG53eDuAXHZLupudExbCP,,,ritualtuna67629240 followers
spicymanta66070,spicymanta66070,https://pump.fun/profile/F5x2jv2KmgvWSYRxisMoDbwyeyVqMPuj6f7fXpH1GwJf,,,spicymanta66070233 followers
tiringfish83428,tiringfish83428,https://pump.fun/profile/7DzCT1NYu3dzCARfRtqCFUJjMdhzkc9DqR8VyYfoe9Rm,,,tiringfish83428198 followers
jrscalps,jrscalps,https://pump.fun/profile/2GsYxA8jXeGdnXVpvMp4FrFdXPjyqp6ETqsUx7F8esdx,,,jrscalps197 followers
virilesalmon538,virilesalmon538,https://pump.fun/profile/8ZXnRVHWzcqgy54q6WUQKfAqfk6fZTYfK9BV37XjNcAf,,,virilesalmon538181 followers
BillieJeanPhil,BillieJeanPhil,https://pump.fun/profile/BqgBKAatTpGuBvEDdaqvyhPsYFSzc1HA4KAHxMHJ8CYs,,,BillieJeanPhil181 followers
horribleorca801,horribleorca801,https://pump.fun/profile/Hv5V5APBB5e73y7SRVKVHPvS48RJEEJ3bYeuuj4RL7mC,,,horribleorca801180 followers
fairkraken08690,fairkraken08690,https://pump.fun/profile/HnS8Dp5Q2R94TxLdTQbiAEJAwxj4rcrKFyYiW5Z1UEB8,,,fairkraken08690179 followers
PewterFourXenon,PewterFourXenon,https://pump.fun/profile/F5MYbjEATQFD6rxwdS2zXzEHBGuUhSGvJkUhLFAcr4hv,,,PewterFourXenon172 followers
TarVintageOrgan,TarVintageOrgan,https://pump.fun/profile/2E1g7f7AYSJkUkzMbkwP3QkuawHWDqWbU6Lx39agKsPs,,,TarVintageOrgan168 followers
aptseal20965,aptseal20965,https://pump.fun/profile/5VRgqb2qbVqaWVGsM2k1b2bnPJk7up2xYbn4ziEjFgNt,,,aptseal20965150 followers
GigaFreshAllium,GigaFreshAllium,https://pump.fun/profile/Dw3LY8NnG3BB1EEXCNJwAKtVoEE7faEYiygYNHfFPNb1,,,GigaFreshAllium111 followers
plushwhale81039,plushwhale81039,https://pump.fun/profile/FouvEeP7t8PPV6viZuq9b9JVAZGbs3tb5u3dGa4XvQH,,,plushwhale8103993 followers
cagedfish17255,cagedfish17255,https://pump.fun/profile/2LLA6T448s1FLcrSkGd87juCfnFA9Mes1zCPPu1QVEUF,,,cagedfish1725575 followers
WildFreshEnemy,WildFreshEnemy,https://pump.fun/profile/DyCdPoiZKYyLHwFWgrknKDzKgHd8Zw8UijA59odyzszc,,,WildFreshEnemy64 followers
spentdolphin756,spentdolphin756,https://pump.fun/profile/9iazUCkaBKMoHpxk6JJsUstE9Kezx3eR6ZtqYX1Zze54,,,spentdolphin75617 followers
silkenmanta3084,silkenmanta3084,https://pump.fun/profile/5m3ENmasuhoHS5EegoMdcS1QUWoefo6rHZdDVL8dmGJa,,,silkenmanta308413 followers
Realyahitoma,Realyahitoma,https://pump.fun/profile/ABQgTqPzm3278pvFGxyWDr9cxKRKbrka1oQWzFAaxcvB,,,Realyahitoma102 followers
MR_YONI,MR_YONI,https://pump.fun/profile/DPcQ6Hos5hqNuP61Lz3mbRvM8T1biveYMtqg1BDFvanV,,,MR_YONI25 followers
466886,466886,https://pump.fun/profile/GTfAyEz66voLoANvAtsyEUUJpM2Ve8B2nBjns3ZpDqJC,,,46688620 followers
Gogola30,Gogola30,https://pump.fun/profile/44vNhaRyrTa6Q6pmCNsutYe5tGG9H5YU7czuwZn97g5F,,,Gogola3015 followers
CraftyCo0ks,CraftyCo0ks,https://pump.fun/profile/E2R5zHzo6E14c2rekj87vzaSbWCbfuCZcrKQqk5Qxyrh,,,
merdobabaG,merdobabaG,https://pump.fun/profile/2nufTgFGXiph9GwJEshrTHUHSRRoHP4x8AbT6sPghTdi,,,
devils_brew_dev,devils_brew_dev,https://pump.fun/profile/E78h5MLejnbFhpB2taYJBSZWM4vD36PDy7cAK4pKapJ7,,,devils_brew_dev4 followers
DreadPirateDale,DreadPirateDale,https://pump.fun/profile/BKb2xiBCHtWwKeRmp87NGfoh4UoZTA67WRUAoPKVZzQX,,,DreadPirateDale187 followers
J4CKszn,J4CKszn,https://pump.fun/profile/BFhow6neEJXgVtWbgVms17WNGoFPkQKDyyFEyD9XSkGW,,,J4CKszn126 followers
Hart_0n_Chain_,Hart_0n_Chain_,https://pump.fun/profile/ExRVg3gxrJRdVGHk3Dp34umZnwTq3QwST9EYonC4aJWR,,,Hart_0n_Chain_107 followers
funshark64481,funshark64481,https://pump.fun/profile/4WFgxbFDSH6PbMhqCGErqBKt6oguh4EXdcpfv4AyzepV,,,funshark6448193 followers
4sc3nd,4sc3nd,https://pump.fun/profile/HqxWXj8VJsGAwJuesYSxfsehfgjeZhu5LKYgvvE4gm9Y,,,4sc3nd70 followers
SizeBetBoys,SizeBetBoys,https://pump.fun/profile/84vg4SPbuU6WS5bWNu6b2Z3Yy3VaATdLPR9WRELTEyBP,,,SizeBetBoys51 followers
jcharm,jcharm,https://pump.fun/profile/6aATZJrN1woW3M65iah82sHrdKrPTqmHVzMTHatEwem,,,jcharm47 followers
TopOfTheChain,TopOfTheChain,https://pump.fun/profile/5DtGStQ8vaK2ZCdt1X1KNozNZhDrX2ixvHZnUu4DnS2b,,,TopOfTheChain34 followers
moonsquidvisiti,moonsquidvisiti,https://pump.fun/profile/Dj87vP1ncQPAGcxFkZUGn1HsVcQtqjpgMi3zUUBGAbUf,,,moonsquidvisiti30 followers
codedfinalsafer,codedfinalsafer,https://pump.fun/profile/2MpS8p4cYMDJnwyugBQP8BQHjrUJFLWgEgvWe1kFnYav,,,codedfinalsafer30 followers
topicaltuna4525,topicaltuna4525,https://pump.fun/profile/DMYo4Y7hfvRDePRxFMYqkwJqkiXaQ6cg4t89cGtfo6Tj,,,topicaltuna45256 followers
RadialRustSheet,RadialRustSheet,https://pump.fun/profile/8RXPL29RBv5A1fC9QxGn4Cf7BQ4G1FBDpxCYLzHmoYE,,,RadialRustSheet69 followers
BCTreasury,BCTreasury,https://pump.fun/profile/D9zmeGJM3HKczZ9i5uFAF6CEEr7UGxyiBLoZNJGondoM,,,BCTreasury42 followers
MLansky,MLansky,https://pump.fun/profile/CeqFZay7i21JdBYaCF4o6SFR4ys8XLk7t8CoVcb2bV5m,,,MLansky95 followers
NIUER,NIUER,https://pump.fun/profile/HyLpyQAdbgCPJGniFc1tNhqSfJFVMFYviphyrpjvVnb9,,,NIUER35 followers
nominalfish5276,nominalfish5276,https://pump.fun/profile/9M5kGYQmrURpMXH8o2ZikTDcK8Dfsm7CEh6QFB6gDNgF,,,nominalfish527621 followers
zulu100x,zulu100x,https://pump.fun/profile/9LB364wgGh3Mc57Mvg9Vi2gzLFjc7sJBUkRgQ5sBfaej,,,zulu100x32 followers
Andrew06,Andrew06,https://pump.fun/profile/GoJM9nYGHjzjyeAfYivBBRQVJ92spX5v712vrVfUixtM,,,Andrew0638 followers
OG_b4ller,OG_b4ller,https://pump.fun/profile/9f9mM7wFdePDfR7FR14F3gTgxhfuTWwXxAfvMMddRYi6,,,OG_b4ller38 followers
LuckDeepBuyer,LuckDeepBuyer,https://pump.fun/profile/9CgKUEMottuQUE71VrutNEKkzCxZkbJjPk7mzHxRAxoc,,,
FoolArmy,FoolArmy,https://pump.fun/profile/58e41944-932e-4548-bdaa-6807d3cfd3e4,,,
jodski,jodski,https://pump.fun/profile/BAuEZRBt3AmbshGGLc52B5J48sC6FyBcGoj3MteJXkQ9,,,jodski66 followers
BROCU,BROCU,https://pump.fun/profile/b1764242-c8cc-4b56-b262-136ecff712b0,,,BROCU59 followers
boredmoneymaker,boredmoneymaker,https://pump.fun/profile/BDJTfPwWLdE8Az2xZipfwZkTiJPDt1AsU2qx4CjY3RpM,,,boredmoneymaker53 followers
itsberkah,itsberkah,https://pump.fun/profile/6cKaXTmWiSiHs3J5H11HjBo1tn9Eu74yBvLq5ja2iWcW,,,itsberkah49 followers
Sol_N0rd1k,Sol_N0rd1k,https://pump.fun/profile/3gWaWjCffqDhGwT4vg2eK5Xz6SqeXBah1C3TEEV7bzMz,,,Sol_N0rd1k37 followers
kinglandzz,kinglandzz,https://pump.fun/profile/84wVTqKnmVi6uxMJXdKGcEH21Wn1ZVGcHwS4huHawVf7,,,kinglandzz24 followers
RememberMeNFT,RememberMeNFT,https://pump.fun/profile/H9RqpeN3raxtniBG63BjrpEJoLSPzrfLyzmbb5hFpUV9,,,RememberMeNFT24 followers
jasminemarieeee,jasminemarieeee,https://pump.fun/profile/B729X3wQ1dwGZTt1VH63EAdmhECq7SDVhgDJg6ioMMwE,,,jasminemarieeee156 followers
basedsealhazard,basedsealhazard,https://pump.fun/profile/FmxPtncbwaB1VAnqtUn9fJafiVdkxhbBthbRCk7a94Kf,,,basedsealhazard49 followers
sigmamarlinlowi,sigmamarlinlowi,https://pump.fun/profile/4ybMWyKd9qi8QTen1MitavWBRS2seaEQAU8G9FMXo1x8,,,sigmamarlinlowi35 followers
thinnarwhal5670,thinnarwhal5670,https://pump.fun/profile/FiAeEg8Wc8Xn9YtGFGdnoEfpoD6PdqaENQmyBvap5DV3,,,thinnarwhal56703 followers
nowaitlist,nowaitlist,https://pump.fun/profile/8pyK1zKZLPHxschD8hgJrmQ31BoSBFmaGJk6MFbSRbz4,,,
vivet,vivet,https://pump.fun/profile/5fZsXfs9urMjnf9HW9HXe7xmfhsYhDUW49m8FXNmd5g,,,vivet48 followers
PRINTXBT,PRINTXBT,https://pump.fun/profile/9jJspitWKe9b8Ce1T2qG2mRkPsdFBLsbFrRH8ZKxrbAx,,,PRINTXBT17 followers
drowningfish120,drowningfish120,https://pump.fun/profile/B3bjeABgXXTWCBjLyeuzhh9dEsMiTY7qn6f96APGjdbw,,,drowningfish1209 followers
ComfyLunarRange,ComfyLunarRange,https://pump.fun/profile/5uxLEtZzxTTLWP2xcXXDeDGn73UgwXeaH7CkznKkXcfZ,,,ComfyLunarRange431 followers
WhimsicalBigHub,WhimsicalBigHub,https://pump.fun/profile/H3en1XWQHfbNWjEDRnRFi6HKVkZG1P7twdAHTvnCnYE3,,,WhimsicalBigHub357 followers
1sonick1,1sonick1,https://pump.fun/profile/3BEZBkBx8XjQgLJ46UMNvcRbXaPvZqPWR46Qnh5ZQszv,,,1sonick1278 followers
mehoihoi,mehoihoi,https://pump.fun/profile/EeZYt9U7Z5ui2JF86yRD914uKYzgJnGSUn9ZNZVd4BPB,,,mehoihoi262 followers
SpikyMixedWheel,SpikyMixedWheel,https://pump.fun/profile/7quc7Spfny7P4pFxit213PWs1a6S5ZRahBhiJ6fBCgFQ,,,SpikyMixedWheel223 followers
RockyyG,RockyyG,https://pump.fun/profile/F6xcfMtkMj2R8Ex2Fu5mgEsu1ikDYnL9SLHpPnA7kVZP,,,RockyyG203 followers
FreeSereneDuke,FreeSereneDuke,https://pump.fun/profile/DYbZngFdHcaEEo4iLpjtAXKgXCECftbAhZeampomtCQc,,,FreeSereneDuke196 followers
ProfitTrades,ProfitTrades,https://pump.fun/profile/7QJuziesY23LqFatfbGuaDqnmm1zSjPPpNNPUJcwofGu,,,ProfitTrades185 followers
SkyHulkingFox,SkyHulkingFox,https://pump.fun/profile/7D5fAcz2LTARqPc7D1L2aVFDajizw358PV4tPCTDJpE5,,,SkyHulkingFox129 followers
mortalseal47219,mortalseal47219,https://pump.fun/profile/7Sr5FKdYmHQq2kcXisHMMBU6jbnaKqFwiC7dAtFU7Ux4,,,mortalseal47219127 followers
numborca09041,numborca09041,https://pump.fun/profile/CfNx9LxWbHh8Ut6F5W33Ra481D5RNAF1YiGEnAgcAUKu,,,numborca09041125 followers
FireDustPaper,FireDustPaper,https://pump.fun/profile/2mYnTfkQGxzRe8v8HcAtnMXFRveyu7tNSgZfwaMeLGzf,,,FireDustPaper96 followers
moodymarlin9013,moodymarlin9013,https://pump.fun/profile/ARL8jqAyxKQaa79c2wikahmzfNNURRQTebiQXtXsX6QR,,,moodymarlin901383 followers
DegenShyAcai,DegenShyAcai,https://pump.fun/profile/94EB5VE2smsooL8LdSiTVeQhiSdnQP6vTutHVYgmRQ5V,,,DegenShyAcai52 followers
VeiledWildSilk,VeiledWildSilk,https://pump.fun/profile/HRd8A2YjhMBSGEQaPYZ9NF6DUSKM3FGyLDciHDwMoWNK,,,VeiledWildSilk43 followers
HolWristInDaPot,HolWristInDaPot,https://pump.fun/profile/7r1KyuADLWPtsjbPko9cR67Sku5wuiUBmxXh8LwNW9Q6,,,HolWristInDaPot24 followers
NeverGoonAssoc,NeverGoonAssoc,https://pump.fun/profile/1b365049-e773-460f-888d-0df76c66ff4e,,,NeverGoonAssoc22 followers
SolForestTuck,SolForestTuck,https://pump.fun/profile/7hgnzaPhKAQq5k7S4ugmL1WzDpAC9NhxVC9NoHJeu4zy,,,SolForestTuck16 followers
CyanAutumnWire,CyanAutumnWire,https://pump.fun/profile/Hnc1v6RDNiUgUufaBo2A6dpDYhYJKhvnZ6JiXeyBBNfN,,,CyanAutumnWire12 followers
theycallmelip,theycallmelip,https://pump.fun/profile/4i2gDg9rCWe7w38YW4pbLs8uey3uC3LYzF7z7y1K7pve,,,theycallmelip10 followers
klewww,klewww,https://pump.fun/profile/7LMdgSaPM99omRCeFWp5NEEavhZBiFcER3KcVLJW3oYk,,,klewww10 followers
juuclutch,juuclutch,https://pump.fun/profile/3jSn8h2V6Hmxkj98siBEKhT2egeP1xhpr8HADpKsNeXD,,,juuclutch8 followers
condense,condense,https://pump.fun/profile/4nQ1emR5DrWRpGEJoPiS5mwkhsixz3qqoDdEwam4YCQR,,,condense7 followers
courtjester,courtjester,https://pump.fun/profile/Hzkr6hSMtScVX6iK9dSN5Tiv8Z7xNDZxtRZxqEyMhrwc,,,courtjester5 followers
Melsopaid,Melsopaid,https://pump.fun/profile/6jBZXmPpBiTD8kx9mFL9dtfvPHrSKLiCRKxfW48SFuiq,,,Melsopaid5 followers
WaxFluffSage,WaxFluffSage,https://pump.fun/profile/BdkVrqgqW4c88otKHthtU28S2QTtLsDjCiF9ydVU5jhE,,,WaxFluffSage5 followers
mehkisorandom,mehkisorandom,https://pump.fun/profile/Axi1cm35o6M5NmeB43GTUCv3ANw8wFngBFJ8j2i3T9Zn,,,mehkisorandom4 followers
4hmed7,4hmed7,https://pump.fun/profile/d1jjZMUTsaYbUVx16A7nmWHTAArzTEZuujUsuAK5bZM,,,4hmed7124 followers
maxerr,maxerr,https://pump.fun/profile/9Sqg197RhjuE7du88VeKJWQcaAuzdpr38VviKjvGn9Yh,,,maxerr199 followers
TheJeffy,TheJeffy,https://pump.fun/profile/7eafwNgZtQ84Yapaq2pZVxiVteVSNVnygaACbwf6CjU1,,,TheJeffy144 followers
Lunaxo,Lunaxo,https://pump.fun/profile/53UW318m1TZKab2uXMU98yPBqmMx2d9rz5YCpsnb6vAV,,,Lunaxo125 followers
JookCrypto,JookCrypto,https://pump.fun/profile/2Me4JcmiHbsVrWjSyUHkoXV6iUBmoYaPsMLsYySKfZog,,,JookCrypto99 followers
0xmontana_,0xmontana_,https://pump.fun/profile/AGqqZpB5mCXDNuoppYetfneDYYSzfeM3poKapdxvcqh7,,,0xmontana_96 followers
GifMe,GifMe,https://pump.fun/profile/37LBG23DCKRKKdvJ84pYbzWwEQY593EjV6VQy1Tm5jnB,,,GifMe58 followers
thedanity,thedanity,https://pump.fun/profile/DnfFmjo38MTVXLG2CkfPad2iz3guvc7CFz5W6txsnhq4,,,thedanity51 followers
Sooperboolish,Sooperboolish,https://pump.fun/profile/EGaTbscNb9WwvxUENU87Rmo5BdMX7QiHhV2oFrAKPPGt,,,Sooperboolish45 followers
XParadose,XParadose,https://pump.fun/profile/ETtcGQAKJeXrpefgpQgKE3ZDk7EctR84mGNSfRPdYRpF,,,XParadose34 followers
mrblondesol,mrblondesol,https://pump.fun/profile/DkyBbB4vAVfcSbjPydLFtCvzvHNeAJnP9TsiDr7Vf9rQ,,,mrblondesol16 followers
SillyGooseAss,SillyGooseAss,https://pump.fun/profile/a87cd0e3-ead9-450b-b0a4-ac7ca2dd514f,,,SillyGooseAss15 followers
mravocado,mravocado,https://pump.fun/profile/BmbmH41WD8YmCtRwU5e6N5GXz9XLqyXqxwPnemzUio5A,,,mravocado12 followers
Quanterty,Quanterty,https://pump.fun/profile/HMzTAoGXmTukVdsjzQ5FqBWFkRYHWqmck85ZRLABQ6tz,,,Quanterty7 followers
GamyKindlyGod,GamyKindlyGod,https://pump.fun/profile/7TRvRmG1zZwF5WV1aV8UmJ6JCqs3E9whnkndLcbkZTaP,,,GamyKindlyGod6 followers
youngbuffboy,youngbuffboy,https://pump.fun/profile/7fZLSFZnsHZNuBdWhPhMcgkW7UGNp3NMgkAvzMWxVxPJ,,,youngbuffboy3 followers
Zenodegen28,Zenodegen28,https://pump.fun/profile/amX1Gq9X9X6anrUBAKF93PpdBsiZYSit7KDu3QwYCQV,,,Zenodegen282 followers
SilverOL,SilverOL,https://pump.fun/profile/9d962kCRqnn6vpxR3xByresbD4JsPibhV7UBipwAecYL,,,
jtradespump,jtradespump,https://pump.fun/profile/AeftueU1GtYgZLQ9GtPEHVaXSE5Xit28Kh4j6ACHzBk4,,,jtradespump324 followers
GhostRebirth,GhostRebirth,https://pump.fun/profile/75NWamscKMqRiH6DM4YuDrPuDsQ5mzH2XGSdLVjYZXaW,,,GhostRebirth275 followers
Dogmoneyy,Dogmoneyy,https://pump.fun/profile/GgAfwUHUpuQmPjHruKvN3f4tUsJzzMH8o54kPyPFYdxA,,,Dogmoneyy85 followers
tcookiee,tcookiee,https://pump.fun/profile/DFJKFWdxXbyTmQjjYuMkUMwTxhqNd9z5Dfe3j8fjN9pe,,,
ocalebsolo,ocalebsolo,https://pump.fun/profile/34Kq3jEpUxjr41CCE9ot6nSgdANgvqA44hLpYwuPHTB6,,,ocalebsolo621 followers
KindConcreteBug,KindConcreteBug,https://pump.fun/profile/6Z6RJJGrmVyndcPyTFhmLYHkHttiYtTccKpXFV9r2237,,,KindConcreteBug101 followers
floweredorca652,floweredorca652,https://pump.fun/profile/EAKLGP5soDoge5rRDXMbGyUkQfoPTVZT5gqC5auHrw2i,,,floweredorca65276 followers
beforeYouhate,beforeYouhate,https://pump.fun/profile/3Z3tLpRoSVMfEJDAbTQyLkfGQ9AVuRRU8oguJ7ihoLKp,,,beforeYouhate24 followers
yakw,yakw,https://pump.fun/profile/Csqb9LB4VawZeATJhEqTtT4NcNkRRUfWDQ3J7z6jZbkT,,,yakw29 followers
TheGoyim,TheGoyim,https://pump.fun/profile/df5bc5a0-da69-497f-bb60-8d1059ee8336,,,TheGoyim22 followers
NotZaro,NotZaro,https://pump.fun/profile/GUPQDN2oLbYNLJ5FjTRmXthCMCa9jjaUbARgAuXwgp4A,,,NotZaro6 followers
b3rtzb,b3rtzb,https://pump.fun/profile/FVKvtcThstWTCpbXjubBCdYv7Y43cM6f45JQxJW79PKf,,,b3rtzb5 followers
cryptofaverity,cryptofaverity,https://pump.fun/profile/HQE8aXqk5mKZKaYtDkRscjqguLz7YdQMxLSJYvUAa8zX,,,cryptofaverity2 followers
b3rtt,b3rtt,https://pump.fun/profile/8RPjbo8c6WeMEYsAJzacLNRDVfMe88PLmywaZo65wcRi,,,b3rtt2 followers
washedzaro,washedzaro,https://pump.fun/profile/98HFJMpWLJzGnd42JRpz2fzY75cugW995GuUuNTsvXFZ,,,
cured,cured,https://pump.fun/profile/DCjtZMZvQqmgKGeE9Wf62erquHentr36tKwVMSTTLQvx,,,cured90 followers
peaceofbutter,peaceofbutter,https://pump.fun/profile/4tYyg9BhMKsk6gNVAfCDtjCyarXVZXcBHFNSFizUBr3i,,,peaceofbutter161 followers
supersaiyan5,supersaiyan5,https://pump.fun/profile/GPC1yD7iWBtwyefMH1y45ss5UMQYnAuBGP8oKW6EkBGW,,,supersaiyan571 followers
ReApe,ReApe,https://pump.fun/profile/CxFagSLJrTGA6ms3LoEyhoqmFpyWhHzpTu3uALhHiCzm,,,ReApe31 followers
Erichthonius,Erichthonius,https://pump.fun/profile/57W2w3ido54ufv2Wi3xv6ZdjtBbVP1ibvAn86gyp6N9,,,Erichthonius9 followers
ElJefeCalls,ElJefeCalls,https://pump.fun/profile/GcEHYMbXqTbFb1hGEp1xhcEbjWqzquzX9RiBAMFxsb7N,,,
illmanta46562,illmanta46562,https://pump.fun/profile/9e4ytuykLwHqZuikyXrjvECzana23edVXfidKDnDfbiV,,,illmanta4656210 followers
wildwhaleethica,wildwhaleethica,https://pump.fun/profile/chudc2GnxyW2V7nmLA9bkrzFmKkvPyTfN7V7Uu6XG6o,,,wildwhaleethica933 followers
utterseal20912,utterseal20912,https://pump.fun/profile/Cfq1ts1iFr1eUWWBm8eFxUzm5R3YA3UvMZznwiShbgZt,,,utterseal20912306 followers
xrp420king_,xrp420king_,https://pump.fun/profile/3dVxsdabRBKyMUeFAMNfoQT2Vve1BwoVzwYewA9sLruD,,,xrp420king_167 followers
Antigravity00,Antigravity00,https://pump.fun/profile/6kNaYokivt1vWvLk7NEwJkMqxetZ3yNRutmPb3kMcRN1,,,Antigravity00106 followers
spitoshi,spitoshi,https://pump.fun/profile/AWrUF1j29qc5eKAxg5ZuHMULTUQDe51i7EhaqCbrWJqS,,,spitoshi106 followers
BlackRanger,BlackRanger,https://pump.fun/profile/67Q1wCywVXTuRcS6bQ537xsmSCHUXBGfLxZSygKb66j9,,,BlackRanger75 followers
StayGayG,StayGayG,https://pump.fun/profile/AXBxNiFHZ6nbSb8P4A2LDhPbVZMW6LnxKSAyQwys3Cub,,,StayGayG35 followers
gigamantautopia,gigamantautopia,https://pump.fun/profile/FUBcoav4925pUD4yDd4kLLY3FaQwG16CaDBWZ2XW43ek,,,gigamantautopia25 followers
wholeshark78762,wholeshark78762,https://pump.fun/profile/8WWx67vHGvCuGTRQLVGxYsBZMpVQGK4dA15uiHgiwQAa,,,wholeshark7876213 followers
realshark68894,realshark68894,https://pump.fun/profile/8YRdQ9BVBmeYwDksTxfjFEQWFjErpjr9k3Dysc6wVoec,,,realshark6889413 followers
urbancrab57531,urbancrab57531,https://pump.fun/profile/GNjVM4vU11pdxFwLq1dfUgpQ5vmgNWn58msMniHcTqLL,,,
SalamSalem,SalamSalem,https://pump.fun/profile/JbMT3nD237fvhbmTPJr6v8BN2r5dDpVW7BpgZkEXVCh,,,SalamSalem680 followers
chefgusto_11,chefgusto_11,https://pump.fun/profile/FqnqAXEyojrYecs7KusxmVc3HDKh6TMyxraEev4H6mjb,,,chefgusto_11619 followers
goodydogy_,goodydogy_,https://pump.fun/profile/4eDSNYifMvEFCVUt5kF8nHSDDWSQW79UBFHbYogP5Sbs,,,goodydogy_590 followers
wildsquidchilly,wildsquidchilly,https://pump.fun/profile/4goaRhdGtGrMoVQc7Lrji4d1WzDHEWvVt3GH4wV8f1bf,,,wildsquidchilly518 followers
green_12550,green_12550,https://pump.fun/profile/CuKVH3zHBrGeePfk6A25WgHpHmvMeL8mhUijQa2WAcvA,,,green_12550371 followers
acid_burn,acid_burn,https://pump.fun/profile/ByBjGio3QYoGt9oh4VC3RD87S46EYUV4Xbo2fBh9DBJR,,,acid_burn360 followers
Geckoooo,Geckoooo,https://pump.fun/profile/2AXhgRch5rshu1RBUGVyqdCDMCFiNS8Yr9cyRN5HzbU7,,,Geckoooo262 followers
king_lowie,king_lowie,https://pump.fun/profile/6S3kinAurzZPT4QYkpZAkPvTQ2Fzo4AXFGPYyjffpCBH,,,king_lowie251 followers
Mchldev447,Mchldev447,https://pump.fun/profile/5Nz3N1MpB1A7MmxaCihZ5B4FQBXCUVRoNE4KYjagUxQp,,,Mchldev447238 followers
anglishiantrade,anglishiantrade,https://pump.fun/profile/HJ5hwNkG7JPQ2N4vFZnDHRUBbxsmeT5t9Whu34DbMKRb,,,anglishiantrade161 followers
xrdasq,xrdasq,https://pump.fun/profile/Evp5bWNqqaXXD4jM1Pf6BMt5BPK62uBZjZszuyMLgxuK,,,xrdasq138 followers
Alienn00334,Alienn00334,https://pump.fun/profile/7hzt73T6JvdcNKWUnpRQKVa6J98brRA92qxJ2iCVUNN1,,,Alienn00334113 followers
chairmark,chairmark,https://pump.fun/profile/58GFeboCx6khq68Ja68Liw8YDEfnjfFeXJJV2H8f7SQT,,,chairmark99 followers
squid_70,squid_70,https://pump.fun/profile/B4ZRZfQ8cM89UvKaErmM12afzdxthxn3nKYLGDzUJ2JT,,,squid_7088 followers
gennar,gennar,https://pump.fun/profile/DMginjvM4EHNKkAXw7Mi52t9VoAUr4Q7q5u39GRpN1MR,,,gennar77 followers
FactualRichPony,FactualRichPony,https://pump.fun/profile/GrcneECUevEZRTueEMJP7j7iLASGp6D3v6gsYk91DJBU,,,FactualRichPony66 followers
ftradesfomo,ftradesfomo,https://pump.fun/profile/EMx75Psh1sw38KkkrDh9F7yrgKDt8tpcowKhNszsRhDJ,,,ftradesfomo64 followers
PumpPromote,PumpPromote,https://pump.fun/profile/AKJGZfPi66sGWdqzFyqMEDqAFKNbi7VTvzKS6myhmeqp,,,PumpPromote63 followers
tomsol56,tomsol56,https://pump.fun/profile/9DsiHzfRjWwhrUQNpDXLXE7b5nccHFadDjMmF8zkRt81,,,tomsol5629 followers
MotleyFireSofa,MotleyFireSofa,https://pump.fun/profile/7n93uKf1iVyp6M3uwxAdraMU8LcQkf6YHiq5f2CYhRgo,,,MotleyFireSofa28 followers
RealKennyPowers,RealKennyPowers,https://pump.fun/profile/2mgPZno4M5kDkWazqiCWQmJKuSsELpyCH8BEpiUByAwq,,,RealKennyPowers27 followers
HodlRiverBarber,HodlRiverBarber,https://pump.fun/profile/DgUVxCwcgNFUbsEzkdnAh8ftmXgXcBkuC9ueorQBneHR,,,HodlRiverBarber19 followers
trmpete,trmpete,https://pump.fun/profile/HrBAYCYnVkyrjPSfpRJsPn7x4mvNbURWSAcw74ysS9AH,,,trmpete14 followers
LaserLumbarFin,LaserLumbarFin,https://pump.fun/profile/CEBnzN2Lj3iLgi5BGR59mBrC4g8D4KTStT87rxdvn6n5,,,LaserLumbarFin12 followers
mememaxxing420,mememaxxing420,https://pump.fun/profile/4NvwiBTzjj7DVFT4mA7oDWrudarxcmTcQ7hc7vk7jzp4,,,mememaxxing42011 followers
ponkemon_,ponkemon_,https://pump.fun/profile/EpUxZ8byvitbqW2TXCyX9W7jmKaXQL59rJiBbyZHmhYy,,,ponkemon_10 followers
fancylobster254,fancylobster254,https://pump.fun/profile/FVPT8Dmnw2NN4KQBmru7weVHzzCFQnd1xqpY1h3j7qYH,,,fancylobster2549 followers
ChillCookieRed,ChillCookieRed,https://pump.fun/profile/AXpTGWixcyADYE25D25THMQKKYL8tPKBm8RsLBK7vwLt,,,ChillCookieRed7 followers
LaserTinyLemon,LaserTinyLemon,https://pump.fun/profile/BuD2jeCyMsbCWgh6T97ndtDjWnhx1Ca3uwoupTp62eih,,,LaserTinyLemon3 followers
WittyFoilRadon,WittyFoilRadon,https://pump.fun/profile/PfHdVewRbMCPfgoxMFVznJajbt9anZwaNfucGbRL29n,,,WittyFoilRadon2 followers
adorepapi,adorepapi,https://pump.fun/profile/5ruP54mqvZnnjaNaBuYFNNuFUbDbzZAwhi8WfeBAGi74,,,adorepapi366 followers
sadstarfish0105,sadstarfish0105,https://pump.fun/profile/5vwrSC7TWPAm1dn5mYwqWxNaGkJgLPaeKvtZ9VdfMRbZ,,,sadstarfish0105332 followers
loftykraken3507,loftykraken3507,https://pump.fun/profile/AqFd4tqNxprVkGBEPCpuc2X3ZB54Z69RHLdVxKpU7VPE,,,loftykraken3507270 followers
niggajones,niggajones,https://pump.fun/profile/7XURCfraWRfNoNBk9wNqFmoWUdCGrDZXrGoWSc7WE5Nv,,,niggajones270 followers
TrustingNosyAsh,TrustingNosyAsh,https://pump.fun/profile/C7Ky2tNQ5JSxTmKEpSQTQRCyuxBsBW5vLdPmqEdP6QkC,,,TrustingNosyAsh228 followers
dvyvrg,dvyvrg,https://pump.fun/profile/DvyVRgJhnh4f9XfKFMEi8uutHujwLjvQR84ecPWwfxjj,,,dvyvrg185 followers
theuncdotsol,theuncdotsol,https://pump.fun/profile/EszKEbQLk1zWij8SKTdC36SAVXsapyrG9PpWWcqYsSbr,,,theuncdotsol165 followers
MintIvySteam,MintIvySteam,https://pump.fun/profile/H92iq3E4bEduDBiPyvvRypfAWcAQDyktANgpFyZmeiai,,,MintIvySteam123 followers
dirtyintentions,dirtyintentions,https://pump.fun/profile/8mrP2irGGzjfCLywd4dFfbnmMxBNjwXA3WYux893ZdqB,,,dirtyintentions109 followers
jupe531,jupe531,https://pump.fun/profile/GnBbV25vuKvW8z8gGyutt1JxLYnDBPnNAuWEbcAhvS84,,,jupe53171 followers
niccosol,niccosol,https://pump.fun/profile/HXeiT7VSgQA8gb587fphQbaJNosueJQRYhxUY2EHtT7N,,,niccosol62 followers
DeepTenGuanaco,DeepTenGuanaco,https://pump.fun/profile/8QcfLoVEgrjGA7iHAKxRbryoRRCQwDaUyZDjVwW2UkXz,,,DeepTenGuanaco62 followers
MemeMoonBalaur,MemeMoonBalaur,https://pump.fun/profile/Hb2X9VfhbKiLWubUDdakgXhgFDtPCgneRK1BPMxEVjVY,,,MemeMoonBalaur52 followers
PickleSahur,PickleSahur,https://pump.fun/profile/FuFGkwunzG96yzod4v8MMXFkHD4xLwhp9jhqwcfSS2y2,,,PickleSahur32 followers
MIJ,MIJ,https://pump.fun/profile/HaSVPe8cQBDkpJofdfWcmJKCjVh6pFFjGp8viEozXhZh,,,MIJ18 followers
PieHandyLaw,PieHandyLaw,https://pump.fun/profile/GYEjfs57ENH9FqPzv4vUuUvzyKZXMftZSBFkqre9Bw6o,,,PieHandyLaw14 followers
loudnarwhal3210,loudnarwhal3210,https://pump.fun/profile/EDhCmK9Ky5C7DsbbhxFtUscYhzawD1k1QrNqAusSi2Bz,,,loudnarwhal32108 followers
airysquid05538,airysquid05538,https://pump.fun/profile/6p17ea2uf7sA5QeGBJq3KGSL9Ue9F3bJu86Ko7mMPT6Z,,,airysquid055388 followers
HoneyScytheFang,HoneyScytheFang,https://pump.fun/profile/H328chqTXpPmPZQeVDQykuDWqW5uptSV5hyQsd5hp5sr,,,HoneyScytheFang7 followers
Gr3gor1An,Gr3gor1An,https://pump.fun/profile/3sTLuXqMaWetEYthrdoYppDVGLi9a5BCJc83taWwaUoW,,,"Gr3gor1An1,422 followers"
offstarfish2719,offstarfish2719,https://pump.fun/profile/9rDMVCH7mQ9N2PkyHw8KT8wraMhF8tyMz9R631yyL1df,,,offstarfish2719766 followers
merrydolphin160,merrydolphin160,https://pump.fun/profile/9SLPTL41SPsYkgdsMzdfJsxymEANKr5bYoBsQzJyKpKS,,,merrydolphin160577 followers
codyismanly,codyismanly,https://pump.fun/profile/D3tr9TztUFhN8wB5QHGdwgeJKxw32brD8egDUHHbFFQr,,,codyismanly444 followers
PettyDePablo,PettyDePablo,https://pump.fun/profile/PDY8vXgJ8RLWNgmcM31Y4EU1iL6XYSZ5cAyMdrTttF6,,,PettyDePablo380 followers
ShelledWaryLyre,ShelledWaryLyre,https://pump.fun/profile/D2ChvFYo3bsEnV7UAdUSeMrmF6z1CCEYDVWXewawYDrH,,,ShelledWaryLyre360 followers
fastmarlin93398,fastmarlin93398,https://pump.fun/profile/Ds8x2aTfR7nR38nH61b1mZKrAFRQL1s74Q4GKeuFkpkB,,,fastmarlin93398331 followers
ineptwhale49379,ineptwhale49379,https://pump.fun/profile/4x3R1vS5fotTmejGQA3Fo9jErD3xZqhjVt8n9whL9mMw,,,ineptwhale49379256 followers
fuzzydolphin953,fuzzydolphin953,https://pump.fun/profile/EWJuYRkYc5rPRFoRkuuevVRwrkXBQgEQttwFXqDzG3Hs,,,fuzzydolphin953248 followers
livecrab62536,livecrab62536,https://pump.fun/profile/7TWnq4WeYcwQWBCwKeEX2Q9xqVtthPGkB7adNvueuVuh,,,livecrab62536187 followers
emptyt,emptyt,https://pump.fun/profile/45JENEhmB63ZztWPnjwHQdcz1s6WaLMHfnozespQnkZg,,,emptyt175 followers
satoshipugamoto,satoshipugamoto,https://pump.fun/profile/HqooL6c8uDCqz1ga18pppfR93biHXaiWkyj8FMutxLXQ,,,satoshipugamoto173 followers
coedshark81565,coedshark81565,https://pump.fun/profile/BmFdpraQhkiDQE6SnfG5omcA1VwzqfXrwtNYBwWTymy6,,,coedshark81565161 followers
Imnotabotloser,Imnotabotloser,https://pump.fun/profile/Ae9BNbNGL3Jgep7YfdWk5h9HiTH5YeVELQ2Ssibjapwy,,,Imnotabotloser160 followers
ANSEMNO1FAN,ANSEMNO1FAN,https://pump.fun/profile/GLvszujwXKhsqCnQF8n9kjhS6iYeAdnYcSNRD8JSGQWs,,,ANSEMNO1FAN132 followers
one_percent,one_percent,https://pump.fun/profile/BXCjxMZrRgqKRYmEPJmKU8jKzQ2UggXWF8MubQ75SQbJ,,,one_percent128 followers
ForestBrickCopy,ForestBrickCopy,https://pump.fun/profile/3SqHK8GdsJ8RQvU8hbj8ejJNa8sH4ekkTcUNEWiM1mHG,,,ForestBrickCopy122 followers
Melyna18,Melyna18,https://pump.fun/profile/6HUfTCBn6zHpzHJUjAKArzoBaVG32PXPwyUff1LGzsoN,,,Melyna18106 followers
StoneCatnipPlow,StoneCatnipPlow,https://pump.fun/profile/B2ddN23BNiDAKHy13r8eMymoWFLodvmcMq3LTBfhD6Ue,,,StoneCatnipPlow91 followers
tallshark69208,tallshark69208,https://pump.fun/profile/B2f9t2AQKHE2jK24iCxC95zmgvcuZxkkK9HUjvd3k418,,,tallshark6920886 followers
coyfish29059,coyfish29059,https://pump.fun/profile/DRvJEnxTmEVCaSjSDxBeEtybqUvCtZGvcXhUzM1AwRS8,,,coyfish2905984 followers
eskaerla,eskaerla,https://pump.fun/profile/GxVJP4b4jrhbvDvSbGfbtXWELmNzEXsuNCH8ZwyhHnJ5,,,eskaerla80 followers
FanElegantMaker,FanElegantMaker,https://pump.fun/profile/7FuxBTHEAwNa6nQs3qpwyGxv7k3RS2ynZY2WnaDvmBrk,,,FanElegantMaker78 followers
crasscrab90375,crasscrab90375,https://pump.fun/profile/D3us8ZjT9eAZDBYYsowmfcDE87VvPbHRN1YaQckQQwnJ,,,crasscrab9037573 followers
CactusIvyNinja,CactusIvyNinja,https://pump.fun/profile/9CEo1Ygodzcbomp3PmmRDNZnoWTs8fxKXjzzviqcJBmw,,,CactusIvyNinja68 followers
theterminus,theterminus,https://pump.fun/profile/5FL9zY4TwwZqqGwspJhmsKxRvgzbbA7EMqNeejisiXCJ,,,theterminus33 followers
intactseal99375,intactseal99375,https://pump.fun/profile/35agaVmnjmWarmCx1NGKHjtcPfWUo99p22ZxDfmDS3VR,,,intactseal9937531 followers
timmyyyyyyyy,timmyyyyyyyy,https://pump.fun/profile/43kNohJJcnh6ZvH5TVPTkRKKJXYwHXoP7n8jDMcYbDEv,,,timmyyyyyyyy30 followers
FLOYD_AI,FLOYD_AI,https://pump.fun/profile/4GKqsWzxgMUZcbSfczo4vwFF5yYHWNgvRHgdN5VsEH12,,,FLOYD_AI29 followers
faget,faget,https://pump.fun/profile/A9dgPqynmrFSvqZVQ9JDdAkYgrpLNsqUqeLbzu3JhVTq,,,faget26 followers
tanfish70436,tanfish70436,https://pump.fun/profile/3umbzTZGERRkXQ4ZdcmricozxqVMwCFSm9uxuiUNk5sa,,,tanfish7043613 followers
MixedComfyCoder,MixedComfyCoder,https://pump.fun/profile/GBVURVPYRSZd2RbCXo3TTeG2Ppjd2fbTVpGADJDKU28M,,,MixedComfyCoder13 followers
PaleSnowSoccer,PaleSnowSoccer,https://pump.fun/profile/9qDpwWR8zrX6B8hiKM6QwPCgWkswiTC5q3zapQtgfCB8,,,PaleSnowSoccer11 followers
outermarlin5769,outermarlin5769,https://pump.fun/profile/HjGiw8iRfdJNH7AZohzBfhhN1s13kbpXqfijXYeJUxBp,,,outermarlin576910 followers
GoofyStrongWay,GoofyStrongWay,https://pump.fun/profile/4Me7SRKZFiUwMaTF4zBZd3PRvXYegYzTrSUqt8sgGH5Q,,,GoofyStrongWay10 followers
similarshark290,similarshark290,https://pump.fun/profile/GPV62zCVeN6phMNoYfr2k1wnr3UDCvxzkvjLddCs97ii,,,similarshark2907 followers
intentkraken425,intentkraken425,https://pump.fun/profile/3UEBraMacLZLQX3KBLC5hLMYQTsxGVGRZPH3cibm7h8a,,,intentkraken4255 followers
12335,12335,https://pump.fun/profile/HpjWWn16sRkCBUdzdWCmp35D9T5PCu8UnHMWyUYkYSNS,,,123354 followers
leafymanta65007,leafymanta65007,https://pump.fun/profile/A3XzPVA2FSLcbX6t19toSQL9Wh93z3mN7CjnQ6KhxkAi,,,
Adin,Adin,https://pump.fun/profile/6591ksDUon4QsuhnwVfKrmdVmL3uTCRZx7YvucHDmFSe,,,
cru_connoisseur,cru_connoisseur,https://pump.fun/profile/EYAdYigLQu8BZkLYjiphMVSpCYaoNzy1F6T7SmyoNt5o,,,cru_connoisseur89 followers
takenn,takenn,https://pump.fun/profile/FxsTB2zTVX41p2aHywgtamNTpYRGTMGDW6XsriiWCHNm,,,"takenn3,264 followers"
DanyloLive,DanyloLive,https://pump.fun/profile/2oh5wsyRCoqPSquN2ctHxdfzMcfF33fCU3NtR2H1XGvK,,,DanyloLive129 followers
snaihsvskzisbab,snaihsvskzisbab,https://pump.fun/profile/6Pc7qcSKAwWZxHbkzLvwBwhzL6LwvzqN2gFD4vM7LPgK,,,snaihsvskzisbab119 followers
Tommy_Vercetti1,Tommy_Vercetti1,https://pump.fun/profile/HzTNPDGRYdGan9yCH145rX4nPzK2Am7g7xJ8UZxpn6nj,,,Tommy_Vercetti138 followers
brokeaahbum,brokeaahbum,https://pump.fun/profile/Dn2mibnszwhZRj4sKEsD48aJRffaYJS7ZjxnSBHvgiTd,,,brokeaahbum117 followers
japital_nihao,japital_nihao,https://pump.fun/profile/DszdVmXqsJh1fgbY3kKZpTBuYBCBBsigHgjutps3uBQd,,,japital_nihao89 followers
brownieOG,brownieOG,https://pump.fun/profile/95jzj8iBE2qadvmk7iBPXwXb3X7PFDqM8aiZnvY4Q7Wd,,,brownieOG71 followers
legendreplyguy,legendreplyguy,https://pump.fun/profile/HgKt8VjacEXxCqj1qUMDhYCwpYN3Qa6KdvLjZaC9zeFc,,,legendreplyguy70 followers
SKUMBO,SKUMBO,https://pump.fun/profile/FMaYjNeyMsRpmbqJxgTqFTDYU63iynbWkm5voQ4dT7MZ,,,SKUMBO34 followers
JollofFan12,JollofFan12,https://pump.fun/profile/9MF4pCk91VcoLxGhznFQdtcA19AU1JxMNzff3LbN4pM,,,JollofFan1221 followers
realbignibba,realbignibba,https://pump.fun/profile/9bhCBcCeQVmkxPAmr8ohg519f74SXbTqDfqRwid2whie,,,realbignibba15 followers
thelargestjacob,thelargestjacob,https://pump.fun/profile/BXGSANBw2KDyEMNSxetcvoG7dGYB6wNFMwTrZVkLY2Ew,,,thelargestjacob8 followers
investindog,investindog,https://pump.fun/profile/9bmZBYi45rQeBkLryc6e72eQ3bQdQEavRMt1rR6oCtyR,,,investindog346 followers
95diquen,95diquen,https://pump.fun/profile/DQ89iWzZ5GoAxbRF3wewvtmSkft1G7uKPRqWLERKALbc,,,95diquen24 followers
scone,scone,https://pump.fun/profile/AYS283ywQDQAqzn7gVp278sEbdeQaoGpi4duAz8RR3Se,,,scone214 followers
IbuyB4U,IbuyB4U,https://pump.fun/profile/3NihTdkywcUng2g3QuSGWL1hk8xxTwrw4hpZ6uZkPX6R,,,IbuyB4U5 followers
HK47,HK47,https://pump.fun/profile/MFq7r1pHitGQgGXpy4jcobnTL1y33Q1eEG1tV64MZPY,,,HK47283 followers
ROGER_B1,ROGER_B1,https://pump.fun/profile/GHRsHVmJQuTAV4tQK26iTGJGmNAvrZuhQqBPc5r9Ce5D,,,ROGER_B1184 followers
impdontskimp,impdontskimp,https://pump.fun/profile/AX9Qpy9T2exZ38qHFMC95uF2PAC85mXRWbU6GzGcxqx,,,impdontskimp52 followers
GORGESSV,GORGESSV,https://pump.fun/profile/3dasx37yyhjME6wYCYvmW9egBGyGmLwBUFekPa5yd6eR,,,"GORGESSV3,857 followers"
blixze,blixze,https://pump.fun/profile/5vg7he5HibvsAW86wfiuP6jw7VwKmUAnP6P93mVCdpJu,,,"blixze1,979 followers"
madsalmon73074,madsalmon73074,https://pump.fun/profile/CtPxvpWo1pk7HtL6KwpCLMMdsXHC6fdqAN1bPiracaQq,,,"madsalmon730741,067 followers"
Saynties,Saynties,https://pump.fun/profile/BVr1BGsT72PpSTbsyjB6KZhjRdJ2FzkBhg55nXsNtDs,,,Saynties674 followers
deepwhale05396,deepwhale05396,https://pump.fun/profile/5aLY85pyxiuX3fd4RgM3Yc1e3MAL6b7UgaZz6MS3JUfG,,,deepwhale05396675 followers
Hellzbellsss,Hellzbellsss,https://pump.fun/profile/2et2XEKa1qSqacHNcfvPcMUwjXjtVyvuNWPqbSQ5URXA,,,Hellzbellsss668 followers
pappardell,pappardell,https://pump.fun/profile/GxPoKNX26GCisuH8Sdr8rtfZY98L5t5eegKtDzSA9P6W,,,pappardell628 followers
hottuna42147,hottuna42147,https://pump.fun/profile/7BNaxx6KdUYrjACNQZ9He26NBFoFxujQMAfNLnArLGH5,,,hottuna42147592 followers
Ibroyako01,Ibroyako01,https://pump.fun/profile/9XqUEJvHJzfnBUUBZNXR3vF7BNAbnvTum8eBVCzzewot,,,Ibroyako01582 followers
bigmoneycrpt,bigmoneycrpt,https://pump.fun/profile/Fy3YgjcHkW1R7TFeThWBiNUnr8FVqTQDgFM3FCvM1W9o,,,bigmoneycrpt535 followers
notafraiddev,notafraiddev,https://pump.fun/profile/5WCMBCYuE9ZyVqbTgBWPjSYdVMjFqGgrc26pB1FWgLst,,,notafraiddev535 followers
BasedRafiki,BasedRafiki,https://pump.fun/profile/CehJcd3hKQZiyeo41YhiiexwRjubMSeimPfqe7ZnDsKh,,,BasedRafiki528 followers
Lukethagee,Lukethagee,https://pump.fun/profile/HMHqujqoRFV8oaEowYTvN1hVUJHb5JqbAjbK74TVJyYc,,,Lukethagee528 followers
InfernoVoidz,InfernoVoidz,https://pump.fun/profile/4XNUMb6ZPWoaep3vaMmu9d5YDo2SdWJx5dxGfkXaDWj8,,,InfernoVoidz490 followers
genoh,genoh,https://pump.fun/profile/5F8qXBPvyNBnoSWmA5oeDwK9SS3Hv29o36Pn8xVpBLYi,,,genoh474 followers
BigDix,BigDix,https://pump.fun/profile/99eWRWVGcnQgB3gBUAbKUsvNqbfpRDbYgHyrDKHU3xKH,,,BigDix464 followers
SkiiiZ,SkiiiZ,https://pump.fun/profile/Anqp7bmi4WvQiP6u6xvNAPi36SrB6WhTfRRB8amCgoct,,,SkiiiZ463 followers
whynotlollo,whynotlollo,https://pump.fun/profile/Cbu5Hg3WLepw9vH2eyjK9eXYNDuMUub17kdfzpXMvY9Q,,,whynotlollo456 followers
rackzzdoee,rackzzdoee,https://pump.fun/profile/DEwLpNvuktqyjJgWQQVWfiL9ja8iv7eEnS3HrSBC3g5G,,,rackzzdoee446 followers
26player,26player,https://pump.fun/profile/5wJGoVtqi94wM19GZSGjZYsYz7FbJyLhM95Wz7e4v4eV,,,26player434 followers
TheX1KOracl,TheX1KOracl,https://pump.fun/profile/GBR19zoHJT2ZLECJWvwnspLooevKVrWFRwgJgCXNTeDa,,,TheX1KOracl434 followers
warren_peace,warren_peace,https://pump.fun/profile/C7pmrQAYnsgXTr4zirxN79zi2RfuABtFkqQnytq8sbe1,,,warren_peace403 followers
certifieddawg67,certifieddawg67,https://pump.fun/profile/J5KrUAnadzX3xn43hXgdXFSHssLqwRkiH2nGLMPAC5f8,,,certifieddawg67402 followers
0xLeathery,0xLeathery,https://pump.fun/profile/CUBqpMDvUEb1JZnWHSY3aFQXRZNJ9fQPL8BTe2fK7oxW,,,0xLeathery393 followers
barrenshark1078,barrenshark1078,https://pump.fun/profile/Er43gqf1QqDhC4PCn8bPuYrRTqCGwYLdvWyu2i3S8sSN,,,barrenshark1078394 followers
Uniquealphamain,Uniquealphamain,https://pump.fun/profile/PUiEwkn7k14TLXZjpV3mPpT2tr8CLUyRcpjrVLfHr72,,,Uniquealphamain393 followers
In_Your_Face,In_Your_Face,https://pump.fun/profile/Dw78en94UqxnSTud5D9wV2qzuFBuZkzjidnsV7bF5jdi,,,In_Your_Face392 followers
Untouchable98,Untouchable98,https://pump.fun/profile/Ev2hVYh3DkqBwQU2Xc9RFTHu7LiwJamw4yKKPa8usrUM,,,Untouchable98385 followers
sn3zy,sn3zy,https://pump.fun/profile/AgVbs2fX4AN8X87CWXNt8TX6c7r3BsDZYLzqAKM8BJyW,,,sn3zy383 followers
Pewin0,Pewin0,https://pump.fun/profile/DPAHnJnUnoM7VstdmS2LewAb6Vwa9s8x928uqSfmBEkG,,,Pewin0382 followers
NOVAPX1,NOVAPX1,https://pump.fun/profile/2Y78Du7opWwjXMEP7cvSBj6qYLoHsKvGde3FhsYaiWmb,,,NOVAPX1381 followers
lillrm,lillrm,https://pump.fun/profile/GxNDzTsp5X5ssFEr7rYscrnFxg7f7wzj6E2PdXX5MEYQ,,,lillrm374 followers
noosasdaas,noosasdaas,https://pump.fun/profile/Cuzd4jXj4ydNf9bfXqJDfddURXLMbwCRfbRSfCKVH8eq,,,noosasdaas370 followers
ApeEarly,ApeEarly,https://pump.fun/profile/6BAzPvVFm6KSXPkQzNnCYozEyMVHUyeZQoG9Cppvpy4C,,,ApeEarly371 followers
surfernano,surfernano,https://pump.fun/profile/GzLkHhX6q8eZUdfodsTXF8CXKJD9PXpdM3KBmLaXHbE4,,,surfernano358 followers
Berretta,Berretta,https://pump.fun/profile/AboTXcCMsg2iTDP6YwRABcQpWGXdiwbAQpXzNM8naX9f,,,Berretta357 followers
GinK_,GinK_,https://pump.fun/profile/95CKVwU23uRUzWTC9SRdqXwmVpc7mihzP83HBt63x71w,,,GinK_357 followers
MarkBeta,MarkBeta,https://pump.fun/profile/DBQZsHmxKZ7aprGeSAhwkpMs6Xq2EQdZGrX9cgxNVr2n,,,MarkBeta333 followers
blessedsol,blessedsol,https://pump.fun/profile/3f2Ebjzkbxie5iLVX6hJDhAZM6kacrYu6nGU8QwogFeJ,,,blessedsol336 followers
bigpropaganda,bigpropaganda,https://pump.fun/profile/ErZe2gdvsf5E8pW8eYwjfVCYci6C44DQcfdg1EU52gUe,,,bigpropaganda329 followers
mykittyrevenge,mykittyrevenge,https://pump.fun/profile/EQ88rWfDbCQV2e3CRcPvGzjWWs9cx49YvgpTqjm6fnEk,,,mykittyrevenge316 followers
unpred1ctable,unpred1ctable,https://pump.fun/profile/8JHg3wFXZahPPftEaSpTeFjX9ZNsx6hMvZGKiMYL4aKL,,,unpred1ctable313 followers
tobyyyyxx,tobyyyyxx,https://pump.fun/profile/Grxv8ZJXoeEijZf1GHmMzApoq8Z6TneXhgF6ydgLANd3,,,tobyyyyxx311 followers
InsiderCall,InsiderCall,https://pump.fun/profile/BUM8fpNWZ4BDYeYtMWSMN8d5U7SqKeU3S9B83f86nd54,,,InsiderCall307 followers
BigVeks,BigVeks,https://pump.fun/profile/B6Ewo8Uyj8SX4dmero9HJEzrteNQjyLS1LiEUBziYXHr,,,BigVeks309 followers
maybealonlol,maybealonlol,https://pump.fun/profile/3SY2NdR9cr3q7AQCScnEqWyMx22qc82iLnzVZri3jC6Y,,,maybealonlol303 followers
bagman11,bagman11,https://pump.fun/profile/6UYiEX61rZAted4MMhCVdxiWW4VNJ7nQiSgC48xGCNpW,,,bagman11300 followers
TrenchDawwg,TrenchDawwg,https://pump.fun/profile/GL9RmQ9qQf2GumDaJ9B7mSV8aKycFaWw7K5ZXZZrJ6F9,,,TrenchDawwg298 followers
PeanutSensei,PeanutSensei,https://pump.fun/profile/EnjMkhcrtwYUaASCbYhcLDiUYMQBr5rDfzL3mKPGpwDe,,,PeanutSensei300 followers
river691,river691,https://pump.fun/profile/GJGzHR2CeXt7CgHZYwrceHAHmXahcqYSEJ4xwG5Jgnzx,,,river691294 followers
worstmemetrader,worstmemetrader,https://pump.fun/profile/8V5mSvP5Qu4Csf5ESLALeovxR4g3PgrB9Co2jJdejfm5,,,worstmemetrader296 followers
Soberger,Soberger,https://pump.fun/profile/555wmA5fyteF5asad9KW5WjEYRC5mu1KqQCi16JwEAPC,,,Soberger289 followers
danvolbeat,danvolbeat,https://pump.fun/profile/Bck177UnqnApbgVGrmqysFb7qWLp7N3QahJvUMpXqsDC,,,danvolbeat290 followers
therealsatoshi,therealsatoshi,https://pump.fun/profile/DYLG7qrVY9QbkkyW3vNM4z5EA8yQP9wPgXi6NRWJzJBT,,,therealsatoshi281 followers
_SEVERO,_SEVERO,https://pump.fun/profile/7tHZTRWTSFXop46q8cWBXyvPQsg8GXEeFbDisSwxdGWZ,,,_SEVERO280 followers
mahboul_z,mahboul_z,https://pump.fun/profile/EpaM8upngoYRxa1CjrCuJU4d4TyM6B762zBDTEvnV4b9,,,mahboul_z277 followers
MultiCatcher,MultiCatcher,https://pump.fun/profile/AD4sQdg8opK53EmdwC9no5VcfG3UoS5VWhH2kT5it4bP,,,MultiCatcher276 followers
Moonlesss,Moonlesss,https://pump.fun/profile/4BgpRuJwh3jMdgjD2QAyvZqhu2vouCYzUsq6AtMPMNNb,,,Moonlesss271 followers
sbold,sbold,https://pump.fun/profile/qFY4UFwyWs5bQc4R4bVhP1Gha8yUk8j5xJfvywrPk7P,,,sbold273 followers
Jazzzzi,Jazzzzi,https://pump.fun/profile/558s6k8xVdmQ5FCABYaC1ELNLyyVL22sbLm5iMrrjstf,,,Jazzzzi271 followers
jaileen,jaileen,https://pump.fun/profile/Gb2mRaUAN241Vm3pXo45gxMpYqMM3DKzkgmXZBY6KEi8,,,jaileen270 followers
Abrahamahamster,Abrahamahamster,https://pump.fun/profile/BPfkicrSgxodLRv4Tc7i6jcbqtrJsN85hkTsUuyaJd1a,,,Abrahamahamster272 followers
bigbearwala,bigbearwala,https://pump.fun/profile/FryD2DDSvKXAPj85S9iZAi9TNHYBt9xFZPai7BBabK6s,,,bigbearwala270 followers
alphanar,alphanar,https://pump.fun/profile/B8sRyCtfViUQtkGCzuVMk5sXYrye9jh9NHonFbK8X6g8,,,alphanar265 followers
memepredictions,memepredictions,https://pump.fun/profile/3Abj4B7JL31t5XWs3a31Z8VRZLAkKSsT6Mb7JVNU9ZKH,,,memepredictions265 followers
Patseyy,Patseyy,https://pump.fun/profile/G6K3gL8MNfRkW2Q6MxT2VJ1sc9mfV5jdNSnnQHSWGmZ3,,,Patseyy260 followers
BEAMDDC,BEAMDDC,https://pump.fun/profile/9QBYXgxiyZRjixwgkLHCESVKtMjdjouuwnhoF3KhoXDG,,,BEAMDDC256 followers
callmeactive,callmeactive,https://pump.fun/profile/7sfseKE4biTCd5HjYU7k8BZ81zYjhvatSnJYz6AgmYbD,,,callmeactive252 followers
y3sclaim,y3sclaim,https://pump.fun/profile/uyYTpx3MZCyBrUhSbVYZj3VT4pryLAbR3UFhTXC5GyV,,,y3sclaim244 followers
cryptic_47,cryptic_47,https://pump.fun/profile/GWezb9CwdZ4aqtsyZxiLF9VpWXEoxdTdk58ypKpQZoJG,,,cryptic_47241 followers
WeTodDid,WeTodDid,https://pump.fun/profile/48ALUhRtW3u9F8U6j3RbBeqvcKbdQLTu79Uy1atuzCvJ,,,WeTodDid239 followers
delusionalretad,delusionalretad,https://pump.fun/profile/GqnPwDpi9JThzfyk7JvUihuX2pcS5VkTb1PX2Br2eS89,,,delusionalretad238 followers
gogogadgetogain,gogogadgetogain,https://pump.fun/profile/9wdpX3Upt2Uf3hYWaZQ1JQb1zy2P9SzjVuSv4WfaiemK,,,gogogadgetogain234 followers
NEZHAa,NEZHAa,https://pump.fun/profile/CWq3L74GRbhBKk8yohFMFpEca3xq2D99u77uBFsk83pR,,,NEZHAa235 followers
Chuddestcat,Chuddestcat,https://pump.fun/profile/CXCgyHz69q31pjsX6SZpR22dnmjxgXPHyMaYZ3tzKV29,,,Chuddestcat235 followers
disarray,disarray,https://pump.fun/profile/4hDCiy3wPm34qx2TyqwHVdogCJXpPpD6Q18cCMojX4RF,,,disarray233 followers
degenoctopusfir,degenoctopusfir,https://pump.fun/profile/HygiBrALb87HhMdRPXNpV8yiN3Wv47ZQAvCQZtJgmFXw,,,degenoctopusfir224 followers
SoosWeb3,SoosWeb3,https://pump.fun/profile/CUT58QmaYeVTw1sfZXMfj6tD89wzJUKHmGqoGurMT7qs,,,SoosWeb3222 followers
padu,padu,https://pump.fun/profile/7bSm6eFZ9qSjJHq7BvuGN99QPSLYfpUQkBq2ha3SRABi,,,padu221 followers
greadyformoney,greadyformoney,https://pump.fun/profile/G9U3JR9h562pinrgeKgzJ99gYmgeyFpcnCHrtrARibjv,,,greadyformoney219 followers
MyLiffe,MyLiffe,https://pump.fun/profile/6iBW6UtHXYyr7pCJPCFxWR8pSKZjxP75wxEmny2weQuW,,,MyLiffe223 followers
poured,poured,https://pump.fun/profile/CXNfNdE7xxGAhTycEhFMXCRahQpe14GPXwAPX9r5zkby,,,poured221 followers
Israelisforever,Israelisforever,https://pump.fun/profile/Fn1fdL8kmQMhAsZdF9zyJBYacYdmsgctw1wNCUp5eh9V,,,Israelisforever217 followers
EuphoriaSol,EuphoriaSol,https://pump.fun/profile/Dqt2c8wpJGUCd4Vgt9xYVDvPRWo2XCE2NhdcPSkHER4R,,,EuphoriaSol218 followers
formywedding,formywedding,https://pump.fun/profile/BAuuRTihTeK82E5hQE8wYjdrXSEbUMeVhyDmjY8VoQQj,,,formywedding218 followers
Vaedryn,Vaedryn,https://pump.fun/profile/GDG7F4Gd1JTLKGZKdoxbbLrDdqtMmLf7GocZmk8gFM5z,,,Vaedryn216 followers
cutesalmon92054,cutesalmon92054,https://pump.fun/profile/jrNVGrxARqLMJqRaivmmU7NVbvgiwCraeyCYKg9jiGk,,,cutesalmon92054212 followers
Lemon14,Lemon14,https://pump.fun/profile/5VdPurP72j7PJ9EpPie6FGMubmZeZhTBbivzYyeRe8xP,,,Lemon14208 followers
SkimGreen,SkimGreen,https://pump.fun/profile/pkzEu8EVYYiMPCRm7JEcDz8Tav6ypfSmbMVpX2N91om,,,SkimGreen210 followers
eveey,eveey,https://pump.fun/profile/Dk4K4nCn8zK5uWAqY7qn8CgEUQpkMxkfTFrgb2N5BHNs,,,eveey210 followers
printer_77,printer_77,https://pump.fun/profile/C2xb85mTCTGkZvCD11STm9Fbv5CpfBjoh1XCaxrJ1ZgU,,,printer_77209 followers
LowsCrypto,LowsCrypto,https://pump.fun/profile/CR62yqw6XEUR3PdzRA5aFCBet2vJRDDWi3EpVLvnewZ7,,,LowsCrypto207 followers
Grinchy_SOL,Grinchy_SOL,https://pump.fun/profile/vGV7YT1GTbgN1dFi9LdGHtiuGVN78aaduH8HooL1csz,,,Grinchy_SOL206 followers
mosol07,mosol07,https://pump.fun/profile/6rBQ9GRjVcBaS3ZddztvqyVZaer893JaXJ6mW6Tkm9gP,,,mosol07207 followers
bigddan,bigddan,https://pump.fun/profile/6ULzkN286sFexg1aQArZBRP1BYrmqkj1vcfkwHd92Jag,,,bigddan205 followers
NoCallerIding,NoCallerIding,https://pump.fun/profile/Ch65PFu7NQnmMPUXQ8qmDxWJt3Rb2zFp4GRvZAzxtT1D,,,NoCallerIding202 followers
Breakfast4L1fe,Breakfast4L1fe,https://pump.fun/profile/Fvv5A3NZaERW4CfXeANz3BeAqZ9FZTX74S8JswJKprAV,,,Breakfast4L1fe202 followers
crsiuuuu7,crsiuuuu7,https://pump.fun/profile/4H2wGuGM5gKZ4ZLV8xc8Vzw8jikWkGshZwyBFLG8fQ5X,,,crsiuuuu7203 followers
temperbluu,temperbluu,https://pump.fun/profile/FgVZnsNsRwyKvxm2GQMfWUZddizsZZzM9DTW14kRMqs3,,,temperbluu200 followers
Trashbird,Trashbird,https://pump.fun/profile/Caev8XPqocrhU9ryooEX4xjULbjRGkr6X1DWu2uzsNVy,,,Trashbird202 followers
CryptoLadyy,CryptoLadyy,https://pump.fun/profile/3s6LHS7uhkX89mi3fUhfkoKjEiqcfo7Z5RSNrGJbAowp,,,CryptoLadyy199 followers
Zairoo,Zairoo,https://pump.fun/profile/2FtaV3VKxztu2DXe6P6soMYsiGeFdf16guvhWdPMxbFF,,,Zairoo200 followers
cookdevil1,cookdevil1,https://pump.fun/profile/JCpGHokvkiGMFrXVqjBy8YSfYr54Msz4tbvTmkuh3Mrk,,,cookdevil1198 followers
Luigilaigi88,Luigilaigi88,https://pump.fun/profile/3yuumAAM88HJZoLzbAFNoDChL18LJLwCQHp6wH7h9UHr,,,Luigilaigi88198 followers
salivatingondih,salivatingondih,https://pump.fun/profile/BQrS1K5qzuwdzA6D7LjsZuy3EM1gnUyVatSjSUHFVSsg,,,salivatingondih199 followers
fatherfigure,fatherfigure,https://pump.fun/profile/4PHVEm4iCu8x7T1eK1pEZnsrEBUEnb8YnmZ4wa7JYhDe,,,fatherfigure196 followers
Based_Mulla,Based_Mulla,https://pump.fun/profile/4DK7LaupE4pkvKoc9eZFLHZCgGRg8ZbfMiQr3yyPPJEm,,,Based_Mulla197 followers
ChunkyCharlie,ChunkyCharlie,https://pump.fun/profile/23tnWKQfyBkWoefDU54Y3u9Esn2bE5AsZH2gqDdh2Rb5,,,ChunkyCharlie194 followers
michelletrades,michelletrades,https://pump.fun/profile/8EQjQkeQezhArP7qSP4QHJ63aEMy4b17coxpxKHysa5V,,,michelletrades195 followers
psixi_trades,psixi_trades,https://pump.fun/profile/8bA9zgXqcKoEarZg3tUceTtu6bLACJdkjaX1Ffx7SD5j,,,psixi_trades193 followers
mrpenguin,mrpenguin,https://pump.fun/profile/9UYQXx6vAwP1Z2CXQxDZC4ewzFu3Um79hoSt3gVWuepG,,,mrpenguin194 followers
georgepumpwin00,georgepumpwin00,https://pump.fun/profile/G1z8K7XF12ezh7RbP31pzAJe2HGoQT9srT9FEKfHxpvN,,,georgepumpwin00191 followers
illfish51251,illfish51251,https://pump.fun/profile/7nXCTkAMdTvrAa2iWUJgkVkv4vqwMpKqPPDWFdauoHWo,,,illfish51251190 followers
DoonieDollars,DoonieDollars,https://pump.fun/profile/6C6K4jafZjagxSxj6HupFwqnMbkhc945vVaFbB7aPn2t,,,DoonieDollars191 followers
swiftshrimpkine,swiftshrimpkine,https://pump.fun/profile/FNLf7yqtwZfp3sWwCaYMcb3Cs6y1pej4sqp8KoSJjtaV,,,swiftshrimpkine190 followers
cinprofits,cinprofits,https://pump.fun/profile/9VYjqL6ubW9QfHUFSx9sQo1FEdehXPhGGDJxDzMN8dH5,,,cinprofits190 followers
ghostclick__,ghostclick__,https://pump.fun/profile/HnY4gYaEVtdZS479T5pwbX25DPxhTVVZV6FCrVkSw7AK,,,ghostclick__182 followers
zillionairezzzz,zillionairezzzz,https://pump.fun/profile/B1T8Wnck6iykjTTrGTpbF8mx1zadPpgTLLaxhwZ5yCyC,,,zillionairezzzz180 followers
Uncleman,Uncleman,https://pump.fun/profile/HAp7Mrwj8tkiQaJ5tXfNkTVLcBeXj4w6EBMsUu3DN7Wk,,,Uncleman181 followers
schwami,schwami,https://pump.fun/profile/CJLAc1cLoeT6cudMXQd9S4fDQixSgeKXxk6mEPvXU2DJ,,,schwami177 followers
ImCreepy,ImCreepy,https://pump.fun/profile/EXZWY34EqPye8BtpaD9AsL2TivP1C5iVgAuD7HCecptf,,,ImCreepy178 followers
AlphaBoldCadet,AlphaBoldCadet,https://pump.fun/profile/DB1Wy9cepgw8u5hPWVYsx8r8noZRTytvdxaHpAiTk62Z,,,AlphaBoldCadet176 followers
TayTayPayday,TayTayPayday,https://pump.fun/profile/GkcAhG5kbYz4qPbbNhkwfduJZa2BcgQisUx9ZTupHopy,,,TayTayPayday175 followers
hambabi,hambabi,https://pump.fun/profile/5UZMpyPMv8AuewpG8zx8t1Q2iSUeB7LETf8yhQHJcFud,,,hambabi174 followers
Givemeadollar,Givemeadollar,https://pump.fun/profile/EgjuTQJgWucw1xshYWoBB31sicBU5c3NwiDPUEmApE6g,,,Givemeadollar171 followers
chromedoberman,chromedoberman,https://pump.fun/profile/HVP595DLBEnFuvgzUZND9oEDLwnhD2nK2c5wXeRAYWtw,,,chromedoberman172 followers
Slingsabitch,Slingsabitch,https://pump.fun/profile/CShayLWoH7UybaFudptGgjPMemXKYA8FrGaXsY4tWyJv,,,Slingsabitch171 followers
lucivers,lucivers,https://pump.fun/profile/5KnTHvQmFKJRGUJYSFdt8bvvHdwivaiuykxCTBVfv4D8,,,lucivers170 followers
firstalma,firstalma,https://pump.fun/profile/5rPGA1zDEiFzjxckvSgSnaZmyvtS2XQYPLraTWJYYxJF,,,firstalma170 followers
whatimdoin,whatimdoin,https://pump.fun/profile/ANJZwqnAdUH2pYKKmAN8hdjFtWqgMAfn3Xnbynaf2Na,,,whatimdoin167 followers
Findingeuphoria,Findingeuphoria,https://pump.fun/profile/4s8XWqZ25xVS69CYmEtk9JK4T4LDRcuaM2wpnxVkFusy,,,Findingeuphoria168 followers
chilllobstermod,chilllobstermod,https://pump.fun/profile/HmuYeTc5YL77GkTwDXJSNwPQGupQE6G8vajUxTdFC9CZ,,,chilllobstermod166 followers
Captain_Meppy,Captain_Meppy,https://pump.fun/profile/FLginT2ctjtkToaikqyvdCGSQEafKx384VxvCwxPaKnK,,,Captain_Meppy164 followers
mesan_,mesan_,https://pump.fun/profile/55DNt35s3n1543pKaMiEPBcZJm2NsHyBz4JacD9yiKsq,,,mesan_164 followers
TrashPandaFun,TrashPandaFun,https://pump.fun/profile/6Wc4N7CTHL1TCxKudBGBNsNgT8indvbN7MC7ubyZtKFR,,,TrashPandaFun162 followers
RetardMaxxin,RetardMaxxin,https://pump.fun/profile/CALZ1DoiwvU73LkugPM1RrMDv8h281S8eLakiPqRk9Gi,,,RetardMaxxin160 followers
Kovynxi,Kovynxi,https://pump.fun/profile/EJJFu617RJ3gQPjV2YP4tw5Nc1JPtwyb8RNctMd86Jcw,,,Kovynxi159 followers
2hot4you,2hot4you,https://pump.fun/profile/9TvqAgfdfAJ2ua1Q6xqjEKGozEBimWdGX4bihZVYukDS,,,2hot4you155 followers
tivesquid78677,tivesquid78677,https://pump.fun/profile/GDSzMk6y3PkfojXFTSUSFsBs7NLkngKc3cnSNbto5nKz,,,tivesquid78677155 followers
PaintedChaos,PaintedChaos,https://pump.fun/profile/34kFPRe49zx1kMCPGVt2gUmGQF7q8uHFAYsQ3K5WQGTh,,,PaintedChaos157 followers
Futschiii,Futschiii,https://pump.fun/profile/8SfXkjpcMrALJTzXuaaAYERdu1HJH8chntm3dUJx5SXe,,,Futschiii155 followers
Shukei,Shukei,https://pump.fun/profile/87i2Zbg3WeFdTnyS2P7RbDvRSDR4Hfg3WVpbN3ddDNwa,,,Shukei154 followers
MrNob0dy,MrNob0dy,https://pump.fun/profile/CPATH4EHjQyzDem69pCWK7XdU3RihWQoiv9h1NYnQcCW,,,MrNob0dy151 followers
suckerforpain,suckerforpain,https://pump.fun/profile/DjBt82XNT6k2KXMidNLyFucJVd3pyAzeBZprnfAKFbrQ,,,suckerforpain149 followers
spooky911,spooky911,https://pump.fun/profile/84bctAGTm1xAZDtauxUAbyXD7EP1u7b184dWov3v5Ta3,,,spooky911150 followers
freshdevelop777,freshdevelop777,https://pump.fun/profile/84sv8UkVwktxP3YkH4g2GYQXivtHiw5ukfDURZfyvrmw,,,freshdevelop777147 followers
Dwimmerlaik,Dwimmerlaik,https://pump.fun/profile/Hr9s3NmJrcTgmoJQMPQS7RF576dNjmLdMTy9rYuofQEA,,,Dwimmerlaik147 followers
backkraken78355,backkraken78355,https://pump.fun/profile/8iMo76DXpXTL6qPz1HptMbwiCrzsEWVv9Cn4wDe5yWek,,,backkraken78355148 followers
DreamBig12,DreamBig12,https://pump.fun/profile/6cMc6iaLUL7PBdes21Py9rz23oAU1QkdNyuQMKZC7VnG,,,DreamBig12148 followers
oogaBoogz,oogaBoogz,https://pump.fun/profile/6hS6ASfY2XwVGkF93RASrCzZXPA1PXiuiubgiV8QmnjQ,,,oogaBoogz143 followers
mooncrabvicefli,mooncrabvicefli,https://pump.fun/profile/6c4DzeFz7RMBivufpZEGWkbe9EeroKefitdrLWg7Ntt1,,,mooncrabvicefli142 followers
engagingorca154,engagingorca154,https://pump.fun/profile/EK8CbG9dGhWfnAmwZ4yzuhtZxqPmpFFmQzDamiD6Zxf6,,,engagingorca154143 followers
FLIACF,FLIACF,https://pump.fun/profile/4AxMEawrGjQRAJrZ4qAVNT5gah4YgXZbK24tLDudvAU6,,,FLIACF142 followers
suzie_c02,suzie_c02,https://pump.fun/profile/FqFNShApjhwrKTRSZaM4WvwSaaD9JEiexBwS4yDEr6Xn,,,suzie_c02139 followers
pettyplumpgage,pettyplumpgage,https://pump.fun/profile/KgqThrQAy674bj17F7v4QRL8Zvf1GeYWCZJvsCCZu2T,,,pettyplumpgage140 followers
kalmcsika,kalmcsika,https://pump.fun/profile/BcXPuzmgQwuoR25ZSwBxJ1ezKDhFkwUMMh1YtjrAiqSB,,,kalmcsika137 followers
oldmarlin66349,oldmarlin66349,https://pump.fun/profile/8oUn4sHJTdykMj6iAgT2Y6xxZrmUgwuuZBoR9kJ5UgmG,,,oldmarlin66349138 followers
umbrai,umbrai,https://pump.fun/profile/9NodsLZiWXKdj8LDg5hSPvkcJFGcK71hF72bE8pxBVcS,,,umbrai137 followers
Joe_Trump_Dirte,Joe_Trump_Dirte,https://pump.fun/profile/5FZVec3XJLisWSnDqdcUfPqVggWMBeEQQFGB1ny8UzKZ,,,Joe_Trump_Dirte136 followers
sooperdooper,sooperdooper,https://pump.fun/profile/46VFZVhsdDpVa9Kb4RAqisrM2zT3311hUXRwUKDXc6xN,,,sooperdooper134 followers
Woobachuckie,Woobachuckie,https://pump.fun/profile/68wpdtoG9ewPUHf3aMuqK4x1fKYzj7KNKTbshEagSAkz,,,Woobachuckie134 followers
lowlyotter52709,lowlyotter52709,https://pump.fun/profile/7mYShnQte1tXRFw1N8KcSvQLxcZvb4Cr6P9RcQ7FeG4H,,,lowlyotter52709133 followers
thepssymachine,thepssymachine,https://pump.fun/profile/DHqYKeU6pjzGcJCV98RFjjjr3PKe1dfFB91fWMztvCTv,,,thepssymachine131 followers
StuartLil,StuartLil,https://pump.fun/profile/EryehMSkA2nH8EmAjp6SUbd1D93JRJgw8U7zzWPygA4V,,,StuartLil130 followers
ghostbag,ghostbag,https://pump.fun/profile/FgSHDZpA5gB4mjDQZGueSQMCPiG1ML3RXpMK63sf59rR,,,ghostbag129 followers
velingher,velingher,https://pump.fun/profile/HaiUcsWVtE19vTDFruWZhD36wKRVK7f13iLqwrrqXWZ2,,,velingher127 followers
Godloveus,Godloveus,https://pump.fun/profile/7cC3ZXm3xvwTzyK58GSyJKm4LsiRXQZENSayMHMGBZgr,,,Godloveus128 followers
LeThanos3000,LeThanos3000,https://pump.fun/profile/ADSiVsctnN2DuBoiN2rVh8D3YmcfUnSp5TRka8ZnBaz4,,,LeThanos3000128 followers
MintAlphaRaven,MintAlphaRaven,https://pump.fun/profile/HJf41xcuYZKGFvDMoWbTxxhCJTj5JjAwBnTjPUM25VJi,,,MintAlphaRaven127 followers
risktake,risktake,https://pump.fun/profile/Acp9cfhjsAqKTZLc1E2TjnaDdBXpLBPSFCxfdgA2XAaH,,,risktake128 followers
VibeFieldEggnog,VibeFieldEggnog,https://pump.fun/profile/HzknGMj874zFfJegTQXju3qQAx4qfiHYqxwqogbN1DW2,,,VibeFieldEggnog126 followers
BasedArab,BasedArab,https://pump.fun/profile/3JkM15XE8Ztqo7LemTgRt1zmJRqY5KxQLQdgC7cAZTjY,,,BasedArab126 followers
VexTheBonded,VexTheBonded,https://pump.fun/profile/9E5yvRR3fQy3T93VeFX2qRaYnBDpLbLovF1S5aJSkTiE,,,VexTheBonded124 followers
rizgod,rizgod,https://pump.fun/profile/8Kse2mrUHEZr4YTPxWEMPGMkFWzs9xGQEhoLzs3faL8X,,,rizgod125 followers
bk825,bk825,https://pump.fun/profile/LjrBxUx4aWzwQLj9f8u27mS76N2nfcJDeJKrvQ6b1cB,,,bk825123 followers
im_alone,im_alone,https://pump.fun/profile/5x3xDA1TFuEf3qDwT6SNSVKKQVcshY1KCjafxMw9kjTr,,,im_alone123 followers
globl,globl,https://pump.fun/profile/6WjeNoJPhALXXYQvqGSdrbdUapydDXe1Yza7A1J9HSTG,,,globl119 followers
TopBlasster,TopBlasster,https://pump.fun/profile/2rw3XyzyKsMURxs3kjB3JSCGRTY1A1zCLQV1gWJEH1Ui,,,TopBlasster120 followers
MrPummpp,MrPummpp,https://pump.fun/profile/FxRQJaFug86yaKsKgsyr9SyJMzzZENwfJDPcGbqgRLw,,,MrPummpp121 followers
bosnian_knight,bosnian_knight,https://pump.fun/profile/4dqheyLy3frCPnnGRPshPHe5yAHCd5mu6uNqcwx5ahy4,,,bosnian_knight117 followers
timein,timein,https://pump.fun/profile/4XSRDrLiBNiNTgmHqijA4waxecXTbrhXsE3dPLnw7Xwb,,,timein118 followers
BullishYak,BullishYak,https://pump.fun/profile/94J67MFuuYjJcQKYXeJekQjqLUyTKVkRLao4nLijd7mC,,,BullishYak119 followers
777mooncoin,777mooncoin,https://pump.fun/profile/A5vWHmCEYFPKdEyGd5MNT9s6AXGMq7MKoZWR1AESf5Jk,,,777mooncoin118 followers
wildcrabalterna,wildcrabalterna,https://pump.fun/profile/C2zQqPdqW7EeMusgz6e1CwEVEG3YUNQhHNvhXFKnw5up,,,wildcrabalterna117 followers
nigeshh,nigeshh,https://pump.fun/profile/Cn89CFg3Tx9vnaq1X7FLhahakpeGbiUYQdejLhPWkmm,,,nigeshh115 followers
goodniceguy,goodniceguy,https://pump.fun/profile/6ESXdUyjuZ9aU7r1CWcnEn2jV3aCf5drPAKDX5Mt7HEV,,,goodniceguy114 followers
itakescores,itakescores,https://pump.fun/profile/DcnZ5ctuZEBXPXQpe41s8XmJzZLyznEzkLP8oTs4B6L5,,,itakescores112 followers
iwillhit,iwillhit,https://pump.fun/profile/4sB9i1Q9M2NurWwPFGbaSrsvwefswrFyoXK376Vgm9ts,,,iwillhit112 followers
SenseiVskiii,SenseiVskiii,https://pump.fun/profile/D2978PGSxUSFw1TzhbYmok8xe5bKaCySB8rfWs8sxSHD,,,SenseiVskiii110 followers
toadbattalion,toadbattalion,https://pump.fun/profile/4Dg65yE3xKbV9MWeiSaQAHyDav6SoSs9zsF6WZEv7fxH,,,toadbattalion110 followers
Nutz24,Nutz24,https://pump.fun/profile/CCDvgAh1FDaieQdqaWfo4BEm6BRVRnLLoArRdYFcdWfX,,,Nutz24110 followers
feebs,feebs,https://pump.fun/profile/9kZULiNwtqJUG193pz5AREbn9ZKhenCp1gR9Badrwci4,,,feebs109 followers
cryptic_haiku,cryptic_haiku,https://pump.fun/profile/6ZnroLzVgfuyPaLSdzwSKnjebiFP4YaHerHgs6Y3NBUu,,,cryptic_haiku107 followers
basednarwhalpro,basednarwhalpro,https://pump.fun/profile/6uuK4Vn31UwFPa8JUX8wscLaxPt9JTXgp65F47iweThF,,,basednarwhalpro108 followers
JeanNil,JeanNil,https://pump.fun/profile/8J1UZY1fEAaHaCp6KVdBSydn1k6SiAJbW3eFwCSaJYXH,,,JeanNil108 followers
09_dev,09_dev,https://pump.fun/profile/DNxUBEBZ2QtLS9JFw62dd5w94zUdJxjJERW98Jdff9wU,,,09_dev107 followers
HardlyComfyCook,HardlyComfyCook,https://pump.fun/profile/DRW6Ay96bq3CC3g55aqK5bmhYVCe4pwRAUGvo91i1zfm,,,HardlyComfyCook108 followers
Dopeintd,Dopeintd,https://pump.fun/profile/AGC5rKZGQ1evcv5JHUbnenBeNZSoqjN4quzSXzVVMvYC,,,Dopeintd106 followers
phildont,phildont,https://pump.fun/profile/ETp1KQCyGkU45h1swAKrvyetE52mJM59zpBeDffnVxj9,,,phildont104 followers
epicorcasixmont,epicorcasixmont,https://pump.fun/profile/5yqNoEwtGcgoAEdGbiALXHhHjfr5bU6Hnnd6nGLdBX8s,,,epicorcasixmont103 followers
DestinyWarmChad,DestinyWarmChad,https://pump.fun/profile/3vkNNf6WQKqHtyFaLNcwd82E8J2LGXd2h4pMMT6AXBiq,,,DestinyWarmChad105 followers
Figures,Figures,https://pump.fun/profile/7XZWg9q6prky3EYFesLGdW6Wc8U9Cg4pRVR9AEAeQfb5,,,Figures104 followers
Endou,Endou,https://pump.fun/profile/GDTZHV43cxCRAJ3CH68gWNPU4HTSqa7epYx2aBqDnPHH,,,Endou101 followers
superotter38913,superotter38913,https://pump.fun/profile/7ozoNcVqgptbAUHjLR1vNHgEfKiE5aYufStEHzJhxKeG,,,superotter38913102 followers
kingmars,kingmars,https://pump.fun/profile/G2R81BVEtfr5DhaTdeVcrHFucG1K7iAKaro6fzecm6zq,,,kingmars102 followers
SoleBlaze0,SoleBlaze0,https://pump.fun/profile/6hEa8bdNXRSSZ8x5KMCjqnb25LJzdJnDhGGtXkU3PJ2u,,,SoleBlaze0102 followers
Feels_good,Feels_good,https://pump.fun/profile/FeTZMG5CgXdPa31hP83ccg2Re8uw5HL2gDKGEm5LUQtH,,,Feels_good101 followers
dragpao,dragpao,https://pump.fun/profile/DXDFha7NGGW3AXxiZpixwRipPaehXxJ4NwT2HYF6hiPr,,,dragpao102 followers
samaa97_,samaa97_,https://pump.fun/profile/71nmEbxYYj2NdY7GdiVtgRqfLxCzVRnoaNjCJFFyeCe9,,,samaa97_102 followers
sktpnkas,sktpnkas,https://pump.fun/profile/HNGC6PFUZuaoXDT9jy6dRhvreteMMBi1ZXyF55WwBwdP,,,sktpnkas99 followers
lotohi,lotohi,https://pump.fun/profile/BaEaWq4ipraekAqK4GF2fRQ5rVFH7bph9Gdf1AJhiFat,,,lotohi99 followers
CheckStats247,CheckStats247,https://pump.fun/profile/69AMhj8XEGKwpkRj8s1AhGJwo7LKWxpdaajzbEk6gwHi,,,CheckStats24799 followers
yoge,yoge,https://pump.fun/profile/CbsDF2pH4NoWPFJVh5uUGWEyHupJvjChgfDMYuy82s5y,,,yoge98 followers
expect100x,expect100x,https://pump.fun/profile/5D9E5CT2oQMDVG3quhbShuSgaoQJ5eikoxHsEZE8WNp7,,,expect100x97 followers
i_i_i,i_i_i,https://pump.fun/profile/6RGJ15WCMRDyC1xyQthBPesMPWSVH8eiwBd31VEiqEwX,,,i_i_i97 followers
LuckyLuke2049,LuckyLuke2049,https://pump.fun/profile/BEcDByDJKsdQtHsKsHvzuNwSMaDrmepuNYp1pPGCJ5nE,,,LuckyLuke204995 followers
Kageyoshi,Kageyoshi,https://pump.fun/profile/3epDmHKD4QoeBmiYtdmhrU2RhTn3cwq2xWbe55NoNPpv,,,Kageyoshi93 followers
TraderB3,TraderB3,https://pump.fun/profile/3k4kU4QVZYoLKDw9CHW8iSGH2nnamqNy7tfaQVkyvFZd,,,TraderB392 followers
BubbaRackz42,BubbaRackz42,https://pump.fun/profile/DyHnnF6gMFn34GgPMMKYiUAdbSLxwWhTaapudemx9fLB,,,BubbaRackz4292 followers
MadvillePep,MadvillePep,https://pump.fun/profile/357TPCKp8W1KtQ2zs4Qy466TLNS66duh6FEJZMWfa28B,,,MadvillePep92 followers
darkorca39437,darkorca39437,https://pump.fun/profile/iLeBMf1KtHo1DsMVQ9RsV5wtwNipivAaVKEzwuY1WJM,,,darkorca3943792 followers
nytrohalidsam,nytrohalidsam,https://pump.fun/profile/FvMm6n7t42iHkynCobnW79NtfNkNQWJb5r1DU7Lpgcx1,,,nytrohalidsam90 followers
Shinystone77,Shinystone77,https://pump.fun/profile/5kzYaWqhTu9SsPrLr5nyuQzVx1p53ng9bV6fZetdrA1b,,,Shinystone7790 followers
solkolmanta,solkolmanta,https://pump.fun/profile/4wF55UnU9prC4YXxSEDFM4dL25ahZBQNTYDUEkjue2iw,,,solkolmanta90 followers
yeeeskii,yeeeskii,https://pump.fun/profile/2UHEgQD4CnfUomfzj9xfZNKmY3gLEnXVfmbrqhRV5QYq,,,yeeeskii90 followers
coldfish64828,coldfish64828,https://pump.fun/profile/GwiKoQs6B6gRY3qxBLu34jSRiZgpWgHSkdGLTEoAhqkR,,,coldfish6482889 followers
ir3tail,ir3tail,https://pump.fun/profile/9Yf4PRtrcXFMR5jjmJcJmfQ3yqDC22hbHW4N9nKWtmGa,,,ir3tail89 followers
Jaysmxke7,Jaysmxke7,https://pump.fun/profile/DFnbRGEg18r3YwDXTbHpexLZpMuaWhU9t2GEjSAnhWki,,,Jaysmxke788 followers
robert1123,robert1123,https://pump.fun/profile/A1HNvuaTXoQsQVsmBCt8JyvrSEcFEYqCyfCmFe5kH4Xu,,,robert112388 followers
tublet,tublet,https://pump.fun/profile/86GPqKibjRMCYr44fFgW7UAVVfh1SwdZJtTL5zkaeSjy,,,tublet88 followers
ThirstyHotDuke,ThirstyHotDuke,https://pump.fun/profile/CQCbmnUD2UYcv5njxVtgcPtmHjLYfFa1ikNqsmYt9nit,,,ThirstyHotDuke88 followers
B1_czy,B1_czy,https://pump.fun/profile/4rPQeidfkmk2GvU5Vke8JxMVio2RgyNexkeJzUpjLVfj,,,B1_czy88 followers
daltzo,daltzo,https://pump.fun/profile/5s8EMc9QRtCWgAPQgUYExdkaFrMT96XSaLnSDMkLitA5,,,daltzo88 followers
ChadSnowyPyjama,ChadSnowyPyjama,https://pump.fun/profile/3yTYpUgxRNYxSFdYeNTPdJiRDcQhwNYLdDUbRaGyPFUf,,,ChadSnowyPyjama87 followers
notluxray,notluxray,https://pump.fun/profile/42qGxjaBgch833JAWQLgudFgyuyipSSVx1L8ZtZr41LE,,,notluxray86 followers
QuackDuck10,QuackDuck10,https://pump.fun/profile/6DTVpR4cCzyVMgdPskCYETiQNeEQKUC8ocNn2MqeFmA,,,QuackDuck1085 followers
Maxsirol,Maxsirol,https://pump.fun/profile/CFEMfzYQZLyf1iwvmjsARdEmPF9vN2tEMXWdM1ttDLhA,,,Maxsirol84 followers
Di_Beliver,Di_Beliver,https://pump.fun/profile/62HQdwyWm27X8t5pXzEW7NuwVWmqWDqWwyM2xr8VjWPv,,,Di_Beliver83 followers
DINEROgotPAID,DINEROgotPAID,https://pump.fun/profile/4JBRKNTLf1xWyuaFxMmB9miKTB6ehbDGq1UVHWnpVSwi,,,DINEROgotPAID83 followers
shitting_memes,shitting_memes,https://pump.fun/profile/9HMHrX12Gh38BG6rLN9YF1krKiK2vUZ3pEdwoekx4xq4,,,shitting_memes83 followers
madmaxbroskiii,madmaxbroskiii,https://pump.fun/profile/BT1pxPHJuoHFRwHvMXLwVPtknF7GaJmpHfbvbeUmhaKb,,,madmaxbroskiii83 followers
exiledsquid8465,exiledsquid8465,https://pump.fun/profile/4mteQT3MyCQJJbx1sZMVASCHXAPCFaErtmPYu2RxdS54,,,exiledsquid846583 followers
Realcryptobox,Realcryptobox,https://pump.fun/profile/GsLi9jtyxoEoxgePf7ngwQuTonsAKW8taxoUtPXDjy8,,,Realcryptobox82 followers
ultrakrakenexpe,ultrakrakenexpe,https://pump.fun/profile/6GuBpA34indsg8urpjp3KF76aDCTcLuKCJSokPiKCnLc,,,ultrakrakenexpe82 followers
blackbearr,blackbearr,https://pump.fun/profile/BS6wE5Y4rp2HTX7itquNzQDPc5HVu9U9eN6M3mzZ55ZL,,,blackbearr82 followers
ziconomix,ziconomix,https://pump.fun/profile/4BCKHZeFkFAdsfLpprKVSYoXECnRVJeLCo7cWBDtzXsQ,,,ziconomix82 followers
lazymarlin11657,lazymarlin11657,https://pump.fun/profile/En2rC6wSbbLNyWjZiwQoeqyYJbqpkUndA2KD4bd1y3i9,,,lazymarlin1165781 followers
saidorca52392,saidorca52392,https://pump.fun/profile/ALFs1seYp1ECapw9nT2d93mHRWMMHBkHgnJ6zkMoPrvq,,,saidorca5239280 followers
Abovezero,Abovezero,https://pump.fun/profile/AjZH9s86eMBkNyeKFJCaNdXTQVG5hfXNmqYJZ2UJD4hD,,,Abovezero80 followers
tnom,tnom,https://pump.fun/profile/ExrS2BJvwdQrsaHPoYUvWb1xtfQSGjd2MAi8haS8faha,,,tnom79 followers
moondolphindist,moondolphindist,https://pump.fun/profile/FuYyqUg5i28CUx2rsYCetH51dsBaD1FPKYV9kG3ftKSa,,,moondolphindist77 followers
realcoinrunner,realcoinrunner,https://pump.fun/profile/DfKmxzFFbLLbqqTsCop4VNQhtXqFcLG6tc27id4322UG,,,realcoinrunner76 followers
juju7777,juju7777,https://pump.fun/profile/7i63nECxwFnr1G7Z8hCvihhhLdtCD1Xd17TtBohQD72E,,,juju777776 followers
Ale2489,Ale2489,https://pump.fun/profile/4ucDzC2ZTRZo7VxmvC6J8u6xAH8RJsdqyhhPJ3pnDpwm,,,Ale248976 followers
NoAddiction,NoAddiction,https://pump.fun/profile/5KaWYXn6KcfiLW3MT48njfbWkTXCncvX78K7kKseHGy4,,,NoAddiction76 followers
sun67,sun67,https://pump.fun/profile/2ekJTHNV8kkL3iTTJ38cV4xU39pH2QFqZAVKSYgW2FVM,,,sun6775 followers
deportedbaby,deportedbaby,https://pump.fun/profile/6Nj9AGNFUuqrJRYe3WDFvZ7RqYJfHe8tAra4WT2CcvKJ,,,deportedbaby75 followers
Arcad786,Arcad786,https://pump.fun/profile/H86kepCEE36kgx5PJmSF2V6uAdvGzRUtGa77wrE3QYom,,,Arcad78674 followers
wagmicrabunmove,wagmicrabunmove,https://pump.fun/profile/s6Gv7QejNZEhGfXCUEdNg9wHGyXF7Ua2Wk8YyfniNes,,,wagmicrabunmove74 followers
ColdCapital,ColdCapital,https://pump.fun/profile/DEStFuDhoN35ADW2Td34AwxWiieHpvPTqS1Wg5GsofF3,,,ColdCapital74 followers
kikij,kikij,https://pump.fun/profile/3NSXMa5csm9n9hqcrSCo9KHxVLg79yfZB5ruB4Q84fhz,,,kikij73 followers
swiftkrakenecle,swiftkrakenecle,https://pump.fun/profile/3NK8st2aqUwDc865371SxNyiLbAi4jGbpPTu4LXGKMmL,,,swiftkrakenecle73 followers
fastoctopus1537,fastoctopus1537,https://pump.fun/profile/7RRombW1p8uRRUaQcfYaauyyj9UthHA52wM7C9PwhT9R,,,fastoctopus153772 followers
keenfish01990,keenfish01990,https://pump.fun/profile/4HNVGERaurTZbV1Hk4ZZsgESmTQXK3K5ebwTujsF9Tg9,,,keenfish0199072 followers
keenwiseinc,keenwiseinc,https://pump.fun/profile/AgL2SwHEd8pfZGdns8SeZnT9n3PcQdrqN5zNbZV2rUgX,,,keenwiseinc72 followers
runningorca5728,runningorca5728,https://pump.fun/profile/FNsUToJ9gtgSUnJ5nZ9XZpvHA2ixp2WyXoGSLK8yDrN9,,,runningorca572872 followers
shardd,shardd,https://pump.fun/profile/HT1MJ4iu7kbxGQFCRhHA3FkL9bygUriLgVzpvnLcbrTL,,,shardd72 followers
Flame4U,Flame4U,https://pump.fun/profile/9EaorqgcbbLGddVRinZc8wc3iJN8tMftiRZLKgZR3KTT,,,Flame4U72 followers
littlefishy0183,littlefishy0183,https://pump.fun/profile/GaepCogHSw9TfFcKkTDW4RCo2QDFyYsQoAm3XW6X4Ypa,,,littlefishy018371 followers
alienchicken,alienchicken,https://pump.fun/profile/3ofnpFQ7jXbcuEqHwhxKjWvs4Aq9epqbEX3fuyf5tnAk,,,alienchicken71 followers
dollarxdream,dollarxdream,https://pump.fun/profile/CYKQHWf37HbudyVHDy4kdgCAyopWgnUb73ViPChpdatu,,,dollarxdream71 followers
CH1VE,CH1VE,https://pump.fun/profile/G5DkYRAsW8DKuJTSrz5Lcy3Mpr442mtxe3j4kK5UuQvv,,,CH1VE71 followers
TrenchDawg99,TrenchDawg99,https://pump.fun/profile/5zy6oJJFWhRBfRw2dj2ExjZhttCdk8ngkXhoa7vVTsef,,,TrenchDawg9971 followers
SigmaWiseKetch,SigmaWiseKetch,https://pump.fun/profile/FdohCAVyYJfa66frDMK3vbWfvQBArJ55NNaTPEZqKt3Z,,,SigmaWiseKetch71 followers
babyboye53,babyboye53,https://pump.fun/profile/4pD4K616nw6zpHgptrdCPkE6yeHQ1T7b9NJgkPJnZkBz,,,babyboye5370 followers
mso,mso,https://pump.fun/profile/88QM6GK85naHNVCBD9CbMew9roGNgPK5xNsk32FgHMcd,,,mso69 followers
TheMemeSwami,TheMemeSwami,https://pump.fun/profile/14pmwsrj3Pe7ereWQ17vuuSMRy5EDbtyGcF9XkuMvUju,,,TheMemeSwami67 followers
ILikeMonay,ILikeMonay,https://pump.fun/profile/GVFa18XkCBmDoFSV5YQYpJAY2U1UoSEdQW1hPY6JtjUN,,,ILikeMonay67 followers
airysuperski,airysuperski,https://pump.fun/profile/5drbDmyWEwHYSi6PWhDVcow7tXsvH7qzwVfE1n4y3WwD,,,airysuperski66 followers
SolGroovyFigure,SolGroovyFigure,https://pump.fun/profile/TjJUc9niZ1MAagSmkTkdLpKCk1vnJWL2q7QznzQQALL,,,SolGroovyFigure65 followers
BlockNeatMochi,BlockNeatMochi,https://pump.fun/profile/C78bpNkTCS7hzfdJSjG3MWTpEsCUNyNyAvq7YUsmqAyp,,,BlockNeatMochi65 followers
cmplcnt,cmplcnt,https://pump.fun/profile/BudhicTEfZUC8qGL5nareyHmr7p5yTKjTeBB7m598gja,,,cmplcnt64 followers
JustVP,JustVP,https://pump.fun/profile/4HKKKVNxXgTw5iRBPawwrBdTuwQzwKLfm4obKdNKqJ7b,,,JustVP64 followers
Huangdi,Huangdi,https://pump.fun/profile/ncUcr668nkXJ82Lz5biHjjzdRXPJQA5eACMYq8PUVJd,,,Huangdi63 followers
ASIGHT,ASIGHT,https://pump.fun/profile/BB4wC9e4tTsnW35bLA5oNDei1Fm1eAuKTomqq1A2xUpw,,,ASIGHT63 followers
scrawnysquid930,scrawnysquid930,https://pump.fun/profile/EceRLNhrtp5db3GYoZAUvm5sqifzDwksJTJPSVX7xuBW,,,scrawnysquid93062 followers
TheAL812,TheAL812,https://pump.fun/profile/DeAKcSywMHosUbBig1g69kERUekM9j83CgY3P7KDSb2Q,,,TheAL81262 followers
profeshgambler,profeshgambler,https://pump.fun/profile/2dwbrh5DaHCmaWnz7y2wdJ9zmTbgxXSpWeorwDrYHoai,,,profeshgambler61 followers
Lamzz,Lamzz,https://pump.fun/profile/2FY95VTmTuaoZ3L2tRxGVJwKbUR44WKXCFEfoA1NJsHi,,,Lamzz61 followers
cartsluttt,cartsluttt,https://pump.fun/profile/F21MUY2FkJHvf6YpSK5pKJFv6k19zzpnjxf9gpKRTsjk,,,cartsluttt61 followers
PrinceX8,PrinceX8,https://pump.fun/profile/7895Bdwnt4poXvX2rdcPS2CeDCL8ZZw4kVQ17LHRVuzj,,,PrinceX861 followers
intervention,intervention,https://pump.fun/profile/3GXCSg9FVKnqTe9yGD4wH5Xdks89gpww8U3jntjZ77i3,,,intervention60 followers
fitlobster73772,fitlobster73772,https://pump.fun/profile/4dCKf2ssoPSmX8e1KbFi61VUGbv2ayTvCkoj9Qud48AU,,,fitlobster7377260 followers
ShellZestDoctor,ShellZestDoctor,https://pump.fun/profile/DWHmMNajT7TrokFeqcZGqkdnwv4Qm7oHxHdN3mhM3ALL,,,ShellZestDoctor60 followers
C0D3Rtrd,C0D3Rtrd,https://pump.fun/profile/6xGndg3R98ukB8neX9NGT8o5SfAeN41ZzkFPXvxoE1Ev,,,C0D3Rtrd60 followers
snakedice,snakedice,https://pump.fun/profile/FB6yBgZ1yV8gXfh2oP6JWCw6oXx2o8zjmcfzBMdZ3bRs,,,snakedice58 followers
SYNTIX_9,SYNTIX_9,https://pump.fun/profile/BezQSgWHuRFqaCZ3R7RmM9vkpLe4qYCEKDR9dNT3HW9i,,,SYNTIX_957 followers
gohanez,gohanez,https://pump.fun/profile/C4UsS9AEMYS42sQEWjcGb1BmNVi5CqXxpYQKGj7rVsqr,,,gohanez57 followers
HammerDGods,HammerDGods,https://pump.fun/profile/2AEULaf9cGhWB3LXzZYUgUn6CPjQcXUeK3igs291EFid,,,HammerDGods57 followers
masterful,masterful,https://pump.fun/profile/9dHCZy4YmEKJsVBmr1J8ku6U42PELpdfCGKpp9hCwwNZ,,,masterful57 followers
tazman,tazman,https://pump.fun/profile/B6uA955xmmCDEgPLwXX1JgEHLSFdkpR8vhCLjaEuuwzr,,,tazman57 followers
metadreamer,metadreamer,https://pump.fun/profile/4Nd3QbL5UKdBAMJw9APFCShSjw1LGsJjKbh3kaiB4P4p,,,metadreamer57 followers
IranianTrader,IranianTrader,https://pump.fun/profile/F1FS8uMChVdCgtgdMXCj4SeksQhmJCLspZcCFV4UsnTN,,,IranianTrader57 followers
theblackphanter,theblackphanter,https://pump.fun/profile/6aMAVvwa31SvWyEZBKZkvaTcMtYnL1PnVdK4CczRvveG,,,theblackphanter57 followers
ChrisVouXr,ChrisVouXr,https://pump.fun/profile/AafpMF26ymJ52E8Tp6DqfkZ9zxEowPTQL5BuVVuEQdSi,,,ChrisVouXr56 followers
kimsushi,kimsushi,https://pump.fun/profile/9cHm7zAEXL2SZNr4T8vYJoD5KPrdBRc3NmX7PBQ1DEja,,,kimsushi56 followers
zenoctopus52150,zenoctopus52150,https://pump.fun/profile/DizgHP7qsVTWEQXad6BCUU7PPZTWHoBFNNRRmfXXmRu4,,,zenoctopus5215056 followers
GrokQuantBot,GrokQuantBot,https://pump.fun/profile/CWNFTy3ez8srUHTzQ7MNCWY3RStSsKe2Zk3ffbGhS6HT,,,GrokQuantBot56 followers
Spins_11,Spins_11,https://pump.fun/profile/8GNHjsYiTpEnvpAAm79YtvktsKDEx7RRp1GQyMrG6esJ,,,Spins_1155 followers
auxy,auxy,https://pump.fun/profile/3xexGKTc6yyqbv1i83pc15EnTHEBxVnjr3AyAXD7nEG5,,,auxy55 followers
UltraSoapyChief,UltraSoapyChief,https://pump.fun/profile/2xcuWgz3hpqnLD4P4MRpum4jM8CHsDUNWYSPs1cjy4g7,,,UltraSoapyChief55 followers
zenstarfish9067,zenstarfish9067,https://pump.fun/profile/AXPsoTdJGgFUAL7AaCVLaYTNgUbm369WaeJqjBwUuWAb,,,zenstarfish906754 followers
WaveIcyLunch,WaveIcyLunch,https://pump.fun/profile/GAjfYhF1GHHw1YPPAJ2sMKDUTDaRSLBYWcDg95cgs33y,,,WaveIcyLunch54 followers
TAExpert,TAExpert,https://pump.fun/profile/5iKowwuL7fzzHG6Q2Sz1iSx1LU1asEodVbLj3yQMnv1x,,,TAExpert54 followers
hollowghost,hollowghost,https://pump.fun/profile/4LumJnPJsnbmyv362yM31JmxTsTATUKz197JhF8YfSxu,,,hollowghost53 followers
CreamySpinach,CreamySpinach,https://pump.fun/profile/4zhb9HeJxtsQENPPVe81CaftpZnjb2eK7USqmFvHkA37,,,CreamySpinach52 followers
windowssus,windowssus,https://pump.fun/profile/ELRRSVN86RqNN3aHUJdmi9hD6r3LcCCzou26FvkUddmz,,,windowssus52 followers
pallidotter6731,pallidotter6731,https://pump.fun/profile/8zsmx3m3hGefs5xNjiLVAS2awpwJdtMd7eid8fMTchcU,,,pallidotter673152 followers
babaikryptos,babaikryptos,https://pump.fun/profile/6TtuRPXqaETj9G3hwqUBnW16B3oGVJ4WaG4RaTzAQ3Yb,,,babaikryptos52 followers
anonoutsider,anonoutsider,https://pump.fun/profile/HumYE4FEwCYNVkkjTLH4Tk4gv953YJVcvfvZqAPrFdik,,,anonoutsider52 followers
Hyperion10,Hyperion10,https://pump.fun/profile/DBMMTEBudNAhxZ51zsTzeAEhhVCcwoinjJ1UWdrw9K2B,,,Hyperion1052 followers
aliveIIc,aliveIIc,https://pump.fun/profile/DPGy5w732wbajkoWDZeRyUXpYZ1t2eNtSCyDiDWh69PW,,,aliveIIc51 followers
zeekster,zeekster,https://pump.fun/profile/2wnKN5tA8GyM1asv9x7sDRq6tWp9799BUFG5quY5E42R,,,zeekster50 followers
SADR3D,SADR3D,https://pump.fun/profile/7QtcZ2PWZkzmjg5TxYzBaD7UGKcTtVtCEEtSyqj3a55W,,,SADR3D49 followers
snipewitme,snipewitme,https://pump.fun/profile/27XDs1zUTvzoT82XTpYN2u7oqDwLk9UU6T51MxpHebUH,,,snipewitme49 followers
ailuna,ailuna,https://pump.fun/profile/EBmq5RTzqu5uyY8dwNryXmTGn9dYRRvfzkUb2SCx3HJB,,,ailuna48 followers
Kimora_Chan,Kimora_Chan,https://pump.fun/profile/5oLZLociXG316WSmN3h39dEwPpJEZgHLoFjMmbGqaLSS,,,Kimora_Chan48 followers
lonestarfish789,lonestarfish789,https://pump.fun/profile/7ZUCe1UsnVjJXBmWjfutLGEtexMF5YxBNLR4jDQXm2F3,,,lonestarfish78948 followers
puma_uma,puma_uma,https://pump.fun/profile/GMaQBRsApjAghfNQjHv8vmpXfHs9wv9FZogmaJvpcWUC,,,puma_uma47 followers
flauu,flauu,https://pump.fun/profile/78roRy8jRtZ11brjUxFve9XD5Aku27vfJBBGTm4cRXxF,,,flauu47 followers
Theonly_Leex,Theonly_Leex,https://pump.fun/profile/GyrnYkiYTrmoWW2vVv3GebCSNq8v9bfyhceZRrziqdXf,,,Theonly_Leex47 followers
KamsGoated,KamsGoated,https://pump.fun/profile/9u1Qha5gK17wUCgmjcY2d4cJXwmjn2d85EibpoZoxgBa,,,KamsGoated46 followers
sidequestcap,sidequestcap,https://pump.fun/profile/8YBibjP4S7zJA6fJULcpuCtQzoVCWP2PwGAW1rCmt6b3,,,sidequestcap46 followers
zhyan,zhyan,https://pump.fun/profile/2an4W1jC3x6gXPQXoumD8tx1jAFFJoDV8QaCjcwmab41,,,zhyan46 followers
babooka,babooka,https://pump.fun/profile/8UxBncmB85pbtKKhAMVyZ3cgv8QRvLYz3ff6JVD9Mpae,,,babooka46 followers
prainfrog,prainfrog,https://pump.fun/profile/7WQbCmCj8GzMU6uiCRVBYMgaMHNDHGqLKWhvjsSDDLrw,,,prainfrog45 followers
juokka_,juokka_,https://pump.fun/profile/AKBFPfAxWq6C4qrzcU656d5PRmXYfSKoZ3qy3prtGvq2,,,juokka_45 followers
vision0x,vision0x,https://pump.fun/profile/DB5Y1wSrLdoPpy5p3kaPFLhnYn89fCZ6pTu7ifp6rUec,,,vision0x45 followers
phvnty,phvnty,https://pump.fun/profile/Gdw654fGGrtUSj38aiB5NyjtpiroxLovsD4A8LWrw54q,,,phvnty44 followers
pupcanhowl,pupcanhowl,https://pump.fun/profile/Fthxcr4v5LwPHP3EhF8eXDB8LWiVapjzkqYe24MmtxeZ,,,pupcanhowl44 followers
firmoctopus1845,firmoctopus1845,https://pump.fun/profile/FPRYKxbc6xBV2t8JbDaf44eiqeKUERuDqZq4FHonKBfp,,,firmoctopus184544 followers
CupseysInsider,CupseysInsider,https://pump.fun/profile/HqCa6YN8ERTZudNESnfnNYepXkp4wtoFwtyJoQ9vTuY7,,,CupseysInsider44 followers
letsbereal2,letsbereal2,https://pump.fun/profile/2Qo9Nq5E1Qzr2tUEa7do7XDfDwyh88uUvQd4W7odGuoB,,,letsbereal243 followers
BattleHodlMagic,BattleHodlMagic,https://pump.fun/profile/3AeiYF4WVGpVdqTTQPLV2Rf289KYZ5MhDhxtuBxJ4Ex5,,,BattleHodlMagic43 followers
Unempl0y3d,Unempl0y3d,https://pump.fun/profile/BNRPp2qSb6HMnc1bqpjsoZaGkgZ9PQGsmEukSkaWpdfc,,,Unempl0y3d43 followers
feedingcrab5863,feedingcrab5863,https://pump.fun/profile/4HAQXhRD845koXe5ZdSxHNaXD9aV4EZvqBAiiQPTDZgS,,,feedingcrab586343 followers
floki93,floki93,https://pump.fun/profile/AtbH8SnehhmWqZTMnHxTU9KDx8kAVzr6GiYDtJEA2iDS,,,floki9342 followers
gravemarlin7984,gravemarlin7984,https://pump.fun/profile/HNCYhjCg57KsjTpDZRP5gV4FgY2sZvvXFngXKRRBdgpZ,,,gravemarlin798442 followers
SlumpGodpumpz,SlumpGodpumpz,https://pump.fun/profile/Dqr5WfJCrNoZMRGnUbmEQnQaPQhHit9UKkhUybDNGGjk,,,SlumpGodpumpz42 followers
itzjayfrosh,itzjayfrosh,https://pump.fun/profile/74JxwHBg7nUYCNSJ2n4tN2ap6X5ms7RvWjRcLKySSEjd,,,itzjayfrosh42 followers
basedoctopusedi,basedoctopusedi,https://pump.fun/profile/Zm9NHf2fDY9pnvPn9ntW6dVSM7qF35gceZMVGxiThMy,,,basedoctopusedi42 followers
AlphaCCC,AlphaCCC,https://pump.fun/profile/EdJPx66nzSmqj3ryT2cHG9FAtZ8xFTcQETKw9gqP9s3N,,,AlphaCCC41 followers
Mr9to5,Mr9to5,https://pump.fun/profile/5Tbb4zb57uVs6rQXNhuwDqtvp1RoS6m21rx2gGQWNGuw,,,Mr9to541 followers
movingshrimp335,movingshrimp335,https://pump.fun/profile/BvsrLbwahEuTmQXeGDet4x8bKc65D6vZc7LqFQ8DBcKw,,,movingshrimp33541 followers
thetestfrog,thetestfrog,https://pump.fun/profile/AuaCRmfKedKwF62XH8XqULMkgoa2yfa6jfoqMQAbMCqY,,,thetestfrog41 followers
TheGoobGoblin,TheGoobGoblin,https://pump.fun/profile/EcwjdANEUP2f4K4skAESy7JT6FRqJzR8Yuz3BfFWyj6U,,,TheGoobGoblin40 followers
darkgi,darkgi,https://pump.fun/profile/B9SkfqeWmb437ikhwNS5cKL5DcuHCdHZMx6kK2djArdA,,,darkgi40 followers
MoonBagHunTonc,MoonBagHunTonc,https://pump.fun/profile/5chgzpiBoHDZMjGFkTdGmWBavPzRSN1VJM73kA2yDamB,,,MoonBagHunTonc40 followers
XD_TK,XD_TK,https://pump.fun/profile/5UEJfPi7VMXgaEBbah6Yq6cMuvuHifRP5QBTFuhkQH5U,,,XD_TK40 followers
BucsGuy69,BucsGuy69,https://pump.fun/profile/EZSGyKtfe786CoFuCEadT1oXKQ57D4g2njQ6QKuWzQay,,,BucsGuy6940 followers
Whois1000x,Whois1000x,https://pump.fun/profile/E1byEo8VrT16mJkDaq8U8RpcDFdzsEKyasW7Nrb9b7rN,,,Whois1000x40 followers
ayti66,ayti66,https://pump.fun/profile/6eXCcTVZiiJFXii7fRQp4uE2zWfkNqYe6FxEobtcVsGD,,,ayti6639 followers
NeverPayTaxes,NeverPayTaxes,https://pump.fun/profile/CcnKWPFZtzkHMFPJo7dxfj6pBqGWxgnVbGti92FcFte1,,,NeverPayTaxes39 followers
freestyler095,freestyler095,https://pump.fun/profile/5YZG812TE3yt6PykyBryUjHjcjPoKJbMBiMA9i1GnMt6,,,freestyler09539 followers
jennyTrenches,jennyTrenches,https://pump.fun/profile/5jsifxBtXUdpeogqsahxwWCwJwkt88ks12W1Xex9hnvg,,,jennyTrenches38 followers
6dhrG47,6dhrG47,https://pump.fun/profile/6dhrG4ixKsqHByajE4Ur38by3g3P2GZKMqaZXytSt7ij,,,6dhrG4738 followers
onlystarfish252,onlystarfish252,https://pump.fun/profile/DM1kVwqbNJYeDgKn2T3UbCHqquSh3PAYHJpRYfTCcbrK,,,onlystarfish25238 followers
RAD_5,RAD_5,https://pump.fun/profile/3YYv4T9zpJRMDpjcjBYoA3A36YvLLt8vLhuhFwxZSyAj,,,RAD_538 followers
PumpFunEco,PumpFunEco,https://pump.fun/profile/EQQ9hGRoRXAhiY1GxkfbohDKLBnXpSMXhCzVv3AtrGec,,,PumpFunEco38 followers
SOLsuspect,SOLsuspect,https://pump.fun/profile/985RZnafE2EgcNiZW7Qid7JZ8DMA7L4XTjSJoecy3iAE,,,SOLsuspect38 followers
seewhatimean,seewhatimean,https://pump.fun/profile/GTevxjpTiPv1MwsHyyDjPGJXRjk79Ce4JC4WX1Egqej6,,,seewhatimean37 followers
BastianYsuseno9,BastianYsuseno9,https://pump.fun/profile/9uUzZFrqbmD4UwvHfAye2yibC5xRcxPt6vB8rqy2pHYd,,,BastianYsuseno937 followers
Rixtasy98,Rixtasy98,https://pump.fun/profile/5KMgzpR2u5B1s3PWMGmgC4xiPz9QKGZ3QAz2R2rkaqbi,,,Rixtasy9837 followers
TEKMAN,TEKMAN,https://pump.fun/profile/26qsVoMuoobTzDXijjXe6YisrkouYTc3zmCKTbZv3WaE,,,TEKMAN37 followers
Sybau33,Sybau33,https://pump.fun/profile/8trc2cdZSPsVqjcLGb2mxnRxWFEJ1LAqrFtTqoMQTo7m,,,Sybau3337 followers
Remembermycall,Remembermycall,https://pump.fun/profile/GQCuxN5h5aw3ke49MxuBdFwiAZJ5iYiWB5qcziTXvPah,,,Remembermycall37 followers
turbokrakenpuzz,turbokrakenpuzz,https://pump.fun/profile/4aygipF796FWiwT6GHcuCM4JZiCPajL6dNpWcJoQMZSF,,,turbokrakenpuzz37 followers
Bluddymuny,Bluddymuny,https://pump.fun/profile/8eCDtsJT37UTvVrjQfG6fiV1qGctWPKYwE2VnhXgVTdk,,,Bluddymuny36 followers
MrPidgey,MrPidgey,https://pump.fun/profile/EDnRycrmkMAwccY2KoGQm9dRug1Kf9sb7V8udd9YjeDQ,,,MrPidgey36 followers
NearKnottyTune,NearKnottyTune,https://pump.fun/profile/6hLiQya7KsrTHGwXfjuKjyr8qcvcdz7UYSnbmeLW8Qz4,,,NearKnottyTune36 followers
CoinJelly,CoinJelly,https://pump.fun/profile/GFVCxcgte77dRrnmpHVhgZ8GqLiKAX5jR4kJjx6WywAb,,,CoinJelly35 followers
ineedamaxwynn,ineedamaxwynn,https://pump.fun/profile/HG9qvWpk5PgW5eXue4JFwHGbJbaqg1iehyKZMAuyLnz5,,,ineedamaxwynn35 followers
rawsalmon45072,rawsalmon45072,https://pump.fun/profile/CC8GPJbwaNADqrfLegJ2wFvSp5PgVrUdCUD12eZBopsm,,,rawsalmon4507235 followers
Pray4Meme,Pray4Meme,https://pump.fun/profile/9ezQoAnCG2dZXjhs4aXLTLNXbBH2KGDv1TnVD6ALqqzn,,,Pray4Meme34 followers
NorthwestBeard,NorthwestBeard,https://pump.fun/profile/CVR1Y5493W8ajYeznmx7duWfbgSt5n18PSyUK7zUj4jQ,,,NorthwestBeard34 followers
FlameVeilTemple,FlameVeilTemple,https://pump.fun/profile/7Pgf2LosedfxzFUhV3MFAp2nwWPyXLmTXobVYQ42zgNC,,,FlameVeilTemple34 followers
backwoodsonx,backwoodsonx,https://pump.fun/profile/51nbmXHKrgPerLsgscTedN4gVZdAxNB4o54vTmpDy8eL,,,backwoodsonx34 followers
letstradememe,letstradememe,https://pump.fun/profile/HeVwM79DFiJvh4ip5YjVUvN2izUsH6gYWosNpdjJmHJt,,,letstradememe34 followers
Nymzer,Nymzer,https://pump.fun/profile/A5w2kdXwmGp4Ci8cEXBpMncRZuHZ8gX6Chg2RAfQ6TRr,,,Nymzer33 followers
Trilece53,Trilece53,https://pump.fun/profile/2526KSACRprzAPEGYFvrDLP1EFQddZ5m6j4kDPwaNXYB,,,Trilece5333 followers
BasedJollyLand,BasedJollyLand,https://pump.fun/profile/DQdudQCiMNvZnHy1WzRD2inyahxdnhwHAioBgL3D4B9z,,,BasedJollyLand32 followers
trenchsaviorcat,trenchsaviorcat,https://pump.fun/profile/8FWQAxPTLYHaACvhjfuF47zUJ9NhDZnNSCiBaL7n48iz,,,trenchsaviorcat32 followers
PUMPLIFEGUY,PUMPLIFEGUY,https://pump.fun/profile/BnbtxyUbTxavNPznYnXrVJFTTgRzZcyxwxtSrCFBoAL2,,,PUMPLIFEGUY31 followers
turbosealconfid,turbosealconfid,https://pump.fun/profile/DbFQtP2ZCmtVosuxoeANmGGQLC1aSFb83xiYRzMVbxse,,,turbosealconfid31 followers
BOBBYCRYPTO55,BOBBYCRYPTO55,https://pump.fun/profile/5vtYa24BVGSP41RHfPZejG5gQmwpMcSRFw7zegk3XPzp,,,BOBBYCRYPTO5531 followers
digitaldinero_,digitaldinero_,https://pump.fun/profile/EPbFgLhTj1ZAgCWh1uGW4VoCtbsoZXzzQX2Tpe4h5an8,,,digitaldinero_31 followers
namelesscrab596,namelesscrab596,https://pump.fun/profile/HySZK8qfT2zbxUHP3gcCByXhXho768DESxYSarZd4XFg,,,namelesscrab59631 followers
SolSuaveFighter,SolSuaveFighter,https://pump.fun/profile/347NEDm1J7mSSFtMfw6UWwdwYHsq7akucTqVdDtmmXYu,,,SolSuaveFighter31 followers
goodmaybbadcall,goodmaybbadcall,https://pump.fun/profile/7SDMswxyfzUzu69MC6gadXP8Wstp8eYKRm78E7bR3iFQ,,,goodmaybbadcall31 followers
maxedsol,maxedsol,https://pump.fun/profile/HxRr5j9R8vR87cEnW4RfqkhTXeRnyKqwnfbqH481YJsU,,,maxedsol30 followers
Pho3nixz,Pho3nixz,https://pump.fun/profile/4keacT9CrFxXVwBsBurDRnBAip7hZMQBYkUoBRFzYzui,,,Pho3nixz29 followers
lowsquid91226,lowsquid91226,https://pump.fun/profile/5eDBKHWkS4f56SKTWZmdExsPaH42ypELXsDaXY77DJy6,,,lowsquid9122629 followers
MrFright,MrFright,https://pump.fun/profile/CmZTwhpLAMFMiM7LfFyTHtVsiA5wKmwZCjzpK23cQUxY,,,MrFright29 followers
TrashDuke,TrashDuke,https://pump.fun/profile/ULcF5vpWUAMmG9LMir8B6oN1fkdqbRUYrUBRGun4t9A,,,TrashDuke29 followers
lazytuna85668,lazytuna85668,https://pump.fun/profile/8LyqdfRcXLsZuhLMYwCH7SSceL4Ftfiyk9qTPeSwsNUu,,,lazytuna8566828 followers
Goldfr,Goldfr,https://pump.fun/profile/7Crcga3pbB9ycTbk9sENwuedG6mcbqEEwMmo6qvK4GEd,,,Goldfr28 followers
mjanmsda7,mjanmsda7,https://pump.fun/profile/AMsCjZyRooRBZxwcsfmqUf5tUnDLxvrCyewXKzeZm9GM,,,mjanmsda728 followers
cryptoking1988,cryptoking1988,https://pump.fun/profile/9dt5iLRPC2ZdXkm7azmA5XzEEnmhnWR8DN5hxej8k1BA,,,cryptoking198828 followers
bluntorca80112,bluntorca80112,https://pump.fun/profile/66p3YQKt3LQVJMrutdZD3FQZuDmDnTBtcdJ1g2ko8Eny,,,bluntorca8011228 followers
coystarfish7049,coystarfish7049,https://pump.fun/profile/8J9EN9Dirb8cnAunESN14FencUMbtunJufsWZdkxjpeZ,,,coystarfish704927 followers
winorwin1,winorwin1,https://pump.fun/profile/35h72vgrGWTPY1hhJgxk3wxV7vhuZFrX4VzrpvypWixE,,,winorwin127 followers
CordRoadNutmeg,CordRoadNutmeg,https://pump.fun/profile/HkhA3ByAh8dBciojXWrhLNXNPXE5scunQMZzHgve87Ft,,,CordRoadNutmeg27 followers
ZenDecorousWhip,ZenDecorousWhip,https://pump.fun/profile/FKv3rM5fYzX9VV24x5oveWiMUc6gMNthmS82KKQy6ruH,,,ZenDecorousWhip27 followers
DevSlayZ,DevSlayZ,https://pump.fun/profile/9zUZkoUyizj6i1WEDaxF3ox5V7EsEbMA9zJkMSMkkmsm,,,DevSlayZ26 followers
richamilli02,richamilli02,https://pump.fun/profile/6oR6qAvsmdUcSMwvpWo9xBnwe5Tupxq8ay97xU2QWQKY,,,richamilli0226 followers
TroyBot1,TroyBot1,https://pump.fun/profile/2pdmvm6ec6xibu2cKU5jzRDLcovLoZAuqxudv4meGgLr,,,TroyBot126 followers
wifbag1,wifbag1,https://pump.fun/profile/Dt1Q8BJapiKaWnQ4ucg7SEhvTtY2XtYxHrMcsLvhL6kG,,,wifbag126 followers
DraynX,DraynX,https://pump.fun/profile/2dtVQH1eZ4terV8Ppg99jj3iVHks9YzHetR1vaXu9ewe,,,DraynX25 followers
ughhhhhhhhhh,ughhhhhhhhhh,https://pump.fun/profile/7c9AXKzF5b8pn81pnMWeSQ3dtM8AnAx6M31qiygk96WK,,,ughhhhhhhhhh25 followers
Hun_ter,Hun_ter,https://pump.fun/profile/FXDe3R5wRQ3ms9wVYRJg2fncywhiLfCeoq239sPBDWjB,,,Hun_ter25 followers
polotradess,polotradess,https://pump.fun/profile/FFDL7wtF16ctzz5FoAKurTj5q1bCjNKCpSG7X6JQHNCG,,,polotradess24 followers
chickan,chickan,https://pump.fun/profile/HTFz2URehktNpQXB7UnakCQGtrELa9Znj5HFuoTfwown,,,chickan23 followers
devofthecentury,devofthecentury,https://pump.fun/profile/2vXU2Y9UqUhBNvg31zJrV5auZBvmbSRz4TpW83YHcAM2,,,devofthecentury23 followers
Manmademachine,Manmademachine,https://pump.fun/profile/27qikhhPeexorykrKX4ny3diJQ8Rt1RqUHLGsDsjgZSm,,,Manmademachine23 followers
ultraotter63133,ultraotter63133,https://pump.fun/profile/9yE9cQhFsKB8PfXgdZCs2aVHR1dTM9qRHpPaSyuqa4r6,,,ultraotter6313323 followers
laycrab55157,laycrab55157,https://pump.fun/profile/9CXuzANaYmGnudd8coFpwfJTZmN9rCKAYeoBzpkpeqQK,,,laycrab5515723 followers
s500bag,s500bag,https://pump.fun/profile/7dGizY5eYDLruLdseLTyYVVDBuYLGVj3ZWErG9MU27y1,,,s500bag22 followers
bomboclaatcat,bomboclaatcat,https://pump.fun/profile/5J5tQDuKwiiv9ZVbZL8kxuwvUkWNdyvREvPt8iG4fRnY,,,bomboclaatcat22 followers
numberoneloser,numberoneloser,https://pump.fun/profile/AWjknbSvRZyFvUkqQRKRHcgR3ht5PsS3FYhsNk8i5pua,,,numberoneloser22 followers
Cryptohippo777,Cryptohippo777,https://pump.fun/profile/8o6hLjPunCj6nYo3x5DXdTmaNv4W7LH2E2KfafxB4Buk,,,Cryptohippo77722 followers
Mr_X1X,Mr_X1X,https://pump.fun/profile/HigkvPmmsiXoS45n95msukW7tRUgMw9DfteyhGgsELf9,,,Mr_X1X21 followers
king94,king94,https://pump.fun/profile/ATaB3VecnX2Awb1PKhgtDipZMHS6DpBJiodR2CNtyn2g,,,king9421 followers
bigvoltage,bigvoltage,https://pump.fun/profile/6rU2g2Zb8KWzDadTCY4S1uCc7T7YcpwZ22WmajL7cYtC,,,bigvoltage21 followers
ThePeezy09,ThePeezy09,https://pump.fun/profile/9bqEECESXCx7QW7uh7D2TPB181WujeBsqK4C7L62TiTq,,,ThePeezy0920 followers
Ckikkk,Ckikkk,https://pump.fun/profile/Cv9WD7kT2ebQBv4sHwN3GfTioRLMoh6cKZ71ZD7r3Q5G,,,Ckikkk20 followers
ultrasquidwhite,ultrasquidwhite,https://pump.fun/profile/7Uw9KQih6kjN6hijXZdYX7aBnhxpk5W6ajCsyAg5KfKp,,,ultrasquidwhite20 followers
EarlyUltraApe,EarlyUltraApe,https://pump.fun/profile/n8dTL7M5Mep9m1MhwE1TMPoke7cMENYaSKF3sC5TMqR,,,EarlyUltraApe19 followers
profish72997,profish72997,https://pump.fun/profile/4w67rV5PAzASXenEidLdPUE9WGr3XpYY6KAUxioEBbi3,,,profish7299719 followers
chucha001,chucha001,https://pump.fun/profile/3aoeGk7UaRzkvNFqApemWuAhL1PYJHvKWcPH9xxRpFnm,,,chucha00118 followers
firetiger68,firetiger68,https://pump.fun/profile/B3GWjtDAoraYPQa1d1G2kfCiTBXRg8PiufcjjsSeFhrp,,,firetiger6818 followers
aridwhale15032,aridwhale15032,https://pump.fun/profile/HVSCU86f37wk3PzkA9aL9aNdU9Zykh5PR79Bg3t5CNov,,,aridwhale1503218 followers
usualape,usualape,https://pump.fun/profile/CaXRemNk6UU3n6Lbe3PFwiRWdP8bcgsZto1t9USzBbo4,,,usualape18 followers
furryshark11143,furryshark11143,https://pump.fun/profile/DCXLam1sdLRV5koqv8ranJbUhyfVB2wU2Vd8wH33noPo,,,furryshark1114318 followers
jmack007,jmack007,https://pump.fun/profile/CPzrWNsK2nTumFr44jnMXWEN6R4GzQyjkurdAd2e1r1W,,,jmack00717 followers
aintnothinfiat,aintnothinfiat,https://pump.fun/profile/EVQVngNzUfi4BSjUFhNqcmLawiwHAyEpMdqFhqGf1PbK,,,aintnothinfiat17 followers
TooEazzzyy7,TooEazzzyy7,https://pump.fun/profile/9w2BejwbKXMpVk1vdpFA2CEptrcRWsZq9vJ88wxvdZHk,,,TooEazzzyy717 followers
myposition,myposition,https://pump.fun/profile/6Yd4yVF1CbhGDMFo1PuK5Skx8M756DwRoEAq1pxoyWVP,,,myposition17 followers
Aura_gems,Aura_gems,https://pump.fun/profile/B18jtJigBi9RQhMvVtXuZwb3bxYUGXf86hULLhqfLKyx,,,Aura_gems16 followers
intactsalmon577,intactsalmon577,https://pump.fun/profile/BsUfZFTA81R311DT1iWmJthzXjXsYAaho28u3RXBEUDW,,,intactsalmon57716 followers
ItsRyanGosling,ItsRyanGosling,https://pump.fun/profile/DJBFdhcHRZpvBP4CSoHgpaGvGX38732VC1t8ebNQemZU,,,ItsRyanGosling16 followers
sunkenseal62504,sunkenseal62504,https://pump.fun/profile/6g19s8zwWGEW1fXNhG7uEBp1SxnKagt9k4LfzBPKU8Kb,,,sunkenseal6250416 followers
mate1,mate1,https://pump.fun/profile/J47XNcMK8JEBRghasJnMMzwshCqgPykonp7BDU2VKpq7,,,mate115 followers
amer_fv,amer_fv,https://pump.fun/profile/BB1mtzxpxqE4KfGUZWzqM1uk8CzKKPKJsPsNVTLmGf17,,,amer_fv15 followers
winthousand,winthousand,https://pump.fun/profile/D5dU6MK7Ps8aziuw8jmbpAMhjqqBCHxXAb1ud4rU82mx,,,winthousand15 followers
Ruilucky,Ruilucky,https://pump.fun/profile/GV6X8iBPyQY7jQthAcykt3f316VA9PS8wnz5tMehpjiG,,,Ruilucky14 followers
dsnn,dsnn,https://pump.fun/profile/BfqPfkbDZks4CR7my78vcJZygWcajePR4pEmpzf6z8TM,,,dsnn14 followers
GrayDiscoTrader,GrayDiscoTrader,https://pump.fun/profile/3knx4uzKKeFzt5h8Vw31DbjsnKBdZhFSoUcrwuZ1qZa9,,,GrayDiscoTrader14 followers
taidochi,taidochi,https://pump.fun/profile/5MJpbSPJe3i5KZkjK1BK2xdjMbU6oRi7EAYFrsvWTHWR,,,taidochi14 followers
BoldCubicRidge,BoldCubicRidge,https://pump.fun/profile/DthWxk7uUVov9LeW3oRB7ALWbZ1yDEJMv7GsMDQnJeRG,,,BoldCubicRidge14 followers
longseal26959,longseal26959,https://pump.fun/profile/7VGkMFBdnoGHCFLYhaqqMjf5qZvB7K7JyqBVNszjmaD5,,,longseal2695914 followers
biglobster23728,biglobster23728,https://pump.fun/profile/8pFJXzyy99pvS4zkokmeT3PTBirwVELFvTxCGSrocKDR,,,biglobster2372813 followers
CometPieLemon,CometPieLemon,https://pump.fun/profile/7ir1nJN9dwQrfjaK8hmMJ11ZYgfdcq2gD4xLPNoDFsc2,,,CometPieLemon13 followers
raisedkraken165,raisedkraken165,https://pump.fun/profile/H5zoh1XrN6VndA1opoo3K9mkTapPuRuRUqvBAVGYeCrj,,,raisedkraken16512 followers
dinocrrypt,dinocrrypt,https://pump.fun/profile/4NPJS7g5f3scS62XzUg3gbSdpuwNeQhSRjv8iFVToMBB,,,dinocrrypt12 followers
LyingCaringKing,LyingCaringKing,https://pump.fun/profile/9g93dfk9q2nT1qnfBWwjoE2nn5zGsBhKfUQxavL4nVza,,,LyingCaringKing12 followers
isawbigfoot,isawbigfoot,https://pump.fun/profile/BgoqTPtLeJRmFTqhosLMYeTWE1dqyGpHKMsv13Vt5D8F,,,isawbigfoot11 followers
1ynpacosniper58,1ynpacosniper58,https://pump.fun/profile/ATudWiQHF8QW8zjj1wEUdNbr9C1zTQxQFq3238PvhbMv,,,1ynpacosniper5811 followers
RebelEagerMaker,RebelEagerMaker,https://pump.fun/profile/BJRKUfiBbWexk3f5UVpwu6oCMsFuitoEiTUn8RsTdyVQ,,,RebelEagerMaker11 followers
thePumpking31,thePumpking31,https://pump.fun/profile/Bm4QAq5BJmJvZvZxiBAFzZX6vDFkj4bH2TjJc6k2yBgj,,,thePumpking3111 followers
basedfishfoldin,basedfishfoldin,https://pump.fun/profile/9gF7r1TAHuCTysNgtQwXYJ9EREsYUjd2mdybGxFvTLLZ,,,basedfishfoldin11 followers
fitmarlin76948,fitmarlin76948,https://pump.fun/profile/BzCeYtLEeG1iN8bSJwvkEZXje85QdDXph6apkUX39wCR,,,fitmarlin7694810 followers
jordantrades,jordantrades,https://pump.fun/profile/6VrX11DuPGT8oWyNsk1P62sxXKPM6JuLX4N34x56uaNa,,,jordantrades10 followers
Dtectivepikachu,Dtectivepikachu,https://pump.fun/profile/G19m9xAkH5zDytsnhNSLz2mE5B3dkCKPQfxAjpJbEW8m,,,Dtectivepikachu10 followers
dj_bullish,dj_bullish,https://pump.fun/profile/6D1WpQ4dFx7q7JpYF6yCGrdkVSCj2oTJzDzZbDzVnbJr,,,dj_bullish10 followers
poortrades,poortrades,https://pump.fun/profile/EEpw6BdJiLRDPH8dqQP8vMtAj2VuPqGANpxAxaEMSNS1,,,poortrades10 followers
PERKOWNER,PERKOWNER,https://pump.fun/profile/5QDhHUoC3XRHZf5PDUdjbPRCdogKeu2bSxKzVc9yCjFE,,,PERKOWNER10 followers
nismo1000xhp,nismo1000xhp,https://pump.fun/profile/5rNxjZNm8oNF9ENuW4mHBJP5JyJvD2edTjy97WaHhsTx,,,nismo1000xhp9 followers
pertoctopus9400,pertoctopus9400,https://pump.fun/profile/BBQAEGHaLmvPj6Ggbu2MWJPSzqbT168vDqjVxCuuazUZ,,,pertoctopus94009 followers
hasht4g,hasht4g,https://pump.fun/profile/B2eVc1Tv3Un1LswX4rjJEXLqEnLwygcgX8sP7kTg9ZnM,,,hasht4g9 followers
AlphaGuy19,AlphaGuy19,https://pump.fun/profile/5zLd869VjZoE7B9R5rfd6WCXZQ4i9sJTkaaiUnNrMGWk,,,AlphaGuy199 followers
MorfeoSolX,MorfeoSolX,https://pump.fun/profile/3tS7Uqiqr9kLEtfdQmUynKTGJ2k8CmvMYUogevxeMa31,,,MorfeoSolX9 followers
RaspyFewHunter,RaspyFewHunter,https://pump.fun/profile/D3ZbEyLF8cFkq9BzvJAzyLSb2Mq8pjuhXTGC2MvqVqy3,,,RaspyFewHunter9 followers
lock_in13,lock_in13,https://pump.fun/profile/FoKeFwQd31fWmb66JUzZjN2P8sjzvdnxnLZyeKCGcgix,,,lock_in139 followers
benzayy,benzayy,https://pump.fun/profile/6h2nJevZEgUrnY3kpw4MeBP35kMhQ1ShNsTBGqxgxzFf,,,benzayy9 followers
bigjimytimy,bigjimytimy,https://pump.fun/profile/Aoc1XVRb55fik93DwwTqPsQULvdTUTruCtGDtESdsnRR,,,bigjimytimy9 followers
eazywins,eazywins,https://pump.fun/profile/BYfADstTDcWFdWSxcX31DoCDcoaiPFu3xhQXWZGmaqLN,,,eazywins9 followers
Red_death_OwO,Red_death_OwO,https://pump.fun/profile/366TM5odiS4zkSFxA5fpMqgdmZDwmZLbfww8onNJKddo,,,Red_death_OwO9 followers
QuartzHoneyCup,QuartzHoneyCup,https://pump.fun/profile/6akE3pRpztzqYtxa5oxyjDcHAXHxjFtwTJQojQsBf49X,,,QuartzHoneyCup9 followers
ApeInnateRisk,ApeInnateRisk,https://pump.fun/profile/7zFyyFhekgeNhD2TPuEVF1hX5oZf5SS3qTQf3hwPRnos,,,ApeInnateRisk8 followers
zzupdate,zzupdate,https://pump.fun/profile/G8fuRfxzMGMna9WPvVmjZ8AWYiuhDEgYpZ51USVCRMjV,,,zzupdate8 followers
NOWWON,NOWWON,https://pump.fun/profile/F1rcJuiEAM54EodzV4k8cC9kcxmoL84xEgpGwXBAE69H,,,NOWWON8 followers
BaldSteepBanker,BaldSteepBanker,https://pump.fun/profile/E4GxNu4e9rw6dBacnykGtnLQbdwcuG3Zs5kBMKUDzpEt,,,BaldSteepBanker8 followers
supermarlinwrin,supermarlinwrin,https://pump.fun/profile/DYBd2uV2rAJKeVmNT52rEiWYaiYuEUV2ZvVkufACs9PB,,,supermarlinwrin8 followers
oddsalmon01610,oddsalmon01610,https://pump.fun/profile/BeDh7ULDXtEkfQVCaZ764qzv4hMzLD1UEgbCgHpsrPu9,,,oddsalmon016108 followers
BlockCanaryEmu,BlockCanaryEmu,https://pump.fun/profile/C3XiVurjF9ZcWoYfmEMqPTRikkrVWKGPw7V7yffvypZi,,,BlockCanaryEmu8 followers
CampGrayBanker,CampGrayBanker,https://pump.fun/profile/G7p86cX7ZVXnQNifZNgTX7eVjJcppGuji58Qi29LvmMv,,,CampGrayBanker8 followers
zackduval,zackduval,https://pump.fun/profile/yc4JaQmZjyrBEN4MyCuvZ1ZZ1UJytUsbJ2WzjyRHvT8,,,zackduval8 followers
UnknowSlayers,UnknowSlayers,https://pump.fun/profile/Ds9kLc9Qqek7KsFqD25nJqSKd63ryN2DgdejW1TizneG,,,UnknowSlayers7 followers
nvcdjiiiuyggcza,nvcdjiiiuyggcza,https://pump.fun/profile/5W2cFY1qr2uCtGKN77iviju8CtQNFjCoAKW6RZgSZYx6,,,nvcdjiiiuyggcza7 followers
dryotter90440,dryotter90440,https://pump.fun/profile/GYUgwL25xH48ajVZpERZWyaNdwbuxTGuNbLMd9h2azxG,,,dryotter904407 followers
LoooKo0,LoooKo0,https://pump.fun/profile/25tLZGbdPj8u9bxjeZNTkH4NqjukBczEa3B9Xq9UJjnb,,,LoooKo07 followers
nofacenone,nofacenone,https://pump.fun/profile/QwVhbWMgJJCQB8TwMDP4hjBrmiVDeFKQC1XL4HMqvxY,,,nofacenone7 followers
swellcrab71558,swellcrab71558,https://pump.fun/profile/BAV2jC4hkV3tkB4JFcw5xDxVndamj7FpbGtbkabPaHtc,,,swellcrab715587 followers
detailedfish885,detailedfish885,https://pump.fun/profile/6nyGC9XFz6mr13o1vCzKrXKQPbDE1inTpjfDWv8P3y6G,,,detailedfish8856 followers
SleetBumpySoap,SleetBumpySoap,https://pump.fun/profile/2GGcpyVtuGM3RDKgLcvk1FvzrDN61UVtTASwFeYpJT21,,,SleetBumpySoap6 followers
Damarbananini69,Damarbananini69,https://pump.fun/profile/FfwhQwebaC2t4H79Z3PXngfZ9qu3GMNbg7SaHs2hiHKC,,,Damarbananini696 followers
lannon,lannon,https://pump.fun/profile/JjLtwD36sN9P3oJxFRpymZUSzbPuJd8ziSP8G1DQrdS,,,lannon6 followers
glibmarlin85902,glibmarlin85902,https://pump.fun/profile/2micV14KiZgLDuYExbzoFwTXu3qpSsNCpdyqsReWsXcx,,,glibmarlin859026 followers
Cyclique,Cyclique,https://pump.fun/profile/AcfwcVDsmZ1dUNiHqLugQCCL29KaUSwhMvpE2njVPKtF,,,Cyclique6 followers
npc_7217,npc_7217,https://pump.fun/profile/CNyNB7xsDncV75N6Rbjk42qagEVeimTLy1RNtZD3fYgA,,,npc_72176 followers
nqmademe,nqmademe,https://pump.fun/profile/9JwG3ygA9ZcoffKtniLq1sRwXYh8uRguzawj1qtb4AKN,,,nqmademe6 followers
npc_7003,npc_7003,https://pump.fun/profile/B2pczvK8m7wnSAbMCz7BYy3N2T3FNLymozTuMXKzKrwr,,,npc_70036 followers
bugacys,bugacys,https://pump.fun/profile/8ncEQkzTDJFzJGPZn2SidKHq21uB4kWqBLdvewp4oRoa,,,bugacys6 followers
dregg,dregg,https://pump.fun/profile/GYj7ENrHk3FSLY6JV6Jaoizwgcnz1Ssx1FgNfaHSvZ2w,,,dregg6 followers
detectard,detectard,https://pump.fun/profile/AuC4bEevwsmiCpLXJ4kn3VLAnWiHv4YmhsRRbYymSTxh,,,detectard6 followers
Octojr,Octojr,https://pump.fun/profile/BALZjyXVgj5PqQvKm8cD9KC1c385rnm1oLNAVeXoFqn4,,,Octojr6 followers
dyedoctopus1567,dyedoctopus1567,https://pump.fun/profile/2xh41Ujweq1Wc5YTBufqNrd5sG7799An2QsyQmVMj3Hb,,,dyedoctopus15675 followers
alpgakcik,alpgakcik,https://pump.fun/profile/3WsbEuPhtQTTzuYvKRUBYh2ysw6X2SF951gV14oXfLR6,,,alpgakcik5 followers
renzhi,renzhi,https://pump.fun/profile/6X4U8pwiTDM51SpC2kra2YZKJb1ZH7qdUh9EbYdYcfQJ,,,renzhi5 followers
dimfish80478,dimfish80478,https://pump.fun/profile/GtVXFjZk72QXFLLVfmKUj62rMfeUcZfJwZUrkqWGepiK,,,dimfish804785 followers
cumina,cumina,https://pump.fun/profile/6SRx35sH62GjS6FbAvEcYzym2Hcraqn5NDhpChWHM2o,,,cumina5 followers
hamoudy,hamoudy,https://pump.fun/profile/GxS9sQzTDt5NX51ciuA97nU72pznxj8b23XkUQGS6Roa,,,hamoudy5 followers
BiXFSV23,BiXFSV23,https://pump.fun/profile/BiXFSVL1B6NkFYrVoYKjfK5YfUuVeYbzW4qGWyUGadKi,,,BiXFSV234 followers
clipthedip,clipthedip,https://pump.fun/profile/F4XhnjqjQ99ToCb4c1n2mK8nv39WXZ9aFaKNjrKzaGU9,,,clipthedip4 followers
SeenOliveHumor,SeenOliveHumor,https://pump.fun/profile/CMSTfHUZ6G6PLGbUZCnh1jKNvLZaCYfU3SiZYjzqnQGY,,,SeenOliveHumor4 followers
Proxyboi,Proxyboi,https://pump.fun/profile/C3mp1XvvuKY7yjagYkbUwsyrdNuadZt8YmH72wpjVsrq,,,Proxyboi3 followers
CTRLAltAPE,CTRLAltAPE,https://pump.fun/profile/2rPdhzjeF5tCTunBxkcn1hJ9GUaxtX11RND3zgGZkJyG,,,CTRLAltAPE3 followers
israelite1chain,israelite1chain,https://pump.fun/profile/BKoM4QxuE9ChvKHT9BwzFH5Tdu5mpbyzWg527LrbvCK3,,,israelite1chain3 followers
YoungDaggerDixk,YoungDaggerDixk,https://pump.fun/profile/5c8Y8ABnJEgs6bWgNbu7bCyee3gA4RtRh1dh8FmLmyEY,,,YoungDaggerDixk3 followers
NotchDandyBull,NotchDandyBull,https://pump.fun/profile/ACwEraXue6Uaubr55fR2XpZCyZv7g2TQMCFLFFcw1T8G,,,NotchDandyBull3 followers
MewingCatt,MewingCatt,https://pump.fun/profile/6BPaXVDNG4wQpYbrRJ4JdUxCLP1qYYm3k9FCz9WEepk3,,,MewingCatt3 followers
Cubeling,Cubeling,https://pump.fun/profile/FZkCe2uUj2yPUyDaQY7uVKBMWRfkrGnkLUq8HQbbH7P8,,,Cubeling3 followers
tamedolphin4117,tamedolphin4117,https://pump.fun/profile/BEWsk76u6rHFRxsn8nC7yAw5e3uWHLPnkeqcaPYGfs8J,,,tamedolphin41173 followers
LinenPumpFarmer,LinenPumpFarmer,https://pump.fun/profile/FmVtXfb5gPekUrdkfAughpWXWFsN2ci1opA8nfLa8KxT,,,LinenPumpFarmer3 followers
glummarlin81655,glummarlin81655,https://pump.fun/profile/6PaQbdHUmZSScHSYSyv4o87SfWx5fd4K8apNA6ZRjsUt,,,glummarlin816553 followers
five2zer0,five2zer0,https://pump.fun/profile/4dsxt7Tzmw5LKJTAr62p4K1xkWPZh9z8D7KGeorbrUpe,,,five2zer02 followers
GEMSEARCH33,GEMSEARCH33,https://pump.fun/profile/CZKjpeQeZWqavpUipqWLA3vgtmuEBSXCfzWk8ituXi4D,,,GEMSEARCH332 followers
meeeer,meeeer,https://pump.fun/profile/516XXv87cPHnjLnPZxKyvpQgmpNKp34U3Cmu4ckpq3oZ,,,meeeer2 followers
deafsalmon71397,deafsalmon71397,https://pump.fun/profile/8uSQtuYmphV4adCgx7Tp5mDqgsZuDGJFdEaTrjhaYhTR,,,deafsalmon713972 followers
pakalolo,pakalolo,https://pump.fun/profile/9y5hAC7t5ysNGFmYJfAFFxVPmVkqyU2ahAnEo36HE7zX,,,pakalolo2 followers
longmanta36804,longmanta36804,https://pump.fun/profile/ubTi3FL6bspAioWKWvZja4UekVL4aUhg5AZNtgna93m,,,longmanta368042 followers
LaserZippyBench,LaserZippyBench,https://pump.fun/profile/AP7NpvyrbtfadVnKWofVbjsp5gPn88DHfwAEYdhCUFg2,,,LaserZippyBench2 followers
flux71,flux71,https://pump.fun/profile/CdHHDHxd3eLa1L9u4fxfpSA9dnBK81L5QuTbC5ebikkn,,,flux712 followers
fart7,fart7,https://pump.fun/profile/8Qg8EQZU15KEpfoqHHMQAr2Epj2Gczr9JuQ9oNuDgX8X,,,
fitsalmon16591,fitsalmon16591,https://pump.fun/profile/8Ej727NzArqqaotvFndNThsq8cLhWMBHb6f7aYuD97KF,,,
npc_6957,npc_6957,https://pump.fun/profile/Ub7kK1ocSnrrE4MEM6CqinahMcQN6Crx66UFSj3a1eB,,,
AloudNineTurner,AloudNineTurner,https://pump.fun/profile/HtJaaUfbFwTh5179k2dDUm9Ht2rAXR2TbZgyi6skNiFX,,,
topkraken62685,topkraken62685,https://pump.fun/profile/HHQTzPoWJ3GQtoxCekRnERawdNprxpbzKp3Pv3hpHAjD,,,
castwhale83887,castwhale83887,https://pump.fun/profile/5PVboMarChDPvNdwGmwJBZCUbjM1T8D2YEmw58UuPUfa,,,
RichZanyMaster,RichZanyMaster,https://pump.fun/profile/8VH1RVkxwYgynkDvw6woKuyLmx5QuW1XXZYFwCN3gJHk,,,
SpikyGigaHowler,SpikyGigaHowler,https://pump.fun/profile/Ag6Y5qNjMED4WS3F84QqyUXNXwYSqvt6THi2xcW6U1ss,,,
BlahkayHodl,BlahkayHodl,https://pump.fun/profile/3SVJdchiZw4nVr429ix1yr5utnzps7bvcjdmsFiRu7sw,,,BlahkayHodl206 followers
swingtradememes,swingtradememes,https://pump.fun/profile/DRqNfNxjEqoaJjRjmtCTQ76wNArDJJUkyM98m8vyzpxp,,,swingtradememes147 followers
memkin1m,memkin1m,https://pump.fun/profile/EuWqGoYkZPSBKvk5QqCTA6tEpZCmvYZR6r1md8DQoocS,,,memkin1m132 followers
FADD,FADD,https://pump.fun/profile/Cpc2bu7vds9VXhdAGz5Nc3RHphSZVgvYUqGg8UWkJqpD,,,FADD128 followers
tanlobster82145,tanlobster82145,https://pump.fun/profile/Ca6u96fAvBWZrgEE6ZYBeRXHbCjULuofkcVNSAWob6h7,,,tanlobster82145113 followers
SatoshiSavage,SatoshiSavage,https://pump.fun/profile/GVqkxnwrJQTMcKMcfUY6rk6t5f1ujwEKPaWZhRBcoLaD,,,SatoshiSavage98 followers
teamkaman,teamkaman,https://pump.fun/profile/2V4xisyJjp8Hk7yc92RFQDDmoLMH4iUsJ5aV34pgJ7aL,,,teamkaman33 followers
kcabemoc,kcabemoc,https://pump.fun/profile/8nRuRQwM9hY3XPeZky2soNUvbXHxkPjct7kvpRFAtWPC,,,kcabemoc26 followers
iuneth,iuneth,https://pump.fun/profile/5Xsv8jTnf85pYSTPZ8SRMzWE4VEkM5AbjjAfptr81RnY,,,iuneth24 followers
alfapepe,alfapepe,https://pump.fun/profile/FQd6xEfBWR1v2H1r15SLLYoRYxbhD19fsbZcTfrHP78c,,,alfapepe16 followers
bagtwerker1,bagtwerker1,https://pump.fun/profile/EAYQnMn9kSzkJxynZvGyQdNAaffXWa5wZMXXUp7rtzNp,,,bagtwerker111 followers
sakamotokun,sakamotokun,https://pump.fun/profile/H7mQWJppUdNGp6uEKaJ5c2y9qWXnKQz5ZFWVUkxN7Gxy,,,sakamotokun5 followers
0xbaranzx,0xbaranzx,https://pump.fun/profile/ByqZd2YvGRtnHP1o7g5kUQaRAFfSPtD9bhjXQsaoK7KF,,,0xbaranzx2 followers
Lizzerd,Lizzerd,https://pump.fun/profile/3PyaH4tBQxoDz4BkKavz8YfCUgAkfHmamFfAv8uUQxMM,,,Lizzerd2 followers
xeno_abrakadabr,xeno_abrakadabr,https://pump.fun/profile/7MgjTVCXnA8Ebh19n28t4mQGbEKo7bW6L4UQVNwuTzZw,,,xeno_abrakadabr261 followers
Qualified7777,Qualified7777,https://pump.fun/profile/2i5Dwe9n26jYi8mYay1JsMvvVFCXCaJkofpQ7EqzuHVv,,,Qualified7777161 followers
MrWagmi81,MrWagmi81,https://pump.fun/profile/EgZR2jDjtSaeNE7abcEMv5PM4DC6eSaNaoAxjLQcUgHY,,,MrWagmi81100 followers
hashtag98,hashtag98,https://pump.fun/profile/66NfvC3UTmXuJjSrefDMBgU7i3cJpmzTxBWZNU9QeDVq,,,hashtag9891 followers
TrackKing,TrackKing,https://pump.fun/profile/6mewcJQWTkifubjKWT2yjZnxhfg3vZWaD4ci8AfEBfwK,,,TrackKing77 followers
Tarrel,Tarrel,https://pump.fun/profile/AFoVg4NrxZcxYnRfoTJLga5DAJYzcwfusJrUQPxTWjqT,,,Tarrel56 followers
fussili,fussili,https://pump.fun/profile/9SHKkCzBi3eW7tuVgDzYxFKvoijiK1HEGwQeGmVZiWqn,,,fussili45 followers
NightSniper,NightSniper,https://pump.fun/profile/Dwrg7SXgWSRpMzv54Yj7w38gAndKrcXNkXuabv9EW33b,,,NightSniper37 followers
TheGambleLounge,TheGambleLounge,https://pump.fun/profile/4f787ec6-71d5-4b9a-95bc-92d4fc2bb8dc,,,TheGambleLounge28 followers
sinnersaint199,sinnersaint199,https://pump.fun/profile/4sEXuM3Mgt4rEykSFvBn2QXxw6K2ATEFcxLA23WHUpeF,,,sinnersaint19924 followers
Metanimal,Metanimal,https://pump.fun/profile/yAjHVzras7yiJv4byG4u41afyDtG9f9KJEEHa5opjZx,,,Metanimal23 followers
bolbi_s,bolbi_s,https://pump.fun/profile/HbjNjsULVNGESKy1aYhxdqUL9WnC5BKtM9CeFPHNHzFU,,,bolbi_s16 followers
mtbskrrr,mtbskrrr,https://pump.fun/profile/Djcn77x31rAQYcudW2krqHmgn5qNS5LR1dEDNQC2SqJF,,,mtbskrrr14 followers
wizaard1,wizaard1,https://pump.fun/profile/5ELeDeGTwA27gVbQaFneDTRkDZVQUhHmznNsM1Eb2cMM,,,wizaard19 followers
Wytze003,Wytze003,https://pump.fun/profile/4TCCwuReQ4R1opS9gmD1BHiix74GeGifrKqhEWap8rS9,,,Wytze0038 followers
chillcrabacross,chillcrabacross,https://pump.fun/profile/CG6Moxkmmjv86Wt6wis4yGMQ13KgvZUASA4pBHt4K42q,,,chillcrabacross180 followers
AgateClammyLine,AgateClammyLine,https://pump.fun/profile/FfJZb3EKVjZTyi7m2G5YL6SHQahVaGRJ2STWwHdSTAwp,,,
ThrashingDethxx,ThrashingDethxx,https://pump.fun/profile/AQzmDAaWdaseYTgvsB9YYV1bVpjHexKmmxp5KqXt12Qt,,,ThrashingDethxx90 followers
DirtDiggler,DirtDiggler,https://pump.fun/profile/HrcrYZZwGkGWHcuANAYQwgz8U1sG8qsefiLKqVcGEC88,,,DirtDiggler33 followers
EthicTran,EthicTran,https://pump.fun/profile/3CMRFqE1sLExMiWyxabhxih84zwFM468SJZdeS3nSwjn,,,EthicTran20 followers
Gimli_1k,Gimli_1k,https://pump.fun/profile/GzXrAmBgKftf4QmFk4jZuDibTz2hTYqoTTHvJsmknkJC,,,
CitrineEastBrow,CitrineEastBrow,https://pump.fun/profile/EtmXJF4j74QVJ5XrEwi2DKWh5BGe5byNmgmurWGDibMv,,,
crisnochris,crisnochris,https://pump.fun/profile/qNvdpCDcXxyQFcHYBSGm5364Mir7B3Sdsy6snRKi3RB,,,crisnochris54 followers
PieRecentHero,PieRecentHero,https://pump.fun/profile/Ehq2ufw8aUsSaxZScj7xfkYMtU7sbmjfGW8k1nsCvs8y,,,PieRecentHero40 followers
SwapSendor,SwapSendor,https://pump.fun/profile/EdVKr3szxajGYvbAXdBhCmJdkGwo3Cd67wCw7NsB5mP4,,,SwapSendor933 followers
nowwhat,nowwhat,https://pump.fun/profile/HSFrHdR4DexGZChBdmraT74YRhriR8Fmqu86yb5AAZHm,,,nowwhat506 followers
allittakes1win,allittakes1win,https://pump.fun/profile/4Hmym1aadurbdnBo4nP9FtczcGsuM3nZ6L6ej1bEXGqp,,,allittakes1win388 followers
seleqtress,seleqtress,https://pump.fun/profile/HvJv7kKhEnab6f1g6oBdbBRZ3efWxNWFbpQT1dQQKnnY,,,seleqtress327 followers
ultrawhalebornm,ultrawhalebornm,https://pump.fun/profile/7Y25mdWgFP6WVb2ULcQx3KNvHhLnK9YANZhjFbxdtnXN,,,ultrawhalebornm225 followers
Trenchomni,Trenchomni,https://pump.fun/profile/CW3HCL8zp85Ryyjrs5QdNJcBA9cmKwQF6uyBPyFgC3Bi,,,Trenchomni143 followers
_a1lon9,_a1lon9,https://pump.fun/profile/3sZ2UqmFUyz74WXhxC4QuWhjFqqHjR2SKkKEJD276oCa,,,_a1lon9131 followers
math,math,https://pump.fun/profile/5CoxdsuoRHDwDPVYqPoeiJxWZ588jXhpimCRJUj8FUN1,,,math86 followers
MazeFastLasagna,MazeFastLasagna,https://pump.fun/profile/HBLvNQXiSegLxeHV7wAqBbf2KDi6twBtHqaaTpkmrRJm,,,MazeFastLasagna65 followers
Truthweb3,Truthweb3,https://pump.fun/profile/DdvMRgByj7B6hVMzYoQow1xVShmrHMByCNnFwrN5LeDL,,,Truthweb357 followers
zalaai,zalaai,https://pump.fun/profile/2MEWauafEPdfHJ3Gb5Rf1wJErd3NZqVCWFYbpZw7Hf1q,,,zalaai55 followers
vincenzomoretti,vincenzomoretti,https://pump.fun/profile/ERjMjnbrEHRym4d7Zhpm1fX434iRRAS8kqYHkTfNh4Cb,,,vincenzomoretti46 followers
sanchandev,sanchandev,https://pump.fun/profile/4BZmkdLamG1CesCZYNPBHx1Ljwasdiw1SfxsLh4N2KvN,,,sanchandev39 followers
Bigpumpus,Bigpumpus,https://pump.fun/profile/HLUn6A9W1RRjK187DLP2zs7XuckcJQsSBiiqCyWDA3kg,,,Bigpumpus31 followers
toptraders,toptraders,https://pump.fun/profile/7JFNGo77ovPWe5a3RBbsBED42uPW8RHp8hubPm8tpN6P,,,toptraders23 followers
milly4,milly4,https://pump.fun/profile/7pSJmg4D4mKZAXjReVeVq6GWRRZFbjwanUVENyoXTYke,,,milly417 followers
LJ2X58,LJ2X58,https://pump.fun/profile/AiDgcJHzDFaX3SzEzqdnP9ET4XXFrZinfjBVnFG4rgAb,,,LJ2X5814 followers
riasgrem,riasgrem,https://pump.fun/profile/DGBCGcaKFzMJKbXHtoCK8oh2kYgnrunRMuh4cbXMjSoh,,,riasgrem13 followers
probingsquid601,probingsquid601,https://pump.fun/profile/FEmAATFSModHLzSpRHhBa3v8Xtc4TpCvKTQn4gv59C5o,,,probingsquid60112 followers
mari9912,mari9912,https://pump.fun/profile/9EdPqnqhfE8N1rxHQ5bBvJe4pkwhECrjsRyMqdTE5b4K,,,mari991210 followers
colouredcrab722,colouredcrab722,https://pump.fun/profile/8SLovHnHWugZjVsjuyVNSwMs3XcQ5sHoqt6ik7ptJb9i,,,colouredcrab7229 followers
jlm09,jlm09,https://pump.fun/profile/J9cotvgjfDcJyzvLqshaDjFQbGvq8j9qPvcUywzdHJBY,,,jlm099 followers
hatedsalmon8950,hatedsalmon8950,https://pump.fun/profile/8UfogHNShtyEciX7q7YL3AEPes9YjMHGVNJ1zX8fnSso,,,hatedsalmon89507 followers
Mousepower,Mousepower,https://pump.fun/profile/3fXB1jmBnbESKzdkjYywmddb2egJKB5USJyVGZ8JegUU,,,Mousepower7 followers
wanmarlin71000,wanmarlin71000,https://pump.fun/profile/HyVegK7zKdKdntbQ9Bwq9UU4uYthDWxmL42qmJUbPMCv,,,wanmarlin710006 followers
_mitch_,_mitch_,https://pump.fun/profile/4Be94UwkM5ueK1TuhnBmPKj8xBM6emgVp7ezCansNe3e,,,_mitch_4 followers
pf_test_1,pf_test_1,https://pump.fun/profile/3QZVCiUBSraqYzTcZntMQVwNC1JpDr3GqyFrXQowBHKt,,,pf_test_12 followers
lexapro9,lexapro9,https://pump.fun/profile/73UExZ1oCDpMRGsUMDts6KDhteDAz2KyGUxHmbcuLRBw,,,lexapro92 followers
hahaha99,hahaha99,https://pump.fun/profile/CRNqtrtqGxpym2u2vX9hi9yshfyhbXeXhiqXqvqBKjS7,,,hahaha992 followers
redmarlin35406,redmarlin35406,https://pump.fun/profile/Ec3NHgWQytdtkCdehautRHuHf6K7c7qMKCPDK75jmdPS,,,redmarlin354062 followers
massdolphin4928,massdolphin4928,https://pump.fun/profile/9JgyJqxrXqtiP6ZUyfCaXptwaw3xxTwjph4e9muZNZfz,,,
loadedsolx,loadedsolx,https://pump.fun/profile/BYpfkeS4ghCqG9Zu7VwKxtKgNEbnocWZzYG1LW3f6jR7,,,
ripemanta16561,ripemanta16561,https://pump.fun/profile/63gYhEckbb8Js9aRdz6XsnxShXLmrex2FsbFzJSEwDsZ,,,
painfulseal0168,painfulseal0168,https://pump.fun/profile/5CRJcDdDzXSgZEnaV2HvkHYgjCPZ2aJYuxQgoBqUZdoz,,,
Zona0,Zona0,https://pump.fun/profile/12GeSHW4zETaHahih6pf8UXPkKo127x8bS64ZwZuZytC,,,
LowIQ_Dev,LowIQ_Dev,https://pump.fun/profile/2wDTjokydoAZydPHzYrMb9FiMWRoMQ741qNPjGEMPBLx,,,
MLANDWOLF,MLANDWOLF,https://pump.fun/profile/FkfzpuPQ2EQLup1DE6hU1LAZyMryiQkJiWpCSf4nd7Gw,,,
shynarwhal13120,shynarwhal13120,https://pump.fun/profile/2v6FvHWJPB4NGbUca4k3uBWaEsj4LdwT97PbXRMa8zQQ,,,
0xjapa5105,0xjapa5105,https://pump.fun/profile/5NBgBXXzPdaZvNNMKLeMr7pTZqrYpzd1qqtnrkmRF8Ph,,,
wobblywhale1085,wobblywhale1085,https://pump.fun/profile/DeBwC5PLpLwJdD9bYk4wQEyXLfadoj8jZRyvXr5f1UiZ,,,
2valhalla,2valhalla,https://pump.fun/profile/2ECoqAXY1LYv6QB51V5HvTzibuuaSGUWNZBB7b16Zove,,,2valhalla687 followers
Bullshit_Dev,Bullshit_Dev,https://pump.fun/profile/2FUd6TaErJ1FqHx1h7czLi8H4eY3VGuVhnhQCkAhvsjB,,,Bullshit_Dev79 followers
FatDeveloper,FatDeveloper,https://pump.fun/profile/EnTgHz1u6bowvyR6vB63aCKjUCHYvQdQbWpG9kTr6fMc,,,FatDeveloper134K followers
autistichacker,autistichacker,https://pump.fun/profile/HKmBrbTekwzXxhy2vWrqykN7LDAx7AUWijWgKvXJgSQG,,,"autistichacker2,226 followers"
PumpFunUncle,PumpFunUncle,https://pump.fun/profile/C4y6CH3Qx6BW7od45S6SoZa2oApe42cDPiGFkQAdgKxb,,,"PumpFunUncle1,974 followers"
iamfuckingrich,iamfuckingrich,https://pump.fun/profile/BZC7VEj5Y9Ege3cTRGBZW2zW7pjw3hpiSkcAoYKysvue,,,iamfuckingrich825 followers
aj3109,aj3109,https://pump.fun/profile/AypmKGmJbFT38L9PWXJDpyeuaw1dhMVZb9XhAtrgLds,,,aj3109386 followers
wegoingupupup,wegoingupupup,https://pump.fun/profile/6TgL9fMdrEBGziXsnoviZWdVybStsLn7HrUSmLDms2Rw,,,wegoingupupup364 followers
beolroend,beolroend,https://pump.fun/profile/EpQAJcNcEaDAwFX5gXjtuMtGmRW6sUMFAEQnSEXoMwP1,,,beolroend287 followers
iluhperc,iluhperc,https://pump.fun/profile/nBf7E7Efa4xuWDLYGx9fKRqmk9JoSZ3oLX6GPvVeV5V,,,iluhperc254 followers
Dripslayt,Dripslayt,https://pump.fun/profile/F2jvyump3MTEqsQxiG4b9N7Pn2qEGxC4DDphBggqW4ZH,,,Dripslayt248 followers
MemesMaxxing,MemesMaxxing,https://pump.fun/profile/AASj4smenYtZ7DpJa4B7xMKLNeCNSsD8JqBAingBj2QB,,,MemesMaxxing129 followers
EggMister23,EggMister23,https://pump.fun/profile/DKUnXf5i8LebZMkeg8LgHSonmHK4XyhwKy9sfiJQXWMz,,,EggMister2343 followers
EduardoGarcia,EduardoGarcia,https://pump.fun/profile/4mXYvVAJ1BS5uvkfgV1ZN15JvS2TxwEDUwYcUYtLFnDS,,,
knkr,knkr,https://pump.fun/profile/DZt7qRmncg3orizoS8Zr2N4uvc2nEnX7rr4JpMZ7U76E,,,knkr897 followers
ptichez,ptichez,https://pump.fun/profile/G85YfdBWgYW6fwp33VGGNQDyZhjFv6EDFxeKJN4oWKTi,,,ptichez715 followers
poshotter89724,poshotter89724,https://pump.fun/profile/BpaqCNfnBGMt2852rPkR4niYjxCzUXdqhSGZbKngskiN,,,poshotter89724613 followers
FollowCalloutG,FollowCalloutG,https://pump.fun/profile/5GfR4xFdjafe5yKzY3xAeaPFt2z6yzquhVAN1HkvSgbh,,,FollowCalloutG589 followers
DblBubbleMoney,DblBubbleMoney,https://pump.fun/profile/sEW23BTEyA9Ra8CfJiPLYKiTiFUBLdwrz7qhzLeBjTY,,,DblBubbleMoney558 followers
boldlobsterpren,boldlobsterpren,https://pump.fun/profile/4UC3Y8HS9hwehuujf6E9fvosqoD8mA5Rrf8LWotRV7Hn,,,boldlobsterpren534 followers
wildnarwhalfanc,wildnarwhalfanc,https://pump.fun/profile/2riMborDRnpzR9hJt56jnkAunJHBqmKzcDWmx28ctD7f,,,wildnarwhalfanc476 followers
HORZyer,HORZyer,https://pump.fun/profile/481TP8jWVb1gCkQDNUaVtnPtdzkCBjWpP29fXR34L56F,,,HORZyer468 followers
HORZnda,HORZnda,https://pump.fun/profile/6yd9h7QeCwa7HnRY5b3G9YPzLkYnc5Xa1GZeyyVaYbUx,,,HORZnda430 followers
HORZath,HORZath,https://pump.fun/profile/6ZZWXpWidp7Btj6PBYU8fKf9cT9VgPYHBBLUk8HZxjo7,,,HORZath421 followers
OgMud6one,OgMud6one,https://pump.fun/profile/7d5BxC6Boi88kH7ZqZbyBojGqbFtB2iaYdu3CBS2vXAa,,,OgMud6one419 followers
HORZget,HORZget,https://pump.fun/profile/9Xst8xrJ1WrYkDuRgj2kjaQcJagt7EpwHhRaTXZTsx8F,,,HORZget418 followers
HORZrn,HORZrn,https://pump.fun/profile/9Uos56KFXKahAK2A2wnT4pZwJ9epd8QZqerkirdMuzdr,,,HORZrn395 followers
HORZMine,HORZMine,https://pump.fun/profile/3rsM3nGTXBGjHbRsdj4aydxsPdACSd5GxNkvXKg8meGp,,,HORZMine383 followers
tenseshrimp5115,tenseshrimp5115,https://pump.fun/profile/8UNxG3j7ViT2qPdY4pyymbr2aFshFhXe91prgasXScuB,,,tenseshrimp5115370 followers
euafsidee000,euafsidee000,https://pump.fun/profile/6mGi9uu44VobwLc6YFUV1md1cayKcidAqcxwBEZ8PeSS,,,euafsidee000367 followers
JohnxLIGHT,JohnxLIGHT,https://pump.fun/profile/HeGq5Eo7yPaxEQUbJc4WR56L4HvxQoTP1thVDr2qCtig,,,JohnxLIGHT352 followers
WildCatCrypto,WildCatCrypto,https://pump.fun/profile/CAV7S7jRBBh96ovd1WUxFgMRt2toh37KZQzb2swBLVqV,,,WildCatCrypto353 followers
HORZAtom,HORZAtom,https://pump.fun/profile/HyHkZVEy9RG2rhXpKU1kMdz2iPQWSNy8SJtjWfnHi4os,,,HORZAtom340 followers
alphakrakentrem,alphakrakentrem,https://pump.fun/profile/3suU9jAh4NKZSb75cch8QoPRnHGsxyQyYY56f68WkSvM,,,alphakrakentrem326 followers
786_,786_,https://pump.fun/profile/3KGB8KaPwvL93knjAaPBBgBqrXahdFWqC71knCr8vPYF,,,786_323 followers
jancock,jancock,https://pump.fun/profile/14MFv655q9RAAndnafbTRhSQLSDvyKXa7NP34wD1DXhc,,,jancock302 followers
HORZCub,HORZCub,https://pump.fun/profile/J2dF8tPnG5uGTUz5Zj5nBW7siGjLW9iW5TcC8jmJGTma,,,HORZCub293 followers
Xperience_,Xperience_,https://pump.fun/profile/CqpWPycmq8yWhyfWHP6jM1CgisDxeof6WH5mNvPfWkAA,,,Xperience_289 followers
swifttunaopposi,swifttunaopposi,https://pump.fun/profile/B5XthLB5QtF2GjnnggxwSk5qr4VyaJ4hmjJxh4arkLnM,,,swifttunaopposi274 followers
AmazeBro,AmazeBro,https://pump.fun/profile/ABhgxVvor4G7fSnJsfmgahjipPnTJoVdCfpUBUUzheax,,,AmazeBro273 followers
wildshrimpearne,wildshrimpearne,https://pump.fun/profile/7x3Vmcs4BnG2NAqriJh7SuhegHjK8FGBMgNC7iCUC6yE,,,wildshrimpearne272 followers
LazERich,LazERich,https://pump.fun/profile/3KJZP84UQ7Bzp55eqQEj2Ln8NdfHWYY7Kd4Y6fVLmASn,,,LazERich266 followers
zedanzedan,zedanzedan,https://pump.fun/profile/EoxfbJiYMHYBs1mHkDnntkFDzLFEkETu5dqs4XdSzwSK,,,zedanzedan265 followers
HodlLavishSage,HodlLavishSage,https://pump.fun/profile/6AoBHLv6qmLWG7jZUAU7SXwxq3NyhsJKArPW3Ecq3Vc1,,,HodlLavishSage257 followers
nateoriouss,nateoriouss,https://pump.fun/profile/HJTFnNkaqEhTq4aJLB8EpbmCCwqjZDa1scnDCWLNrsPs,,,nateoriouss244 followers
cxfy,cxfy,https://pump.fun/profile/BVd8YSQLaf36WW4qgT2hVjp5sreGNJAnaGd8RQeWMg6G,,,cxfy245 followers
ToyToaster72661,ToyToaster72661,https://pump.fun/profile/B5yjyJvb9dpgYmEEtC5yzYxDSJGQNGaRuEgWZnZXMia4,,,ToyToaster72661245 followers
livelikemob4L,livelikemob4L,https://pump.fun/profile/CqSuYKK9N9kvxEPbbejQYjJ5nrLjDBTCVThhjjGgEzpT,,,livelikemob4L244 followers
ultrasquidfullf,ultrasquidfullf,https://pump.fun/profile/3vxCswqosEZCDfPvoTBwiTV88dvjqbTvW4p9DVvXT9eB,,,ultrasquidfullf240 followers
vision_moves,vision_moves,https://pump.fun/profile/ERPWyFtyxb9JN9yoFg5akiVE8xMYayRXJKSMCsxJmNWC,,,vision_moves235 followers
escape9to5pls,escape9to5pls,https://pump.fun/profile/2vHad4aD8zn7BT4wDc5nfSTmAuWY98NarRazRmqPG7TW,,,escape9to5pls209 followers
drao,drao,https://pump.fun/profile/9qUjwBdByxT6dtPzEpVQWqhbkLMhh17Pa2aSVCzwrXzQ,,,drao206 followers
goonzie,goonzie,https://pump.fun/profile/BVdep7NtVrKhtAQB8yg6mP4YHrRszgEhDESHPQ5bSma1,,,goonzie204 followers
fr33myson,fr33myson,https://pump.fun/profile/DofVg9CqcEgdWTsyXXQhbaeZFT2ZywH6dnSCeLkBLWc9,,,fr33myson191 followers
silentshepherd,silentshepherd,https://pump.fun/profile/CnZhdGVX33egUtCsT5yWqJxGeyrV68RU1y6dzNXqfyPh,,,silentshepherd175 followers
ansemconzimp3,ansemconzimp3,https://pump.fun/profile/7Ax9gBsrodKbdnsoyWLJApmS2RyCzfBvmDN76WUisyqg,,,ansemconzimp3167 followers
supersharkinclu,supersharkinclu,https://pump.fun/profile/2b1kzQ3Q7y34zs7xEvZKSwtaoUQF1YGsyp22VWw2UQcC,,,supersharkinclu166 followers
kkjggyyu,kkjggyyu,https://pump.fun/profile/7wb7UQZnMTiV1J4H4veHEgyuK6CwaYWRVe39qHtaft3X,,,kkjggyyu162 followers
Greekgod8,Greekgod8,https://pump.fun/profile/DEYupP2jt3PSQZnrcPEsdp3SZNY8J8YUchG3sieoRbfL,,,Greekgod8161 followers
firmsquid86869,firmsquid86869,https://pump.fun/profile/2CQgjcdNEo7WtbQLpJTAVcC3Ga61pNvRDTgP5grzctFG,,,firmsquid86869157 followers
AsadNiazi,AsadNiazi,https://pump.fun/profile/BeFTWKUuafiuDHLm7b9KQWJMcMAveNcYuZ8hojkhRnwE,,,AsadNiazi153 followers
saulgoodmanapes,saulgoodmanapes,https://pump.fun/profile/BEgae5b5Gp8QLe8DzFS3UTNrxFyuDGSXhX4ykrCN66zT,,,saulgoodmanapes144 followers
boreda1pha,boreda1pha,https://pump.fun/profile/CC4FGFuEWL6XJw3RhUJE5MGhgD2HR41gvY4fxzgRJagF,,,boreda1pha127 followers
LaDaiquan,LaDaiquan,https://pump.fun/profile/AxwFD4MjqytXdGuYir1RTWfjrThgVSX5K5f9pmrvqpCa,,,LaDaiquan128 followers
mirroredtuna289,mirroredtuna289,https://pump.fun/profile/G8dU43y4AyfawNLGZ74swCkHSQ13VudX7wEbhdq1a27Y,,,mirroredtuna289125 followers
sixpackcrypto_2,sixpackcrypto_2,https://pump.fun/profile/6E1cKXgVxpPRim3PB62iAKJpL9aUVf13qQdhUEMuH1xF,,,sixpackcrypto_2124 followers
0ve,0ve,https://pump.fun/profile/G55jEiAKB9oQz3Ee8to13VfnA6N2JELA9BY2BHWcXScb,,,0ve122 followers
Marketoor,Marketoor,https://pump.fun/profile/AP8wXfzgXwPuSwEZNzR7jH9mTVVYdK55Fzpece82KZxw,,,Marketoor107 followers
akzzrn,akzzrn,https://pump.fun/profile/HbnhfmCVW2rZa1zwjZuQRAK6thV3u17fyErkA9iSuMvw,,,akzzrn103 followers
MikeLowry68321,MikeLowry68321,https://pump.fun/profile/BgpLrxjCPFrvqEUQNrMxhP7ZmDNbjwcaX8fzy3ZuYvzT,,,MikeLowry68321101 followers
chillcrab09111,chillcrab09111,https://pump.fun/profile/DGbGu32mkENvLKW8E4eZAkRyxfMAynwtTGK8fJ3uPvLG,,,chillcrab0911196 followers
A7age17,A7age17,https://pump.fun/profile/5uJNN5RowKp6R91EzudsL4RTf9fijJ8rH1f9mx6DN9La,,,A7age1793 followers
Goo5e,Goo5e,https://pump.fun/profile/9pTkfghpFvGwSmUZ7Se8krDArrDDoxf6o8NLdGF4Mfn,,,Goo5e89 followers
sigmamantanearb,sigmamantanearb,https://pump.fun/profile/58BjrmCj7AVSHWBtG7SKXnDQLaT68ShGV2MEx37hHmqf,,,sigmamantanearb83 followers
LxckyCrypto,LxckyCrypto,https://pump.fun/profile/9VDmFFgd1iMjpZHUoNUcwWK4njTfLBoJMuE7p4fzjQp9,,,LxckyCrypto80 followers
SteadyCyclicWar,SteadyCyclicWar,https://pump.fun/profile/BvMNXGvbdtW4SJToArkt5MWdtonXQnPTfzuuK4n79nBv,,,SteadyCyclicWar80 followers
Shooter42069,Shooter42069,https://pump.fun/profile/DodkKN5CcggkFy1aZxUboKREhvoXW28k1fUUzKGXJRwL,,,Shooter4206978 followers
wildseal51082,wildseal51082,https://pump.fun/profile/HqXyLbg97RSmeN4bNPBxZPtZ4KYKAMztH6eBRHpcSTZv,,,wildseal5108277 followers
codslayer,codslayer,https://pump.fun/profile/3jqE9jGy6dC72fPrrn6aSKFubWvVyj6Pd34DgMRAw9Uv,,,codslayer76 followers
StarTrades,StarTrades,https://pump.fun/profile/GtrywKYZ2Pe6cgCoCpQaPV4WbuZezqYhRiEnC3cMYvm8,,,StarTrades76 followers
Pooor_Cat,Pooor_Cat,https://pump.fun/profile/51eY1gfVNVKkr5VNdLMmUG4B856Qfm4pgxgeYRYgcJV8,,,Pooor_Cat74 followers
obsii,obsii,https://pump.fun/profile/9WdTpaZuHNZgXrNtJcjgZgQ7ooJcQmjzMRMRMHN7G4AE,,,obsii63 followers
knuklez_m00n,knuklez_m00n,https://pump.fun/profile/GJ24KzKLzwV9XBWfgoQTu2rrcdE6cPjoPqZNK2L1FRAT,,,knuklez_m00n62 followers
Drip1to100k,Drip1to100k,https://pump.fun/profile/8XAuYz2awfsH1P7KAbpwpSpi8cxkkvaF3fEsSXJujkgn,,,Drip1to100k62 followers
sorrywereopen24,sorrywereopen24,https://pump.fun/profile/7CkBqHw8Jv4LgCamz13yuw21BBGuwxgavegcX5tkz2o7,,,sorrywereopen2452 followers
deftseedylease,deftseedylease,https://pump.fun/profile/3Q5chXkCs5M4E4VjMWLBAbb9pq6BvQ3MnnSiVh5Dqhi5,,,deftseedylease49 followers
parvizall,parvizall,https://pump.fun/profile/12wpf7xuqAKYHMMDWYP3UPbvPuhJeKtDKdbXPuioJUhN,,,parvizall47 followers
benegabluee,benegabluee,https://pump.fun/profile/Axwm24cFSdTc4z8AwfL3ttkyDF58UMpcF77ebuK7D4gV,,,benegabluee46 followers
RippleRumpel,RippleRumpel,https://pump.fun/profile/8gyBJ2aLr2cdG8kyBGB8r68FnPD4Pm9WjViefPahTM3f,,,RippleRumpel44 followers
TheSlashNeutral,TheSlashNeutral,https://pump.fun/profile/5xFDhLBXKCJeHBNd3v9SipLtrmk5dFyrMjt6s3LcF9ow,,,TheSlashNeutral43 followers
bigboybuss,bigboybuss,https://pump.fun/profile/4XHxvM8JoMMgLnpy3eADo4YrY7dkNTndZgUapiPhHL1S,,,bigboybuss43 followers
judaa,judaa,https://pump.fun/profile/8U5AtS6uipouisQFHbS6eDsQ1ET3WGYHbaRyvPrcRESX,,,judaa42 followers
probingcrab4339,probingcrab4339,https://pump.fun/profile/3o9izGAhmSeba1RGXhewB4Je42bCnGMGjWaTewXT3h83,,,probingcrab433941 followers
philosofur,philosofur,https://pump.fun/profile/Da2ZP4NoeR5AMZsZynmkt46GtAt4feMkWEpttYygZJeJ,,,philosofur41 followers
ballesvans,ballesvans,https://pump.fun/profile/E5pRQn5jaBRXGM9HnVFKabTqew4cAAMRkigomKP5bCpB,,,ballesvans41 followers
MAPE_A_WISH,MAPE_A_WISH,https://pump.fun/profile/AzhnMDsKtfCFvrMDnkoYTdiaiV5j2h1VDDcwkeGfqgaf,,,MAPE_A_WISH41 followers
therealyardyman,therealyardyman,https://pump.fun/profile/2MNqq4QEWZRBVAWYeGCgUNuaxnZ9eBFtkTueDZxoEN8a,,,therealyardyman37 followers
HeisenbergJK,HeisenbergJK,https://pump.fun/profile/HMehWWSXn6SotW5UgArWqmjxUWanMNJGhRgQ4yYVyz19,,,HeisenbergJK37 followers
HPQ8bSs,HPQ8bSs,https://pump.fun/profile/HPQ8bSViP9E9Tct65TvE9KGqhbp4sF6otxLBXjgWoRog,,,HPQ8bSs35 followers
slouch,slouch,https://pump.fun/profile/FKj5V9hFaxDCcNxbpu7ygjqzPa5xSEW7LXeTVdvpkWqt,,,slouch35 followers
ozo1x,ozo1x,https://pump.fun/profile/CPWTRgyKMEFAQBjPWTT31Ao41Dh2Dy3FzeJPk3gyqzDe,,,ozo1x33 followers
chiefonpump,chiefonpump,https://pump.fun/profile/CKzKKbyo5ygCFEfHX7KELPq7VxB3nyMLjWTuUxoMZ6xY,,,chiefonpump33 followers
Travieso,Travieso,https://pump.fun/profile/4gsycbTLY7EsAdicrVw1D8fxR27QvrFkDG3JtuekMiTQ,,,Travieso33 followers
richgoym95,richgoym95,https://pump.fun/profile/4B4BxmLvZFhQvXEbhWUYPZr8PB3MUDC6vFLtB3ADw45c,,,richgoym9533 followers
drt91,drt91,https://pump.fun/profile/8GEiMcMaqy2YHdh7W2nhbMTcgrybCHXHpQ16yuUiJLa2,,,drt9133 followers
phoolio,phoolio,https://pump.fun/profile/Gh3vT8QFfh3UdUEBNDWvn5U96sm1zLDUDorB6GzGCJT7,,,phoolio31 followers
gabbyXgabby,gabbyXgabby,https://pump.fun/profile/3HSJ7S2sKuaPgn9JCjKE61sx22Lh52sehAiTDnCADZgV,,,gabbyXgabby31 followers
dryruralswift,dryruralswift,https://pump.fun/profile/9TJMsYmegfYPQZHMVmTZy4TGysUwpqYL28v6WMa6vH6G,,,dryruralswift30 followers
agedkraken20900,agedkraken20900,https://pump.fun/profile/7sXhw2JFKV2RCwR5wUddmFSQnrqRBmifn4DDH9rxG66t,,,agedkraken2090030 followers
SipAway,SipAway,https://pump.fun/profile/CWw3ftcbsLiftQ5YVzNX35KhASjGV2XpKd8hkNh8g7GA,,,SipAway30 followers
onetrickponzi,onetrickponzi,https://pump.fun/profile/5vr4n7byFu9BSVTTeeuSxUA1CGzGfayfvN16dN8CUZXx,,,onetrickponzi29 followers
greatorca73529,greatorca73529,https://pump.fun/profile/DdfzetdQLLmGUh48CcQtoHU3jQhTSnYDeX3xHFYMAqUo,,,greatorca7352928 followers
alpp,alpp,https://pump.fun/profile/EschmnBgf2FpmvXiMmZohhvQFsBwCmow8YniSUZLW5CD,,,alpp26 followers
Blizka,Blizka,https://pump.fun/profile/4gb6kB7aG8TPQF675AK7C5Qbu8f1ZbBbXkQPnix1TTHb,,,Blizka26 followers
SallyJack3,SallyJack3,https://pump.fun/profile/E7aA7wjvwMqGKPiw2xHh9vZFtxS4xnExDjukiEn22vHr,,,SallyJack324 followers
Trentonsol,Trentonsol,https://pump.fun/profile/GFYz2EqLTJZNtAPzpY7AkUxHpXnTNxjKakbgFdT3cG1v,,,Trentonsol23 followers
trademosisjones,trademosisjones,https://pump.fun/profile/9gJFhdEMBw1DT7fJuzQ9jA8AAYLpkonLaNYMVqQWKK9Q,,,trademosisjones20 followers
Meich89,Meich89,https://pump.fun/profile/2LJGvbwAMfPQN9JUeoHt8s8hyhcQt3Tg77HX6oDD3Puz,,,Meich8919 followers
trencher001,trencher001,https://pump.fun/profile/8FnXAF6RYCZCtGewt2k8LPp52abdq6a3XznF2MZXEEFt,,,trencher00118 followers
dreamysalmon591,dreamysalmon591,https://pump.fun/profile/FpBNrTD6kXd3g1VsdoZUrSmYUwZS3XV7QL5oH4dyMQHF,,,dreamysalmon59118 followers
oneonuh,oneonuh,https://pump.fun/profile/3LhF3YtTeH7Pv6aVRZTQhwLuszuP5zh8rV73pTfPHRQM,,,oneonuh18 followers
zenorcaineptjur,zenorcaineptjur,https://pump.fun/profile/HsNNpxJDAW19kvjSD482KYDkKDMCEwawtnc1c7R9WtN6,,,zenorcaineptjur18 followers
_AaAaA_,_AaAaA_,https://pump.fun/profile/AQBPi21NvgjxrefaYBEVg5GkKvG4bq3WGHTznooWpN2X,,,_AaAaA_18 followers
bidza,bidza,https://pump.fun/profile/HgHPLo98QekTV3SrMJ2MKFFvxkXRZe1TQNtL3XjiwsQB,,,bidza17 followers
Famitt,Famitt,https://pump.fun/profile/455JknL2CBYcLSMX7SHJfzVvjEsnKQ6bwEPDC1oUT1vv,,,Famitt16 followers
GGGG0101,GGGG0101,https://pump.fun/profile/9F6xtPEZ5AgRn3C7XzzQo7AZE4LckCTfN2zM8kai8HHC,,,GGGG010116 followers
bumpermanta7547,bumpermanta7547,https://pump.fun/profile/H5TVtYcjbEg6gfqTYG8W5Cpa3sBJr3qxGvvgUswqpxLo,,,bumpermanta754716 followers
KUSHOPOUL0S,KUSHOPOUL0S,https://pump.fun/profile/D77aifrVA8CjkGAwrdhfr57QALYhFjYFhTGdpa8VKVhw,,,KUSHOPOUL0S14 followers
carloamsokx,carloamsokx,https://pump.fun/profile/4MB2yiq54PHkJ11YPoZGYgVzew9zFRRms41PAFoXaevg,,,carloamsokx14 followers
wanlobster42074,wanlobster42074,https://pump.fun/profile/CMRzRhp1Xo1pmcE9k4or9jBLjrEq9mZbLHNdexZreo7R,,,wanlobster4207414 followers
0xAndADream,0xAndADream,https://pump.fun/profile/JAXvQ7DxkTXKyDJT1ivMgF53BMGkjCoELbjtyzYNnXE5,,,0xAndADream13 followers
ApesAnonymous,ApesAnonymous,https://pump.fun/profile/GPUrY6KUPWHQWmTE4KxNN3aXwbvQEDuJTUyT6GFT3J8B,,,ApesAnonymous13 followers
gordoisloco,gordoisloco,https://pump.fun/profile/Ae7Dh7skJxzexvdskVRYATpWeM4cmgBQiLTAxsDNUXcM,,,gordoisloco13 followers
sabrnashrtshitr,sabrnashrtshitr,https://pump.fun/profile/8tdKBmwLgMZ4a92o7EYLk4agwgJnowwxfN6zB8XrcTqY,,,sabrnashrtshitr13 followers
ensuingseal2578,ensuingseal2578,https://pump.fun/profile/BGA2DE5iMqizCFGwu9Gy6EfavZt1aFfpK1T3et5vv1FQ,,,ensuingseal257812 followers
IFOLLOWNOBODY,IFOLLOWNOBODY,https://pump.fun/profile/77AgjievU9sG17Cxr91A2nre3rjqpQaugAqDaNfoRKn5,,,IFOLLOWNOBODY12 followers
ilikeboobs,ilikeboobs,https://pump.fun/profile/Hg5xBwE36UCvoK9ighMsx15wyPPVBEJUUhX6UHTXBDRw,,,ilikeboobs11 followers
FLOOFIE,FLOOFIE,https://pump.fun/profile/HrbbtnXRfjyJArVsXGxDLTiRJRH3iziCtedVoAXvQhWa,,,FLOOFIE11 followers
RSGClassic,RSGClassic,https://pump.fun/profile/D3MeWnsXZrpi26CjRRkMrFvfQvowMXUGvo1gJrwKA1TR,,,RSGClassic10 followers
decimusmeridius,decimusmeridius,https://pump.fun/profile/JCqjguQnAaEFhnbPPFDwaBbzUJRAGF5C7VWmZAFqikfy,,,decimusmeridius10 followers
sadorca14608,sadorca14608,https://pump.fun/profile/AifSd5YVCqVdEa7572ouNqN2RKfgMJP5n7H1MG9DnafL,,,sadorca1460810 followers
E10F1,E10F1,https://pump.fun/profile/7JCm76aP9hm5Y2n1A1eVcQRB5Anp7nSz7McH4CVNzfgs,,,E10F110 followers
p_oli,p_oli,https://pump.fun/profile/H3jELztTiLFp1hF7m6XzyYfncWxmynPKduJCT9ZXA7rX,,,p_oli10 followers
swiftmantaclums,swiftmantaclums,https://pump.fun/profile/AsedQMV27wrdBU3uQj2wAwUHjpuii2ezA8WTQM3fhs5e,,,swiftmantaclums10 followers
jim117,jim117,https://pump.fun/profile/99nWDmx9amD9AzukozvBq5R8ghNWydQPZbaVJJKReBy9,,,jim1179 followers
WagmiTealPirate,WagmiTealPirate,https://pump.fun/profile/47oaerkbytSkAL61uDT8pqwzZDr6qV5gCAqYJyKo1gGD,,,WagmiTealPirate8 followers
dumbassGeorge,dumbassGeorge,https://pump.fun/profile/7qNW8CUam2cEzQu1f8oCgXyBpg9hpevQ51MuhbMY5kCZ,,,dumbassGeorge8 followers
WahabSOL,WahabSOL,https://pump.fun/profile/C1yGrGsFLcfUBQfDhiFSRz1kmyDBhMQhhAoV3hWYSE8K,,,WahabSOL7 followers
rarewhaleafflic,rarewhaleafflic,https://pump.fun/profile/BYLVyuQNCD7hjFNcgjow4NeZJfEFo59KkCJqma6oqxy5,,,rarewhaleafflic7 followers
1soldreamgta6,1soldreamgta6,https://pump.fun/profile/DvLYnMcPSwhKL6NA88JFKx1gD5RbdQeyqGVk9AAv7EAv,,,1soldreamgta66 followers
blasty69,blasty69,https://pump.fun/profile/4fSmnewPUvGMa3xJpucLz1HvJq5mbSfeYvrbm5Jsq7oc,,,blasty695 followers
Icarus__,Icarus__,https://pump.fun/profile/EKP2Kes6VVwdGbmf5KuYDosT6D7rvSLf7JFMytYJqFeb,,,Icarus__5 followers
Whenbag2,Whenbag2,https://pump.fun/profile/GaUVP9X6DGFyRKW4Qyyjgu7YVnmAb5UdyKmfUuHPbkWu,,,Whenbag25 followers
boukm3n,boukm3n,https://pump.fun/profile/2gJy32XvfozEZoLhXqqN5ke7hnYynBjuNd7eDfCvpFaz,,,boukm3n4 followers
Mualim,Mualim,https://pump.fun/profile/9LF8PrzvXPx1ft98MGRJbMBuEh84oQqE216m99jF2Bpp,,,Mualim4 followers
solanachallenge,solanachallenge,https://pump.fun/profile/AHfozb86bAAfZsLgmMfAshPeudNbFxgyfzVxvAPp8Qwm,,,solanachallenge4 followers
TryHardSorry,TryHardSorry,https://pump.fun/profile/4f99AEGoqgpz2Kbh3rPbh5Le8EZoP4ktnC9YM87MBPDL,,,TryHardSorry3 followers
captainjug,captainjug,https://pump.fun/profile/AQB8tPVB5Ji7EropTibvAMdD7TaurdAX9yi4PSV8yEBB,,,captainjug3 followers
grimlothar,grimlothar,https://pump.fun/profile/3irh8T6rYc8yrwn5YVd3vKYTLaXHsLFJah9zp8GJT7gB,,,grimlothar3 followers
MrFastbucks,MrFastbucks,https://pump.fun/profile/EctQ51tTHCRJMjUEUPTpUPiHBTAaBYJ4EK5KkuV8JYfG,,,MrFastbucks3 followers
eXtremeX,eXtremeX,https://pump.fun/profile/CxkxCQYLWVRStkWwdCcsAX6BWcPnMeKGQ3zm2m6jVjV8,,,eXtremeX885 followers
water_sol,water_sol,https://pump.fun/profile/3qFD7tnVLqQXvakXUec2jmvQb5D6Tvtbo62vFyfFvVax,,,water_sol494 followers
openshrimp77802,openshrimp77802,https://pump.fun/profile/DKgvpfttzmJqZXdavDwTxwSVkajibjzJnN2FA99dyciK,,,openshrimp77802300 followers
TKDunne,TKDunne,https://pump.fun/profile/EsM1TfSegaGq4WhYo3CiqHKfhGekq6S2ALADVyNufsVo,,,TKDunne260 followers
DATNEEGA,DATNEEGA,https://pump.fun/profile/J9xn3jFXJnxfQVxSp3GVavXx8RWRCMGshpPziKBeN7nb,,,DATNEEGA243 followers
niglet7,niglet7,https://pump.fun/profile/73LnJ7G9ffBDjEBGgJDdgvLUhD5APLonKrNiHsKDCw5B,,,niglet7145 followers
VISI0N,VISI0N,https://pump.fun/profile/2tRtfkPnxsqozrxwP92gP4Yz9fhnkcG6mvCDaQN3nrMT,,,VISI0N144 followers
SquirtleXBT,SquirtleXBT,https://pump.fun/profile/EoHsfeh72zKoe3vzUPy8reJKaw7QEKRzw77hopV5yxQm,,,SquirtleXBT135 followers
nigger_raper,nigger_raper,https://pump.fun/profile/HsNnPz8r81XMNdNb71r7SYkiG19x63t9qEcJr3J8iXQs,,,nigger_raper125 followers
trendyshark4505,trendyshark4505,https://pump.fun/profile/8HqYzz88xMMSn934Jb5Kmvkabzp9X6o1zhP5NWP9Qh9f,,,trendyshark4505123 followers
svgsol,svgsol,https://pump.fun/profile/DEADBYj3XzYFF4zmRmYzpqXnFVtmic22uQzqP36J6MjH,,,svgsol97 followers
aper_chad,aper_chad,https://pump.fun/profile/DRUJjrKXvER15QP8EY4EKgpt5Fxg25P8iQGMgyohPUhf,,,aper_chad91 followers
trader_006,trader_006,https://pump.fun/profile/gkAynFhFXtmo8f8RdfmZ8yyiFXqJZDza7Bwe4LxD33W,,,trader_00678 followers
daviddontmiss,daviddontmiss,https://pump.fun/profile/EU7EY6h1njGtfFQLrJoTRRCzNJxRaUMok7bM1SPMyur2,,,daviddontmiss77 followers
MintRoseDog,MintRoseDog,https://pump.fun/profile/AG1GwCpxJzaz985aN4LT1gjBccNVLDpmstXndmxozDy7,,,MintRoseDog74 followers
GoonCity,GoonCity,https://pump.fun/profile/3Uro1WJNnM522HmiTgpVmPpFaUirJwPtf5SDatEewjZy,,,GoonCity59 followers
iShowCalls,iShowCalls,https://pump.fun/profile/4otMvqfdNRTAmf6fTdYWwyxKM8J5mmuGUQPdW8dtUkP3,,,iShowCalls52 followers
Maximus_max,Maximus_max,https://pump.fun/profile/2QM2EWyLhwiFSmQv1whR3twumY6J63DCBrsgWUYbKizF,,,Maximus_max44 followers
TheAbleFlier,TheAbleFlier,https://pump.fun/profile/ApbuYLZctDJrhSqd6YTW5K4RjE6gTPd2ntZdCdDt2zpZ,,,TheAbleFlier34 followers
ChartOrangePair,ChartOrangePair,https://pump.fun/profile/4ESVniNTtxJvxEPYE7VxW8L1tVEcej8xNG1gFDGjH424,,,ChartOrangePair31 followers
aghastotter0968,aghastotter0968,https://pump.fun/profile/7fYBGtk3wK8KYs4phQAgTgpPy1FB524cc5VGfiLyS89X,,,aghastotter096831 followers
bigoctopus65715,bigoctopus65715,https://pump.fun/profile/2947n9KQQJQRhXqgxokVYxZCypyKXh7qxYDzdkDzBX8B,,,bigoctopus6571530 followers
harmlessorca,harmlessorca,https://pump.fun/profile/HBQHNNXxvFfgMXZKnYj4Gr88x3L4jMc7TG4zLXAv6HpB,,,harmlessorca24 followers
MaxWinterStyle,MaxWinterStyle,https://pump.fun/profile/33gxoHucSPDuRkCN4MCU3V9pbu8PmyPDRV6koBDussah,,,MaxWinterStyle24 followers
kkeruu1,kkeruu1,https://pump.fun/profile/Fi4RF3JZUNQrXkR9CA2P3NyFUqnsg7CadrB6om37D9tF,,,kkeruu120 followers
firstseen,firstseen,https://pump.fun/profile/8hyhG3Fm1n3EAXvqe9KnU1ZyYBvRNzTJcQtjgd5FHzdC,,,firstseen19 followers
BoldFreeRidge,BoldFreeRidge,https://pump.fun/profile/NzsLCf64muzE95GVtT77D8Ts16HPxvUiJ8LR231opAr,,,BoldFreeRidge17 followers
vibedolphin0161,vibedolphin0161,https://pump.fun/profile/CtcPXKUYqvQVN6G3TqHzWGXpVKAZ4trpqjaEwb7UqjbY,,,vibedolphin016116 followers
UsefulMidiGod,UsefulMidiGod,https://pump.fun/profile/5RXY95aP399Jm25qbmLVSpAd6KofszNpDPoi5A2S8QW7,,,UsefulMidiGod10 followers
alikekraken2049,alikekraken2049,https://pump.fun/profile/HBQ2TC2gmX9qeNuCsY9gRTk9hiZLRZaKhvHGj2ZbVoWB,,,alikekraken20499 followers
mindfulmanta033,mindfulmanta033,https://pump.fun/profile/7qMSkXy5mXBBrBLTwmSNooA4NkoTMbYnV3XtbZscCPvP,,,mindfulmanta0336 followers
Nigger420,Nigger420,https://pump.fun/profile/6dA66DYzHCf3xkN8cKYfdTotDokQc8eFXU67mBHFzGpf,,,Nigger4206 followers
TimeRainbowSwim,TimeRainbowSwim,https://pump.fun/profile/8myooE7Ya85KrCrrK3mvZyN99V6zbNxeFYqSWDYU2DMk,,,
LikeBalsamTail,LikeBalsamTail,https://pump.fun/profile/8iRuMD31AxPHHVGhDNbKHdRnuYriBMHCQbNHVfGy4PTz,,,
Queezyy,Queezyy,https://pump.fun/profile/6toJwBGmJARnkpmXu7PGtqTDxbAs89YmJmoZHKtoaQLG,,,Queezyy52 followers
cafezinho,cafezinho,https://pump.fun/profile/F1GDdEjbSsCoAYHPAtw62YU4MZevnL9YV3vkrkiyhKsF,,,cafezinho5 followers
dalidev,dalidev,https://pump.fun/profile/CvNiezB8hofusHCKqu8irJ6t2FKY7VjzpSckofMzk5mB,,,dalidev224 followers
brokeNS,brokeNS,https://pump.fun/profile/7H4zGRSnTo3Gg5mNmtu3qXoybv8Aq9fNyhuiJCgSmwyS,,,brokeNS11 followers
Promentz,Promentz,https://pump.fun/profile/35md43hHdmQKkbXxhu1dt4TtYaRriHjBSWAfyoDWsH74,,,Promentz2 followers
leantuna23013,leantuna23013,https://pump.fun/profile/2Ev9DkLKUpQn1Vapq9CamNTGFXcMHp9aMzYDQGUR6RXe,,,leantuna23013443 followers
Yibes,Yibes,https://pump.fun/profile/58jeW5HVBzQTSPYCQXB9QPZ9A2MRUcZ3xYGctRkz4f3T,,,Yibes187 followers
margindialer,margindialer,https://pump.fun/profile/FwysFp4fX1FwUCZ16EsVcbw4nMAnih9VGeuXbfqBHiZe,,,margindialer144 followers
Tserriednich,Tserriednich,https://pump.fun/profile/B15K2nWm43NncBpHX3eYcdN7vxPJ6ddNppPPAW8vWWgm,,,Tserriednich24 followers
LimeTrustedDev,LimeTrustedDev,https://pump.fun/profile/DeuyRKXC9BrfYYnaSjdi3RUQ7jieCwKWNkFaHBKmHhZt,,,
celotBot,celotBot,https://pump.fun/profile/BT5PFPH9CYNxLXT4z29iHPhrSZMtZEmMqM9ZoiDsejJS,,,
iLuvAss,iLuvAss,https://pump.fun/profile/4ZqaTVQSvNCJkdv5zAGEK5QAPS28J1WsE72k2tRnV2o4,,,iLuvAss50 followers
JustASillygoose,JustASillygoose,https://pump.fun/profile/AsXDWQq2eahQHNXJ9bNs721i1bZem5LKExSniMPCc3Vt,,,JustASillygoose154 followers
Pocno,Pocno,https://pump.fun/profile/7PYGFDZeR7i7uYkc6S2Biya1CtdvppJMmBWzwmG3gpXW,,,Pocno785 followers
TIKIGANG,TIKIGANG,https://pump.fun/profile/7c0eab9b-1c45-461c-983f-fcdb3094cf57,,,TIKIGANG4 followers
ChiefTradereef,ChiefTradereef,https://pump.fun/profile/2gMC9CPkHXQ1uH6scBeDZUwDgNJqRqrne2cdvzMnuwxC,,,ChiefTradereef164 followers
McDuckTrader,McDuckTrader,https://pump.fun/profile/Fj5UNZSsH8RpLF5AYpp8rdbqMQ6gjRx7RtQbp8zbH1ne,,,McDuckTrader162 followers
2pactrader,2pactrader,https://pump.fun/profile/CsW4oYSyLb43pH4LhLu8gzoEDKAuoSS4DQmgHTLPRdgc,,,2pactrader158 followers
hhhoollllaannnd,hhhoollllaannnd,https://pump.fun/profile/6TALLCAunPub9LeyvTbKA5ujdGqjf8nboDuUvU3TNaHv,,,hhhoollllaannnd147 followers
SilentPixel,SilentPixel,https://pump.fun/profile/3H3FveCUcDCY55LtjTUdMZkZGgUQacfQbdj6EcRMitDa,,,SilentPixel143 followers
batmoneyman,batmoneyman,https://pump.fun/profile/8HRjLqRSdUsQ2aVZKwUtrq99THo9mF9SH7YM6UWHuME6,,,batmoneyman139 followers
voorhees_trader,voorhees_trader,https://pump.fun/profile/Dknb74CtnZDHycETFMAoePUs7zJxjuZVNaAALW9UTbLQ,,,voorhees_trader134 followers
hustletomtrader,hustletomtrader,https://pump.fun/profile/Ca9U5CePPVFDb7oCUykdMEKAnTK34kXzVAR4rZUp3CPt,,,hustletomtrader132 followers
BELLFORTRADE,BELLFORTRADE,https://pump.fun/profile/C7oqktKFmCSCjXqpifQqwhYLLpPzLtthnECMeKzkikDp,,,BELLFORTRADE131 followers
MrMonopolySol,MrMonopolySol,https://pump.fun/profile/Ay8T3v1u7Cr3qwiZm8GXQTw7TatKJfcqRQnCpKnAm8LL,,,MrMonopolySol128 followers
ScreamDrip,ScreamDrip,https://pump.fun/profile/H12Q74ZMB9Z3g9Gc1giiPUL6vPyTi6c5hnihNpXxzois,,,ScreamDrip124 followers
NoirProtocol,NoirProtocol,https://pump.fun/profile/2YEvvbQwyCAMAXjQ6GqMJjhf7qDuoMLhToeADfXSQudJ,,,NoirProtocol121 followers
NoirDaze,NoirDaze,https://pump.fun/profile/4FEfQCyypZUSvMgRAffd2D1p2rPgF5uR3v7UQTH4QRGy,,,NoirDaze119 followers
hurryupspidey,hurryupspidey,https://pump.fun/profile/9HwnBb8cv7DV8n3XrqqFfBBaL8DJP1HBDMUVAqzkg3KM,,,hurryupspidey120 followers
SkipperTradeSol,SkipperTradeSol,https://pump.fun/profile/8AfTHj659rz9hG5UPtyb1Z4GGNxe9aJSuv5YuXKdkn5d,,,SkipperTradeSol119 followers
VioletGaze,VioletGaze,https://pump.fun/profile/E7Gj7CSS2VHmqpQ2PtPvUaJNmgRkWGFdSmwa6Catfqdq,,,VioletGaze114 followers
BlueSmirk,BlueSmirk,https://pump.fun/profile/XmyPN84biwdAbiHrb3zV4cL4s1S6CjRfwVPM4wrgxBv,,,BlueSmirk114 followers
geniuscrypto,geniuscrypto,https://pump.fun/profile/2d4VtTw9tRfZTz4Zmjhgj5QtqEuuYyx25V4khpAcp61K,,,geniuscrypto114 followers
traderonfire,traderonfire,https://pump.fun/profile/DW44kiYpLQ5PXBGmi8114PBfmC9x2FansfB57JJEs5G7,,,traderonfire112 followers
VenomFlex,VenomFlex,https://pump.fun/profile/8dHhuccJCctvhCWJ8pwXpuQ9VxyerYXafRsjXteb2kys,,,VenomFlex112 followers
DreadDoll,DreadDoll,https://pump.fun/profile/FFeaCiFQKasRM4w3Cyzkdewm5HJZ8zPZ97tQSx7Xs3Zu,,,DreadDoll112 followers
ParkerNoir,ParkerNoir,https://pump.fun/profile/G4H7UL1VzCo1i9QuNZEvRgvzsq16HzzT5rw28LPJbsYf,,,ParkerNoir111 followers
AzureLimit,AzureLimit,https://pump.fun/profile/7hKuTwhTruHqgA9ReYF7NRxmnk11gCTCJgx4tXveRmyw,,,AzureLimit110 followers
PatrickProfit,PatrickProfit,https://pump.fun/profile/FYrPiuXmfm3fmwTGXTCbm44RbJKUUScL8T76x1Gkamcv,,,PatrickProfit110 followers
GrimJester,GrimJester,https://pump.fun/profile/9NCSsTFxEHjjezaPEW7MqkXQ2tZqmYj9bqwdsc7ukhwA,,,GrimJester108 followers
PumPerry,PumPerry,https://pump.fun/profile/Cr5ppUWGArcX7nS5hJULbw6NoKWfihCvRfwA4iYkr4se,,,PumPerry108 followers
rashseal68815,rashseal68815,https://pump.fun/profile/HohsHTakdGr3qSJm4du1LDBuEV5RmJ1XMBka4sJz4TwL,,,rashseal68815106 followers
YinKiss,YinKiss,https://pump.fun/profile/z4NPL6BPZCRsNNFDqPbUVNq5u6CaZEmRUdDredufn5Y,,,YinKiss106 followers
ericaniimme,ericaniimme,https://pump.fun/profile/5BrP7Z9vANcxjeeRRGjhus4gHq4mwfRkBEe8rcxqXVic,,,ericaniimme106 followers
blackqqqqq,blackqqqqq,https://pump.fun/profile/91iLDagQChK46UAuE4JzZUNjyYN5x6trVDMY3N9yvLnz,,,blackqqqqq102 followers
VelvetRift,VelvetRift,https://pump.fun/profile/69yVMZcP47DAAADMXGp1uR76LCQPYswAniT9cVuaSNuY,,,VelvetRift102 followers
CrimsonCupid,CrimsonCupid,https://pump.fun/profile/67r5VdSC25kTQxoGapdQyGDq1affb1S2kUYhtKw5d44R,,,CrimsonCupid101 followers
CR7_Trader,CR7_Trader,https://pump.fun/profile/8KSRqv1N6mbATQhHa25F8ExRLrRf2EohaRycWCYNiZ1D,,,CR7_Trader99 followers
BobandTim_trade,BobandTim_trade,https://pump.fun/profile/5rJgpEiGRrg9EnY8gWrWBAqmTeKd1PKFxHKcMPRsuwTC,,,BobandTim_trade100 followers
JadeCharm,JadeCharm,https://pump.fun/profile/5xq29YAxejfARAKnNcNvoG9zGJziry88hmvHqax3B1eE,,,JadeCharm100 followers
sogoodted,sogoodted,https://pump.fun/profile/2anroGUYjZYXN9Rtw9R26fHuBCBTsx8i1vhuEd5vdv5M,,,sogoodted99 followers
VelvetShade,VelvetShade,https://pump.fun/profile/E5kyx5zTnN5mr76zMdzb75AYkp1k1r1APU5GXBv9uRrV,,,VelvetShade98 followers
AffluentMask,AffluentMask,https://pump.fun/profile/8hfJxoWZrmYifacg6wCtKjrrprB2KdAdqxS1d4t2eFbA,,,AffluentMask98 followers
mbappedictator,mbappedictator,https://pump.fun/profile/BJ96LStmPgDXEvTxyettRRwnWDARipDrkSZJY3B12JBR,,,mbappedictator98 followers
CoolGarfield,CoolGarfield,https://pump.fun/profile/EtKy3hekBztuG4Ep79rvdLiikEkv8GmCLFicj2ZRpD9E,,,CoolGarfield97 followers
richscream,richscream,https://pump.fun/profile/DRoK8Ad8LuJu6gvW3t9t1zbUSrUpCXSvEjm3gndeutC4,,,richscream97 followers
MrCrabsPUMP,MrCrabsPUMP,https://pump.fun/profile/4kwkuBuxEGpNEdzjRD6BdU4VJU2Er1KymDQtkBdmRbtS,,,MrCrabsPUMP95 followers
Ducktective_Sol,Ducktective_Sol,https://pump.fun/profile/xQq5jfLJg9V7i4u39CjM9mJQeJWVtq3ooWGoiuUxZfD,,,Ducktective_Sol95 followers
BunnyWink,BunnyWink,https://pump.fun/profile/J6pdYvBMcsHAPVBiEs9gqePoLQQDqqMA3xKs511P9caP,,,BunnyWink95 followers
TurboOctocat,TurboOctocat,https://pump.fun/profile/C7nH1fgbuDxBdDPXpJB6bSsjVf1hK42P7UdCfPrWERMQ,,,TurboOctocat95 followers
FrostGhoul,FrostGhoul,https://pump.fun/profile/EBhGxxxfewK7czhgJ6dyQmgbZaX7kUYxa9VdZum1zy6C,,,FrostGhoul95 followers
SSSGhoul_Trader,SSSGhoul_Trader,https://pump.fun/profile/BnR1dKAHo4EScfuwTAxp3WDVTKVkv9Wpj2GEUoqYbx6b,,,SSSGhoul_Trader94 followers
ameliablacksol,ameliablacksol,https://pump.fun/profile/3ozBrVKArowTCyW5wr3m4NteJtZLEweKLrXQ5quiGV6Y,,,ameliablacksol94 followers
CRAZY67_TRADER,CRAZY67_TRADER,https://pump.fun/profile/A1Z4Khs6ysR9fTfuX3h5XeoxFnTxqMwaBuDYKQskBWqF,,,CRAZY67_TRADER92 followers
CrimsonHare,CrimsonHare,https://pump.fun/profile/B1jQwoga5JnL8kd12r9L9AmEyPeWfXsukQKJw3SmjTua,,,CrimsonHare92 followers
tomassolanaaa,tomassolanaaa,https://pump.fun/profile/83yEk5YCkyNGcPn1o5Ucp6Y8JjJVMC81K9ZaF3B2saVV,,,tomassolanaaa92 followers
WealthyPiter,WealthyPiter,https://pump.fun/profile/EaMEvGWYWhPs7shwJFGS2Vib4e3oH2jgpwc5Z88Wtsk7,,,WealthyPiter92 followers
EmeraldRogue,EmeraldRogue,https://pump.fun/profile/HAPGuNy7mcYs1DCdmcFom5ZSxqDttKVPWDgDfPTdtuBK,,,EmeraldRogue91 followers
RoyalStrike,RoyalStrike,https://pump.fun/profile/DtUSh2Pd91gHAwHLDa8vY62QhkTxXC38osbiqpbPwPBF,,,RoyalStrike91 followers
AshGrin,AshGrin,https://pump.fun/profile/26BBwuY87iXcLXaQaikDr6xCid3VSbb6ehBciEUZLczN,,,AshGrin91 followers
SilverRush,SilverRush,https://pump.fun/profile/8VHdQNEUo3sBee7SHb6rcMhy27ecmQ61Wvm1ZphhWEP4,,,SilverRush90 followers
AquaNoir,AquaNoir,https://pump.fun/profile/DNjS8JuWNzvjhgN9E5kW6gjmhdZZ4sEsVQUEPbFpKXVv,,,AquaNoir90 followers
HoneyLens,HoneyLens,https://pump.fun/profile/5o4a9Ua5j9JZeQNSbJgt4C5HM3zV3xXfqF46vMEMU7p7,,,HoneyLens90 followers
HomeAlone_Trade,HomeAlone_Trade,https://pump.fun/profile/FWTKMTXRFJPqSYnb2EcuQRdUEJMF7QmfMihQR2QCyZT3,,,HomeAlone_Trade89 followers
babymessitrader,babymessitrader,https://pump.fun/profile/H8tnrrprUuiKsX7nsgpkZrSMQkCQV1kaqi9XvJKxJWRu,,,babymessitrader88 followers
SnowBlush,SnowBlush,https://pump.fun/profile/7nx6ckRWQtdBkUmLbdh1YPeNCzFzTzapthqV6gGFwcX1,,,SnowBlush87 followers
poopsolhur,poopsolhur,https://pump.fun/profile/HuGpsrZVUK7nh4juUKkxtEtkoFkMC8ZXzDHwfz1amkSR,,,poopsolhur86 followers
LAMBO_HUSTLE,LAMBO_HUSTLE,https://pump.fun/profile/9Sk7yEK9P1QVUz8fXkWnbm4aqhCPPCtZeaATSSNyPXnZ,,,LAMBO_HUSTLE86 followers
funorangetrader,funorangetrader,https://pump.fun/profile/HRuWHpZgmMHwoR2HJ8tCGZwix3UKPNou4L5rkKgxUrbV,,,funorangetrader86 followers
KittyGloomm,KittyGloomm,https://pump.fun/profile/GA3UN91hJ2pZAXy5nbjyMxkkbcke2cWgaSgp3ARP2sqD,,,KittyGloomm86 followers
sceletsolana,sceletsolana,https://pump.fun/profile/G2nt9cnUCxqJV29VyLj5yufLBGM6X5mCVjSwEB7tsS89,,,sceletsolana86 followers
VelvetGrin,VelvetGrin,https://pump.fun/profile/EYtGMdhQtqAwgfpgcfZggnmFWZNT5LxCGpFngjxTJh33,,,VelvetGrin85 followers
MeowsolTrader,MeowsolTrader,https://pump.fun/profile/ESTcf8mp39gwcQyHe9aUyu9STSqs3jEWy1mb9uukrQKF,,,MeowsolTrader85 followers
NerdyFugglersol,NerdyFugglersol,https://pump.fun/profile/TzHYvA5Ev9rYDmv7bmnEK9K7Fsd8o9HUGzrFcT1CLFY,,,NerdyFugglersol83 followers
strangeEGGsol,strangeEGGsol,https://pump.fun/profile/9WRLHzSezfDJ9yN9HhHW4v9jZfevLA8LDA3Duey66rbh,,,strangeEGGsol83 followers
topsalmon777,topsalmon777,https://pump.fun/profile/4RcTpSSqLiZbvnw9iZ4GyGMPPYox8TXk4prTJBKrzpKR,,,topsalmon77782 followers
Jackson_trader,Jackson_trader,https://pump.fun/profile/5MEk3j2SNWxPbqnoG3c9MsVbspidwyLhdgddzMEqjZWo,,,Jackson_trader82 followers
SolPigeon_Trade,SolPigeon_Trade,https://pump.fun/profile/3umcopWRM7REDBcw496Mo7oG3a9nRZdmnrVxGysKJrvq,,,SolPigeon_Trade82 followers
wealthytralala,wealthytralala,https://pump.fun/profile/FPwvcqMh7mJJS25HCoaLj1kZ8gPJiBxhkCpgrADE95sT,,,wealthytralala81 followers
IvoryJester,IvoryJester,https://pump.fun/profile/Fm9MWYJkqidMy5wTXgtSSJfqcw11MGyax8taLhipCYK3,,,IvoryJester80 followers
JadeTitan,JadeTitan,https://pump.fun/profile/qsbhPjdvqWd5n27jNdKaaNaiQUKv6hV5wnxJLqKGhf7,,,JadeTitan79 followers
shelleytrader,shelleytrader,https://pump.fun/profile/Gnr1nd3cFXuBXj2ZG9DLttHRgHggPcVwiRM6KSh9jrYH,,,shelleytrader79 followers
POU_TRADER,POU_TRADER,https://pump.fun/profile/39JZaBHDqFHUNMBSfZpSmnrxjd7TSH2BpPd8xuQgFUnR,,,POU_TRADER78 followers
sillycattrader,sillycattrader,https://pump.fun/profile/6kt8iw4xDoc1nbBcN822WNooe9A4MpbBqCNt1ZZqEvsD,,,sillycattrader78 followers
IronScowl,IronScowl,https://pump.fun/profile/BmCvytxBT7bZ7oL3bc4cMxthNsq4TLsTBP4DCbzCQGvX,,,IronScowl76 followers
VoidRapture,VoidRapture,https://pump.fun/profile/9x7ZscGEGV2bZ4FuNq3qsFMijEPVwVa1rz735wTzjib1,,,VoidRapture76 followers
Bald_trader,Bald_trader,https://pump.fun/profile/D427niB4k19BbpEAa8DJRUuFArGU5RwnMKbcDqP7y4n6,,,Bald_trader76 followers
RavenLace,RavenLace,https://pump.fun/profile/5WUY6v3HrawL3KMm19UrjLoFUPVDuVbiFsn9ukG4AaZd,,,RavenLace75 followers
ScarletWinkk,ScarletWinkk,https://pump.fun/profile/8YTv15Xv2sBZkbpiaKfdUQEMQ49YXxGKtPWpCmPJ7zSe,,,ScarletWinkk75 followers
IvoryyStitch,IvoryyStitch,https://pump.fun/profile/GEpywumuddmgkqo2wLs6Rum3vRtaoxqch2KEtq9ehLB5,,,IvoryyStitch75 followers
hustleneegy,hustleneegy,https://pump.fun/profile/EVX2RMXg5rtKLLhQeTQR2LzEqncQUh9WrgmtS719VuoV,,,hustleneegy75 followers
MintHaze,MintHaze,https://pump.fun/profile/69rVeDeGgXpafKoDwPim9ugMbF7JtnYNSmyoCN13bJAu,,,MintHaze75 followers
JeffTheTrader,JeffTheTrader,https://pump.fun/profile/Ad4SPnpWkoKNVw28B4bkpBcuukjmE6MS8hhey3XDBDjL,,,JeffTheTrader74 followers
AzureGrin,AzureGrin,https://pump.fun/profile/8UGPGAo2jGzDkfZBZivH7wxwAUCmNAM6JkRUZqQHHZTp,,,AzureGrin74 followers
CookieInfluence,CookieInfluence,https://pump.fun/profile/2dsJpBw1nz4zdKb5goSjpwsKmWKiaM1AfrwmT3AVSFi4,,,CookieInfluence74 followers
CrimsonRev,CrimsonRev,https://pump.fun/profile/JE53yBV3aHDgb6qKvhfnWYUwVE7h5TQYNLx6wGVxdFcp,,,CrimsonRev74 followers
SolanaHorse,SolanaHorse,https://pump.fun/profile/9Jkeo2LohXhUg9JCmCuc3kjPwNYcepnVWkvKVpPp2moh,,,SolanaHorse74 followers
Shrektrader,Shrektrader,https://pump.fun/profile/ACiMo2paD5cPLnKczLE985KhQKQMSqb6TmuVFsnRjod3,,,Shrektrader74 followers
SOLCAT_INF,SOLCAT_INF,https://pump.fun/profile/DecsLgdYf2gW2aRECHhZpm46192ZpuZHY5Q1wiJruHts,,,SOLCAT_INF73 followers
goodmorty,goodmorty,https://pump.fun/profile/DQW1se3fajGU3LYutMyAzW7tc5BSFvTgXmBbTPVHMxqG,,,goodmorty72 followers
DuskMuse,DuskMuse,https://pump.fun/profile/2nvKZaMX9CGgPPJjYL3tg2RsQpwTfHNDXEN2TvRpLMmm,,,DuskMuse71 followers
pitertradersol,pitertradersol,https://pump.fun/profile/Cbq1NGixCosfHSnn5uaUHy9gkaoQLnUS6BHSy39AmJQM,,,pitertradersol71 followers
Rooster_Trader,Rooster_Trader,https://pump.fun/profile/91xxKqUuk5TQVknEJw3V7y8rLvVZD6V7WaDcZRopH7tj,,,Rooster_Trader71 followers
RoseImp,RoseImp,https://pump.fun/profile/6h19hWCFky4LkKbDK6iLMFqBtzmiQz6wQAkeWAqWR91L,,,RoseImp70 followers
WinkBytee,WinkBytee,https://pump.fun/profile/5bksCtHQhMFH4aTizUps7gpmzwJQFvQ5Zfjo9VgVrQXm,,,WinkBytee70 followers
GoldenReign,GoldenReign,https://pump.fun/profile/CMt4ZPEBHxAE6RBubukgn53L6ZFDWEsuGFYVB5pEGLHf,,,GoldenReign70 followers
WebRushh,WebRushh,https://pump.fun/profile/6aTiRDLJs5dUzs34EJKZYajhjHrE3TqNef6WWYxyn3hX,,,WebRushh69 followers
NoirBlur,NoirBlur,https://pump.fun/profile/7ppJaRPxgBVMp3znsWGWMi8Qvxm7oiDcKSkkLmYfj686,,,NoirBlur69 followers
ObsidianVeil,ObsidianVeil,https://pump.fun/profile/BLx8K5PNqEfzGZB4Rr2yLsxjRBrgf2cUfxi98QKHeGcN,,,ObsidianVeil69 followers
RICHCROCS,RICHCROCS,https://pump.fun/profile/GyViburdFESnbvx74VAwFLrE5xwBTXsNpbkYchU6tZia,,,RICHCROCS68 followers
VelvetFrame,VelvetFrame,https://pump.fun/profile/Febwq3gwpQoCKfB331FNj2Nk351fm1WZ2mJnVZbtMr19,,,VelvetFrame68 followers
IdleHaloo,IdleHaloo,https://pump.fun/profile/3M9AJ7fCf98t8bi4qXCcv6t4LNiS3jZczD3veUjHAYTF,,,IdleHaloo68 followers
happymeal_sol,happymeal_sol,https://pump.fun/profile/6hv51ekfiuX4p88U8X8n4yzxnN8M1pQLkSUnXZPnmi55,,,happymeal_sol68 followers
sadmops_trader,sadmops_trader,https://pump.fun/profile/DjtSpvz6Mzy6nrCBaurxLRUzPuDkqCdEi2HzyeHq9Whr,,,sadmops_trader68 followers
pensivedinosol,pensivedinosol,https://pump.fun/profile/Hg1CLMWktmHNUtW6AeVo4mjwxicYpjYx2oAKTAUYm3sV,,,pensivedinosol67 followers
coolspongeSOL,coolspongeSOL,https://pump.fun/profile/GPsKxXK76JZoo3WnAx25qCtVf5TfZPc1xFiMqAaGUxJ5,,,coolspongeSOL67 followers
SOLnom,SOLnom,https://pump.fun/profile/63DXu8tVnBFjHPndyFA3F5fCD2bYECB7BoQVkshjp1G7,,,SOLnom67 followers
OnyxFang,OnyxFang,https://pump.fun/profile/Eq6ju59Bwu9Za6fTu7M53B4Yd8VQ5zV5AMgKVZShk4KV,,,OnyxFang64 followers
ChromeGaze,ChromeGaze,https://pump.fun/profile/9TkSxXx5PCJH6f4yVgDWKrDp3z16ymYV6hfMAoAgBecZ,,,ChromeGaze64 followers
akaza3stolp,akaza3stolp,https://pump.fun/profile/9HDuDPpWRGQ3K9hwHGaSqZ4JWbTVZUDYVFVXzoxiH7R4,,,akaza3stolp63 followers
dominicanimesol,dominicanimesol,https://pump.fun/profile/3dp6pDNvAG9e3STyru4UVHSYphgAf6EyF614tH8gcepx,,,dominicanimesol63 followers
starmvp,starmvp,https://pump.fun/profile/56ckMwhQKgXm3iB6JH3NCC4EzrdazoFN9eX28nceqy5n,,,starmvp62 followers
oldboys58,oldboys58,https://pump.fun/profile/Cf2nFTCJWPB1gi9N9328ru87jNwnRbxfrK46CGnrNCea,,,oldboys5861 followers
SilkSmirk,SilkSmirk,https://pump.fun/profile/EhRnKXkoKFA5HP1NCY99NBP1rkvAWef29q4SVRnSsZrz,,,SilkSmirk60 followers
thestrongestsol,thestrongestsol,https://pump.fun/profile/5UVWs8sSHkHYTDBo2WvCD168gEUC9zoyADuDD3At7cUs,,,thestrongestsol52 followers
micatrader,micatrader,https://pump.fun/profile/CZUCLk3KuSknFsHJJF4Pyv3pUB6SyzKGxsrPaJAayiwN,,,micatrader50 followers
ShrubQuickMaxi,ShrubQuickMaxi,https://pump.fun/profile/5xkTqpb72d7k6qrqTf4fjgydxyFVoiSkgkXQMghHSBoh,,,ShrubQuickMaxi20 followers
TigerFan,TigerFan,https://pump.fun/profile/9Eaxrmfjyudpj9uYqc2nX9ayny9YvNX4QDve3ymUSxJV,,,TigerFan122 followers
BruzzSol,BruzzSol,https://pump.fun/profile/3pjzUzB1Vj8xYMQhXtXCuaHTHw8hhSErCNM8z4vWKQhv,,,
DerekMercer2006,DerekMercer2006,https://pump.fun/profile/B7y8AXyWtst2JsAx9zYTP8ZhUbxYRBC8heUMMFPbAHSn,,,DerekMercer200699 followers
Username___,Username___,https://pump.fun/profile/5K7rVgNYCccssY4sgxxQ8NP8tArrS6Bu68bg5sM5Ht1X,,,Username___79 followers
golemporium,golemporium,https://pump.fun/profile/9X8pCgb1vZbD8Y3jgpNUqAeeJRmoXPXpgRVRm85JbuCv,,,golemporium67 followers
QenisQabal,QenisQabal,https://pump.fun/profile/43b08b2d-0b59-40d8-b295-ee7055de3230,,,QenisQabal24 followers
slydolphin42222,slydolphin42222,https://pump.fun/profile/7wtfpWocMmEg7Tksh9dLuhjsHKnmDBT26HpJYLW71Hhn,,,slydolphin4222210 followers
dotdotdotdot,dotdotdotdot,https://pump.fun/profile/3HvbJtVsLW22VNpSZeBzzDufeELhBRWpgHgkqcgrjDD3,,,dotdotdotdot87 followers
lividfish28632,lividfish28632,https://pump.fun/profile/7K1ygpyD3EXtyfnQ1X8Vsk5tn2PR7Whah96dCZoR7uZ,,,lividfish2863272 followers
CryptoBrainFood,CryptoBrainFood,https://pump.fun/profile/8FUavJ5H5dZnZ9GdCTAunPqZ4u1W9uZHUkMWyxu6sL3Z,,,CryptoBrainFood33 followers
TheJewCabal,TheJewCabal,https://pump.fun/profile/2c526f83-d941-434f-a1fd-fdd7bb1e5621,,,TheJewCabal16 followers
anybodywhatever,anybodywhatever,https://pump.fun/profile/AfxRMLKoc3Y6rGwG7Ry6DspGag6g6w8g5qTKrPSVZ7i2,,,anybodywhatever349 followers
laytuna17341,laytuna17341,https://pump.fun/profile/A9jjN1i5tgYX8i88BmX5zF8HPjuduU28PRjksTMkQUow,,,laytuna17341213 followers
rkcdev,rkcdev,https://pump.fun/profile/9kpypCC1Bn4CfeR25anXkXCrG8tBP1A4UAHVncDcvCYB,,,rkcdev86 followers
Binjup,Binjup,https://pump.fun/profile/EX2RWvMa69fCcb4y3jKYfPzfbFriBWak9VGqxvoGjoiB,,,Binjup80 followers
SquidLounge,SquidLounge,https://pump.fun/profile/8e26dbaa-8b24-43c0-8cbc-08da056a8e14,,,SquidLounge48 followers
Zip227,Zip227,https://pump.fun/profile/26oK69pYx7R25ULts9hLYF2HpTnZ421jPYMPsds9GtYA,,,Zip227725 followers
Cousinhumper,Cousinhumper,https://pump.fun/profile/2s2aN6bedVPPYUJNXHyHPHdyz9ZGmeXHANBKSWZdNMbZ,,,Cousinhumper458 followers
547lvy,547lvy,https://pump.fun/profile/547LVY4m5zgN2R9PNokrt4arTc9dRfB546tG4fMBw3rE,,,547lvy432 followers
dbchuddev,dbchuddev,https://pump.fun/profile/7LL9iifg3J2Ma8toc7uHVUqbo9ETUGpyvfmFHhc5RXhX,,,dbchuddev303 followers
nullstate,nullstate,https://pump.fun/profile/Ad9JYsyaxewL1NvCd9fMmCNnDkeE5bGGWN4dMLvYBhFV,,,nullstate231 followers
halos,halos,https://pump.fun/profile/FqjzuMyfczm38Vxn4B8PFTgu1Yo8Tn5M7FFYrE2HZCre,,,halos223 followers
jimmyyy,jimmyyy,https://pump.fun/profile/HcpsFY1tDhuzEGGwuqyYy6PSi6hHEjGbFKMz4oA5BicY,,,jimmyyy198 followers
xXhonestfellaXx,xXhonestfellaXx,https://pump.fun/profile/2NX7MLPEZBJ3Qfrq3UMQXmAbmoLQbVDTAFsm4zYfkixd,,,xXhonestfellaXx194 followers
tiredtrain,tiredtrain,https://pump.fun/profile/DCMgG62dB4o55onoss1w2kvBjx591HMy4HMVPRVxno2M,,,tiredtrain158 followers
fondmarlin27977,fondmarlin27977,https://pump.fun/profile/FuuyX9MSfLCLqyewMBtkQSGUvJUWjsDAR8FFVJbA9DrA,,,fondmarlin27977141 followers
fang69,fang69,https://pump.fun/profile/3Bxn3ZEWFy5jf6ZvJywmk11EkxKFsZ8PYumFxztUPzBX,,,fang69136 followers
blackcoindev,blackcoindev,https://pump.fun/profile/86YetFuG1AP6zkaPnQbpPEQ9EtFmMeyt19UGphkUrGyd,,,blackcoindev126 followers
cacodemon,cacodemon,https://pump.fun/profile/8VineYiDoyR55De3bui3oBwUKiE2rPwtiBtgYLLdMwfi,,,cacodemon120 followers
dokwonfan53,dokwonfan53,https://pump.fun/profile/2Nw5K6UEoztQfUs7WN2iYWDYhDo1ZDSm1DMdFw9dradU,,,dokwonfan5389 followers
asmodey17,asmodey17,https://pump.fun/profile/5r7c2MHp3raX8LY8iagph36DFNvM5cimquxxxGXQL4s2,,,asmodey1775 followers
rawshark76473,rawshark76473,https://pump.fun/profile/99C3NH9A75mksLUXQMofBdsC5TUdWvPgJrmJELkMrwiJ,,,rawshark7647373 followers
boogiepnl,boogiepnl,https://pump.fun/profile/2m8Mc2ngJCmpbEEoYhwT9U929z6C4CPKLatWnR775u9a,,,boogiepnl65 followers
tfine,tfine,https://pump.fun/profile/8rJxrk4jXgVxyqMfGfCadMWjNcSoBpeukMkwy8FkrdpT,,,tfine59 followers
KIKOKOSTADINOV,KIKOKOSTADINOV,https://pump.fun/profile/5xAdowN9Hj3ZMTLxWR7kpshrDoXvDBJMx6qmukASkVSe,,,KIKOKOSTADINOV58 followers
nocoomer,nocoomer,https://pump.fun/profile/3gEJhJ8yVEsCbf5Y6JGiS1e5Pu3bJHwYFbd5KBoLNvo6,,,nocoomer57 followers
1Pooh,1Pooh,https://pump.fun/profile/F7Jy2wx4CMVnKjtd5HENKw4tcoaQbkEDfT2iLhacEETz,,,1Pooh56 followers
oogaa,oogaa,https://pump.fun/profile/DQL31guSzsT2mpbTcQLGHq8veA74QfpHGZpwNNJe7LqG,,,oogaa53 followers
kazamiii,kazamiii,https://pump.fun/profile/AmKPkqP6dqtDog5bPBnkHVJRn8DVrVuPq1k34qXAVKVq,,,kazamiii46 followers
0xnimblecore,0xnimblecore,https://pump.fun/profile/A5imfK7PFP9YkqTt4g8ToKPsa8xSR3QSmvbwMM4p5xAA,,,0xnimblecore45 followers
MemeFCTRY,MemeFCTRY,https://pump.fun/profile/DpUrLzrJrHuZFATzGRmZEmwwjFAqyY79cmDD7cwX77TG,,,MemeFCTRY45 followers
layoctopus72674,layoctopus72674,https://pump.fun/profile/2XtaH183iK9rhWVHdPPU8zEyiMZoZVYteFhjx1Y44SjN,,,layoctopus7267440 followers
swiftsquidthree,swiftsquidthree,https://pump.fun/profile/89VB5UmvopuCFmp5Mf8YPX28fGvvqn79afCgouQuPyhY,,,swiftsquidthree24 followers
burntfish42481,burntfish42481,https://pump.fun/profile/5hLDGswzFNG83Nv3D21ucnCfVTM4XVktgK4gW2qaZ2bf,,,burntfish4248124 followers
wealthnsuccess,wealthnsuccess,https://pump.fun/profile/CMwRsFGXFsL8PjgBBmvZFgqaVL9QejSgAAbtyWMkQCKQ,,,wealthnsuccess21 followers
fahimoooo,fahimoooo,https://pump.fun/profile/DTMKxkwpq8JJ4b9kwyHoKVu74PFC6rgD74ensF59GShB,,,fahimoooo20 followers
theroraxx,theroraxx,https://pump.fun/profile/EA9f7ZPzUR5W9wSFjRm3UsqaX1tsG8WRAz5Kmd55Jd8P,,,theroraxx20 followers
FoamCakePlane,FoamCakePlane,https://pump.fun/profile/9bD9aJZP1AyBycov5T2qiS4HMJb2sFCFcQzGtiCX81Co,,,FoamCakePlane17 followers
itonyxyz,itonyxyz,https://pump.fun/profile/5tkN4wXT5mRqtRuEMhgaF3hJkAR8zVW7SoW9Zk4iDNBx,,,itonyxyz14 followers
frasiercrane,frasiercrane,https://pump.fun/profile/PsZfRwPdawYAsE1QrYjRy4wLvzy2gv95pb1ezsrYQai,,,frasiercrane14 followers
GwxdN3,GwxdN3,https://pump.fun/profile/GwxdN396i9pZrd88TVGTDds98TBpbFccCSB3WQLVtKNe,,,GwxdN313 followers
idkwhatimdoing,idkwhatimdoing,https://pump.fun/profile/akqjv7XLgEG7EzwHxkR3XLZBruTxn5zsHut7iXWCp19,,,idkwhatimdoing10 followers
oddlobster31988,oddlobster31988,https://pump.fun/profile/7tk4QU9QmzVLoxAhzc6GJFtSsGBqfLK2gcDeQ4o6XjQj,,,oddlobster319888 followers
latenarwhal1953,latenarwhal1953,https://pump.fun/profile/EvmVaXwDSjUYMSQMr1iA7VooFBhcDxzmh9kWL1mDRJt,,,latenarwhal19536 followers
aptwhale29212,aptwhale29212,https://pump.fun/profile/87NUzM16R5a6HsEWRBa6xnZg1f1wGEfB3ESgyBToP4GY,,,aptwhale292123 followers
wovendolphin828,wovendolphin828,https://pump.fun/profile/4fC5HeVL7f3J7LdZAPH9nvKkD7bbivTsZUDPocMQ4EHC,,,wovendolphin8283 followers
A_Merk,A_Merk,https://pump.fun/profile/7nUGeMQM1QDrLuXZLtwDxG1e9tLzJEsnDEHLpTuh6msf,,,A_Merk2 followers
EggMoonn,EggMoonn,https://pump.fun/profile/BSFWVFV1PXwpRQJ2k4UUgQKPK26J9Pkya6UFvVBsVKy,,,EggMoonn44 followers
zebow,zebow,https://pump.fun/profile/6KWwZBQ99VqdbQk2yu29RSqRyRSDiftZNERj3zFfraaY,,,zebow430 followers
bogha_,bogha_,https://pump.fun/profile/bTiNAiDWsAzuDvqf1vGcv3GuvgLxVvaj76KABoqkJa6,,,bogha_52 followers
dsjfolvhailv,dsjfolvhailv,https://pump.fun/profile/J2ENcrDjTjv3WwHrqD22YdsWQbCB6cH11WH325fXKGWy,,,dsjfolvhailv13 followers
SoftPoorKite,SoftPoorKite,https://pump.fun/profile/GV676JpmVNoq3RdacJYEfru6f8M47ZJq1VNzYtVhkmCq,,,SoftPoorKite351 followers
thisfapital,thisfapital,https://pump.fun/profile/DdnCzUNNy3T6zCpMrefYSpbQcNrgeQFscrph3tqDLcsr,,,thisfapital145 followers
stainxii,stainxii,https://pump.fun/profile/HqVkP2B7x7xpNgPQQ3jyXawB69CiNhKrz6Q3h926rjvu,,,stainxii86 followers
inmybag,inmybag,https://pump.fun/profile/9w9VHFpxwDcjnmbzSK4yv53ibYpipT1xQopXQ2ZDT85U,,,inmybag58 followers
ProRapeVictim,ProRapeVictim,https://pump.fun/profile/7VW4ZQnFKZyWvd98k6T5MkYWStbYuTpPuBxYSJ7cBLoX,,,ProRapeVictim54 followers
soldthebottom,soldthebottom,https://pump.fun/profile/7MRGLmgEMe12ccMzi1ANRKqVVcBdRVREw3GoUCKXGahF,,,soldthebottom49 followers
pinkmustang88,pinkmustang88,https://pump.fun/profile/7agC1inm2bbvPZKHDP3KZYxgyL6RVjuCa8F8YCSwSJVV,,,pinkmustang8840 followers
F0RTUNE,F0RTUNE,https://pump.fun/profile/E34aELhJsgqL8biYYfKzpJkLCaxYrNDt6xjoYBeqCocc,,,F0RTUNE36 followers
chillnuke,chillnuke,https://pump.fun/profile/Fojn5NMjnGP1h8jhUgvsZHVcp2zJvmUe4ooUu5jXLgDt,,,chillnuke23 followers
solidrep,solidrep,https://pump.fun/profile/AcdgzkAjc1jK1A46Kj3TKQ3mgsoEzt739hDvLg4YBPG5,,,solidrep702 followers
blknoiz60,blknoiz60,https://pump.fun/profile/3ffe88F6nRG1jdRPgb75QHk4zFCZMaZYJyJshuxXvx5J,,,blknoiz60701 followers
MOONDEV77,MOONDEV77,https://pump.fun/profile/CQW2rVwyK7fWcRGzhBJCc15fFL673sM1QFSSyLP5XcqD,,,MOONDEV77461 followers
LooterOnSol,LooterOnSol,https://pump.fun/profile/FQxmYnEWHN5HM9wTj9QGA9zKDSiAqubXAypcbgtiAte4,,,LooterOnSol97 followers
ExaltedNibbler,ExaltedNibbler,https://pump.fun/profile/28Q7AmXqV76h7GwvMKocr9XVs4vpDKkF7GtRg2twNYov,,,ExaltedNibbler30 followers
KelBel,KelBel,https://pump.fun/profile/Er5aiFKFRw3yA5bga4KWAT3ZZwDb5czduD3Z3etQfHjb,,,KelBel25 followers
fancynarwhal881,fancynarwhal881,https://pump.fun/profile/DQYeSc3qYzc1jMcpbzDvavUeXzd5qsJG3pV7Xtk3gVyx,,,fancynarwhal88115 followers
alisma,alisma,https://pump.fun/profile/BfZt6uvuibXqysxCxhH6Z9Yt7dbyQAsUXiFDy39J3ncf,,,alisma9 followers
MemeWinterAnon,MemeWinterAnon,https://pump.fun/profile/81ktiroteUgzfzArf88HUkLM4KGFRnxzDnZaFm5XEaKq,,,
Dborg808,Dborg808,https://pump.fun/profile/CYiPYZWGRJXnEcdmuYgN7xsZdoMtrP12H895A4NYzkog,,,Dborg808208 followers
0xjahcure,0xjahcure,https://pump.fun/profile/2xmsC9db9tHKJ4bZAH6DS4k4zpbfGKGQ9roMdMj3LeoA,,,0xjahcure124 followers
Amelia_BR,Amelia_BR,https://pump.fun/profile/4uyEwziCPw8uZKAJb1nWmLQG2iHvjYdBXsF9Z4R6fhj4,,,Amelia_BR28 followers
7e9,7e9,https://pump.fun/profile/7E9jfxCczubz4FXkkVKzUMHXGwzJxyppC4m7y3ew8ATg,,,7e9916 followers
clearlobster611,clearlobster611,https://pump.fun/profile/6vj4mbsEVy3Ac72QpJcDDPTo7tybDbKziGSSZqJZtM48,,,clearlobster611584 followers
Buck_,Buck_,https://pump.fun/profile/FaNaUysvKBbfoRAhu7P7R5wPfHe7PaCXs9xy5LgLj3gu,,,Buck_308 followers
Olim_e_acc,Olim_e_acc,https://pump.fun/profile/DcKsPLR83siqxocGxDMGt6PD5QhD2NkEf4d73AhELWSg,,,Olim_e_acc302 followers
Woozy24,Woozy24,https://pump.fun/profile/9tRff7L6Mx3ZDNBoGPffdjD3c9JNzLc3nxzadYH4TnAp,,,Woozy24246 followers
bluenarwhal9277,bluenarwhal9277,https://pump.fun/profile/BfQ6thDqHWSTTLezVLxWbwKMWkuz99Nkmevy2MvggHre,,,bluenarwhal9277241 followers
incapable777,incapable777,https://pump.fun/profile/8kSgQ5qU89oxRGQcHo6diyPy9cmfu1pn5mU86Qmmd4NZ,,,incapable777192 followers
GekkoCTO,GekkoCTO,https://pump.fun/profile/DHbupXg67wAZFcGbbsnHCHAwt7oNag91WzM5oG7Fcixv,,,GekkoCTO155 followers
QuartzTrenchAsh,QuartzTrenchAsh,https://pump.fun/profile/EQFgSvmavjfcvovYvgfETTcYvYzpHntqxkvDUViBTtZr,,,QuartzTrenchAsh130 followers
xai007,xai007,https://pump.fun/profile/B1SHrooz66PpN9dGeJUA9YSGWUUy14KqxFycNG858qmM,,,xai007127 followers
psykogem0,psykogem0,https://pump.fun/profile/2da99662-df5e-4b84-bbb7-6aa42f707307,,,psykogem0101 followers
epickrakendated,epickrakendated,https://pump.fun/profile/APyhf4qVVCqykkYGQomNhrkJFUuY6BeUHijd9A5rdYwm,,,epickrakendated91 followers
ApedAthAgain,ApedAthAgain,https://pump.fun/profile/HmD5X1vNvRumzrcKYZCpPs47NtuC6bx5VM1dn9RW5s8D,,,ApedAthAgain88 followers
alphasquideight,alphasquideight,https://pump.fun/profile/5RRsxgds64FUMKNSYPug92L5AJgvQkr6cHrauWa4HtSY,,,alphasquideight72 followers
rolling_dice,rolling_dice,https://pump.fun/profile/9QpFqhXV6DivWpkiJH9eJ6NChMackNwJMUHXUp8RDyHS,,,rolling_dice46 followers
spiraltuna18965,spiraltuna18965,https://pump.fun/profile/BJ8L9viuBuRPfHBhZPfw9Q4g5oHtLmFax57S4TTz4Y4h,,,spiraltuna1896543 followers
awedwhale07293,awedwhale07293,https://pump.fun/profile/2fKF69VT6xs4bCRjEP4djip7MuoFHL1JMyrQmzprbtri,,,awedwhale0729326 followers
GekkoArmy,GekkoArmy,https://pump.fun/profile/7bf2c9e8-34d9-4883-b2e6-0426074954ad,,,GekkoArmy20 followers
blocksdotfun,blocksdotfun,https://pump.fun/profile/bLockp4bFtWRTbLbum9MdLp1izEkVZYRBCeQEkDn7My,,,blocksdotfun19 followers
TulipUniqueCrib,TulipUniqueCrib,https://pump.fun/profile/VYBEbFTZonJpAECuNFaPuaNnofY4mqVyT4RhjiuBR5W,,,TulipUniqueCrib10 followers
