profile_name,pump_handle,pump_profile_url,x_handle,x_url,followers
ansemconzimp,ansemconzimp,https://pump.fun/profile/GV6UUmNxz2RpKxmNAPadYKb7uQpszwqQAu3qLJxVdC52,blknoiz06,https://x.com/blknoiz06,ansemconzimp202K followers
gr3gor14n,gr3gor14n,https://pump.fun/profile/J23qr98GjGJJqKq9CBEnyRhHbmkaVxtTJNNxKu597wsA,gr3gor14n,https://x.com/gr3gor14n,gr3gor14n194K followers
slingoor,slingoor,https://pump.fun/profile/5YRgrP3mjGzrzirYYN5HAQH19cTYREYwGxW6XRJQUzij,slingoorio,https://x.com/slingoorio,slingoor183K followers
J777Crypto,J777Crypto,https://pump.fun/profile/4UrFSCrGxgoCtCUBAEZq7ZmPK3Pczkxx7PwYnkBMi1KR,J777Crypto,https://x.com/J777Crypto,J777Crypto171K followers
FlippingProfits,FlippingProfits,https://pump.fun/profile/DdM1tyCdoEyoxYYmGMjdf5rRPcpmj3UzZTpE7ScuTf7d,Flippingprofits,https://x.com/Flippingprofits,FlippingProfits161K followers
marcell,marcell,https://pump.fun/profile/6vbrTLsWy76TxDQAUKLqZrPohQuq6EVaJgfGzR82paFa,MarcellxMarcell,https://x.com/MarcellxMarcell,marcell158K followers
cooker,cooker,https://pump.fun/profile/8deJ9xeUvXSJwicYptA9mHsU2rN2pDx37KWzkDkEXhU6,CookerFlips,https://x.com/CookerFlips,cooker146K followers
hexiecs,hexiecs,https://pump.fun/profile/21rgbFW6sujQovCw3qt6R2EdE97Yzzvk8sSc37Bb72Cm,hexiecs,https://x.com/hexiecs,hexiecs144K followers
daumen,daumen,https://pump.fun/profile/8MaVa9kdt3NW4Q5HyNAm1X5LbR8PQRVDc1W8NMVK88D5,daumenxyz,https://x.com/daumenxyz,daumen134K followers
cupsey,cupsey,https://pump.fun/profile/6DQAGJT7VZPVBsuG4kn3AvpyHCEi7B2RFFvMZdbqQqqP,Cupseyy,https://x.com/Cupseyy,cupsey134K followers
onlyljc,onlyljc,https://pump.fun/profile/6HJetMbdHBuk3mLUainxAPpBpWzDgYbHGTS2TqDAUSX2,OnlyLJC,https://x.com/OnlyLJC,onlyljc133K followers
nyhrox,nyhrox,https://pump.fun/profile/6S8GezkxYUfZy9JPtYnanbcZTMB87Wjt1qx3c6ELajKC,nyhrox,https://x.com/nyhrox,nyhrox129K followers
Dior,Dior,https://pump.fun/profile/87rRdssFiTJKY4MGARa4G5vQ31hmR7MxSmhzeaJ5AAxJ,Dior100x,https://x.com/Dior100x,Dior128K followers
_logjam,_logjam,https://pump.fun/profile/AH39BneW9UeWxQysUcwogQrYFdPvJuRVZ5w4ccq9SKfL,_logjam,https://x.com/_logjam,_logjam127K followers
cap,cap,https://pump.fun/profile/CAPn1yH4oSywsxGU456jfgTrSSUidf9jgeAnHceNUJdw,cap100x,https://x.com/cap100x,cap126K followers
ily,ily,https://pump.fun/profile/AcoNeFQsTPYs7ZrH8RMWaxxGJTTQJJ4H5aTXmptaz5UK,ilyunow,https://x.com/ilyunow,ily126K followers
jackduvalcalls,jackduvalcalls,https://pump.fun/profile/BAr5csYtpWoNpwhUjixX7ZPHXkUciFZzjBp9uNxZXJPh,jackduval,https://x.com/jackduval,jackduvalcalls124K followers
mirage,mirage,https://pump.fun/profile/9oqcX4mTVdLP7MDs7ZTL7jueW5EMjXTx7bwqy57cEuww,miragemunny,https://x.com/miragemunny,mirage124K followers
punter,punter,https://pump.fun/profile/BGSecfpdtCSa5xLfjYkmXKtzJgaUxpdLAsCiNkbxVm8o,punter_punts,https://x.com/punter_punts,punter121K followers
six666888eight,six666888eight,https://pump.fun/profile/2jgmHtkCkJXm3Xq4dp9DgippkQjXLK3rhaREAz7oG7s7,six666888eight,https://x.com/six666888eight,six666888eight120K followers
zinc,zinc,https://pump.fun/profile/AK18Ru6UzvbhBWcfnhALuMM4hSXvyDCmvMkrZD3QQqrU,zinceth,https://x.com/zinceth,zinc112K followers
POORGOAT___,POORGOAT___,https://pump.fun/profile/8k1sAmVUjzaZkxqexeYkCPphjcQobYugQeGmCyvKtHNG,PoorGoat_,https://x.com/PoorGoat_,POORGOAT___109K followers
hashbergers,hashbergers,https://pump.fun/profile/DNsh1UfJdxmze6T6GV9QK5SoFm7HsM5TRNxVuwVgo8Zj,Hashbergers,https://x.com/Hashbergers,hashbergers108K followers
sapijiju,sapijiju,https://pump.fun/profile/6i2aHtxfqkC2biTo98FSkP59FVHPKFRLZWDbdghN6WKK,sapijiju,https://x.com/sapijiju,sapijiju108K followers
asta,asta,https://pump.fun/profile/2MRDbEMVJgmV6fnkQDaeFicEMtw6BqV81284goJ6dKtc,astaso1,https://x.com/astaso1,asta106K followers
goyim,goyim,https://pump.fun/profile/G3gZWqrYkNmYFKYCyfRCNtGuxdyuE2wiYKkZpiZn4WSS,goyimpnl,https://x.com/goyimpnl,goyim104K followers
SoloFNF,SoloFNF,https://pump.fun/profile/GccvEcZqMrcNdp3CarCasGdN5dUfdQ4wZ6iQsk5myRzX,SoloFNF,https://x.com/SoloFNF,SoloFNF103K followers
runitbackghost,runitbackghost,https://pump.fun/profile/ApRnQN2HkbCn7W2WWiT2FEKvuKJp9LugRyAE1a9Hdz1,runitbackghost,https://x.com/runitbackghost,runitbackghost103K followers
mdudas,mdudas,https://pump.fun/profile/FuP8dYQytaThMh9Fg2XNd1Z1eNHxMHW92kVUfWf3TnmD,mdudas,https://x.com/mdudas,mdudas102K followers
axe,axe,https://pump.fun/profile/5MztePcdvyzJr4Dd1Wj15scXEeddst1sMp759aNWf7gm,trading_axe,https://x.com/trading_axe,axe95.9K followers
orange,orange,https://pump.fun/profile/2X4H5Y9C4Fy6Pf3wpq8Q4gMvLcWvfrrwDv2bdR8AAwQv,OrangeSBS,https://x.com/OrangeSBS,orange95K followers
ogantd,ogantd,https://pump.fun/profile/215nhcAHjQQGgwpQSJQ7zR26etbjjtVdW74NLzwEgQjP,0GAntD,https://x.com/0GAntD,ogantd93.5K followers
RoaringKitty,RoaringKitty,https://pump.fun/profile/HVaeUPbAwFhZnY8T3MrUzTWqpHiAbTU1NACmCQdJrqZp,RoaringKitty,https://x.com/RoaringKitty,RoaringKitty90.9K followers
PUNISHEDJINGTAO,PUNISHEDJINGTAO,https://pump.fun/profile/7yuqR9JAgohMibPrB8rpryCzTrQSU9Fprrsuj2Z5VRf7,PUNISHEDJINGTAO,https://x.com/PUNISHEDJINGTAO,PUNISHEDJINGTAO90.8K followers
machi,machi,https://pump.fun/profile/27nKnCT3DD5NLJw3xbq3KDL3thx6KTe6DmrRCbi2uszE,machibigbrother,https://x.com/machibigbrother,machi89.8K followers
leap_xyz,leap_xyz,https://pump.fun/profile/EppTis6BBUNH3kvPSAyeRxhPVTzzahUPijd8c5L3tfca,leap_xyz,https://x.com/leap_xyz,leap_xyz89.8K followers
CrashiusClay69,CrashiusClay69,https://pump.fun/profile/4NgEJMGCvP5fJWAH4CPPsBXMW4yCK6dtCBNjkLJ4s5EL,CrashiusClay69,https://x.com/CrashiusClay69,CrashiusClay6989.2K followers
rowdy,rowdy,https://pump.fun/profile/FzpSqJeJRSBxrySAE34vjyB5VQeVVg5tMMrnxrCu9ffj,RowdyCrypto,https://x.com/RowdyCrypto,rowdy88.8K followers
waste,waste,https://pump.fun/profile/FqJMNzzY1DHz2F1Pt6F7VqCxBWdu8cK2TbfTrYT9zQbT,wastemanagem3nt,https://x.com/wastemanagem3nt,waste88.6K followers
undercoverwhale,undercoverwhale,https://pump.fun/profile/79nMjs72wH4wDJXrHMK71UnfKPSaBmNHJ21kfh3KCDV3,undercoverwhale,https://x.com/undercoverwhale,undercoverwhale85.8K followers
realgainzy,realgainzy,https://pump.fun/profile/Fv7ubG15npHzRTKqg8AkAwNNMLaaTgecGWt3yoTmfUWT,gainzy222,https://x.com/gainzy222,realgainzy85.7K followers
panic,panic,https://pump.fun/profile/8k1BPp8pCxq7RJxxBz3BUxvBjsfjhkHKnhr2WSQABGM9,panicselling,https://x.com/panicselling,panic84K followers
json1444,json1444,https://pump.fun/profile/5DXpVEj7C7kNSmQNPoQtk8fBBBCUJBHdJbHg4J8t3HxH,json1444,https://x.com/json1444,json144484.1K followers
rookiexbt,rookiexbt,https://pump.fun/profile/H61fn1qiMi7esgnRe7FDxp5CRmafSafyABkuxwVdSV3t,RookieXBT,https://x.com/RookieXBT,rookiexbt81.8K followers
TheMisterTurtle,TheMisterTurtle,https://pump.fun/profile/4DdrfiDHpmx55i4SPssxVzS9ZaKLb8qr45NKY9Er9nNh,TheMisterTurtle,https://x.com/TheMisterTurtle,TheMisterTurtle79.8K followers
Yennii56,Yennii56,https://pump.fun/profile/5B52w1ZW9tuwUduueP5J7HXz5AcGfruGoX6YoAudvyxG,Yennii56,https://x.com/Yennii56,Yennii5674K followers
traderpow,traderpow,https://pump.fun/profile/3NbL2gNYoZ2fXnpsxNwMWdpHhw2f9tfbSxBR5JwcWpKY,traderpow,https://x.com/traderpow,traderpow73.7K followers
0xSun,0xSun,https://pump.fun/profile/F6mEJf6reUh6nUy6pFajWHSz4aKVwMs4BwpsMqs97839,0xSunNFT,https://x.com/0xSunNFT,0xSun73.4K followers
untaxxable,untaxxable,https://pump.fun/profile/2T5NgDDidkvhJQg8AHDi74uCFwgp25pYFMRZXBaCUNBH,untaxxable,https://x.com/untaxxable,untaxxable69.2K followers
hdegroot,hdegroot,https://pump.fun/profile/4y2T1ghykCTq4EddoXjptZamk4qAsqcZw6eKxS8jdvE1,hdegrootvan,https://x.com/hdegrootvan,hdegroot67.1K followers
The__Solstice,The__Solstice,https://pump.fun/profile/4ugDhHJ8XDXAeABmrNmGffFaLbJb9BkPyiFGVSV9ocwo,The__Solstice,https://x.com/The__Solstice,The__Solstice61.5K followers
wirelyss,wirelyss,https://pump.fun/profile/AvGiSdrkwtGYhrrFXZPtdhNhV4pASUR67TmRjfaKGdMP,wirelyss,https://x.com/wirelyss,wirelyss59.3K followers
jijo,jijo,https://pump.fun/profile/4BdKaxN8G6ka4GYtQQWk4G4dZRUTX2vQH9GcXdBREFUk,jijo_exe,https://x.com/jijo_exe,jijo57.1K followers
_fox09,_fox09,https://pump.fun/profile/DAEdBmTPEKM6xkwfzC3d411QUe6coKpkND6UURa4CvHC,_fox09,https://x.com/_fox09,_fox0947.4K followers
onlyzhynx,onlyzhynx,https://pump.fun/profile/zhYnXqK3MNSmwS3yxSvPmY5kUa1n2WUaCJgYUDrAHkL,onlyzhynx,https://x.com/onlyzhynx,onlyzhynx14.8K followers
kilorippy,kilorippy,https://pump.fun/profile/8ay3jcXQPSnvBhee7AdDcYWtW2R67rtaq98Mx5PVK3Rp,kilorippy,https://x.com/kilorippy,kilorippy14.4K followers
retardmode,retardmode,https://pump.fun/profile/ASv4ktNwZ8uBbUj94ACnr7Nj1sTtcYnEUZgWxkMsakA7,retardmode,https://x.com/retardmode,retardmode12.1K followers
Magi,Magi,https://pump.fun/profile/4Qk1Vc54N8S4FgxrhSWnPD8r287zsLwLbHubLMfvZygv,profitmaxxing,https://x.com/profitmaxxing,Magi11.1K followers
defidarling,defidarling,https://pump.fun/profile/2oHsGWdPkHoCfesoUfJHQfjnaethvUuYvEANQByghpXd,defidarling,https://x.com/defidarling,defidarling10.1K followers
TraderMarlow,TraderMarlow,https://pump.fun/profile/8H14bK23kreBrsiXrjXJ5TGuB4n4V3xA9XoSJb5RAnHR,marlowlowlowlow,https://x.com/marlowlowlowlow,"TraderMarlow8,857 followers"
papipablo,papipablo,https://pump.fun/profile/3BLjRcxWGtR7WRshJ3hL25U3RjWr5Ud98wMcczQqk4Ei,Saint_pablo123,https://x.com/Saint_pablo123,"papipablo7,718 followers"
bizzy,bizzy,https://pump.fun/profile/FL4j8EEMAPUjrvASnqX7VdpWZJji1LFsAxwojhpueUYt,0xBiZzy,https://x.com/0xBiZzy,"bizzy6,009 followers"
Gains,Gains,https://pump.fun/profile/Gainsdr1kr3bEm5v3NV782v5PgrZD5QHhhcV2zRsYetS,MissionGains,https://x.com/MissionGains,"Gains5,306 followers"
croccapital,croccapital,https://pump.fun/profile/41xvyT53tY5RWGw5yM1Wb8fs3YkD6chusmXprMvKs2P2,croceatchart,https://x.com/croceatchart,"croccapital5,283 followers"
brokeboyobie,brokeboyobie,https://pump.fun/profile/7Tq4tSb7SnrdHVu7jvj5cbkXzzuMaym2v26613ZjYouk,BrokeBoyObie,https://x.com/BrokeBoyObie,"brokeboyobie5,259 followers"
DaniWorldwide,DaniWorldwide,https://pump.fun/profile/3vhdQzvkK6gceaKGQcCcFamFy7veWhHz3JPkHGE8kqbt,DaniWorldwide,https://x.com/DaniWorldwide,"DaniWorldwide5,217 followers"
downsin,downsin,https://pump.fun/profile/12aV8MEJPqbfbGEf894Top9mBk6tCAm7W4qSPvdmonke,downsin,https://x.com/downsin,"downsin4,032 followers"
fence,fence,https://pump.fun/profile/533rEGRfRCBEdYLMufRUs1aDXRkFppeDmdrEc77Dhfqs,f_nc_y,https://x.com/f_nc_y,"fence3,668 followers"
metaversejoji,metaversejoji,https://pump.fun/profile/5HmJgXFyGnb4ogJ58vNFwqapTZQ1Wn1HpVWPtP9GTDCR,metaversejoji,https://x.com/metaversejoji,"metaversejoji2,499 followers"
charto,charto,https://pump.fun/profile/CCUcjek5p6DLoH2YNtjizxYhAnStXAQAGVxhp1cYJF7w,elchartox,https://x.com/elchartox,"charto2,360 followers"
xander,xander,https://pump.fun/profile/B3wagQZiZU2hKa5pUCj6rrdhWsX3Q6WfTTnki9PjwzMh,xandereef,https://x.com/xandereef,"xander2,458 followers"
MidCurveMortal,MidCurveMortal,https://pump.fun/profile/5CPYGy2F3hdBE5b2JXnXwbHmxL3rnGX1Lxp6K72zpKc7,MidCurveMortal,https://x.com/MidCurveMortal,"MidCurveMortal1,747 followers"
CryptoZachLA,CryptoZachLA,https://pump.fun/profile/C1RhFU5pmD4FcQGUi4MP3nzbLQf5vBJDfLLjCMPLnLLN,CryptoZachLA,https://x.com/CryptoZachLA,"CryptoZachLA1,729 followers"
betmoree,betmoree,https://pump.fun/profile/991Mi3sGxGCxVsBnRTYBGwxKxNXxMksyMFo85cqxsuML,Betmoreee,https://x.com/Betmoreee,"betmoree1,517 followers"
zenith_,zenith_,https://pump.fun/profile/G2183s761D6BH9LNTgaWebgM2Gxb6SCvxwxLVLGW7usP,wagmiapk,https://x.com/wagmiapk,zenith_904 followers
miagia,miagia,https://pump.fun/profile/HvcUqhTTkBye3YcqwKAy3j9Bj6pTJaY3UJq1mzajmF3g,miagia,https://x.com/miagia,miagia778 followers
wiq,wiq,https://pump.fun/profile/7kP7iwKDPUTdc3W7kJQgDGBEwLCnMbUcYW8SDGDAPNYq,imzerx,https://x.com/imzerx,wiq685 followers
prezthedegen,prezthedegen,https://pump.fun/profile/G4ufZvEShynePQH4t5HVQu91q6kgn1eZ6q9GYkSLeYuk,prezthedegen,https://x.com/prezthedegen,prezthedegen665 followers
Acidrainbowhalo,Acidrainbowhalo,https://pump.fun/profile/DyaLWhFHV8XbnBFEez8YK9Qz1ZX8AxkR9wNMSHqJrg2,AcidRainbowHalo,https://x.com/AcidRainbowHalo,Acidrainbowhalo653 followers
BillyETT,BillyETT,https://pump.fun/profile/2DFhptSu1RZLyYTe6LVu7qb2ZG7wPE36q6Kg7Px5t6YF,BillyyETT,https://x.com/BillyyETT,BillyETT441 followers
swizzle,swizzle,https://pump.fun/profile/2BJ3BrNytDBv2F61yJQoEwvNPVu8RtGFJnhckLaMUHsj,SolSwizzle,https://x.com/SolSwizzle,swizzle380 followers
barton,barton,https://pump.fun/profile/HUP4PBdrLS2s89Lv1RoJZCaQ2ycJj8mXyvtU1o2NGGf5,BartonClips,https://x.com/BartonClips,barton205 followers
Timon_The_OG,Timon_The_OG,https://pump.fun/profile/H8zR1it9QJuXegnzvRWyF9X98zvLviZduWoSYoAjoAVj,timontheog,https://x.com/timontheog,Timon_The_OG82 followers
chairman,chairman,https://pump.fun/profile/Be24Gbf5KisDk1LcWWZsBn8dvB816By7YzYF5zWZnRR6,Chairman_DN,https://x.com/Chairman_DN,chairman130K followers
schoen,schoen,https://pump.fun/profile/5hAgYC8TJCcEZV7LTXAzkTrm7YL29YXyQQJPCNrG84zM,Schoen_xyz,https://x.com/Schoen_xyz,schoen130K followers
shah,shah,https://pump.fun/profile/7xwDKXNG9dxMsBSCmiAThp7PyDaUXbm23irLr7iPeh7w,shahh,https://x.com/shahh,shah97.1K followers
pxblocito,pxblocito,https://pump.fun/profile/7Mwof5tBvNPC6e1zwtHRQynqXcuDpqqbeY9vSZLW2Bv8,pxblocito,https://x.com/pxblocito,pxblocito96.3K followers
KayThedoc,KayThedoc,https://pump.fun/profile/DYAn4XpAkN5mhiXkRB7dGq4Jadnx6XYgu8L5b3WGhbrt,KayTheDoc,https://x.com/KayTheDoc,KayThedoc88.4K followers
shadow,shadow,https://pump.fun/profile/3As7z4nCJeWx27YmjLfFFsW7cBbyAZNhwujcBhABj6MD,_Shadow36,https://x.com/_Shadow36,shadow81.5K followers
HopiumPapiChulo,HopiumPapiChulo,https://pump.fun/profile/72cCbFbLXhP3Ye4RYNZ1KLumBGvBD1QbKEL4ovC2gSUj,HopiumPapi,https://x.com/HopiumPapi,HopiumPapiChulo78.7K followers
asaprubi,asaprubi,https://pump.fun/profile/77n6X7LtGy5AZprsvjZu1eaekJpxqLeVRZLPJZdBYyg9,zRubizz,https://x.com/zRubizz,asaprubi10.4K followers
FinancialImprov,FinancialImprov,https://pump.fun/profile/4xd3Y2qvX43wwfLupdQVsE5ZTpnhXmpn8Dmf4Hufkj9n,fenrisgore_,https://x.com/fenrisgore_,"FinancialImprov4,904 followers"
staticc,staticc,https://pump.fun/profile/8qtXHiU9Cb84Kgz3HsSiJs2Z2kDB5pRadwi4fEuy8jzN,staticctrades,https://x.com/staticctrades,"staticc3,707 followers"
mickeymantled,mickeymantled,https://pump.fun/profile/9z332Pxs4xaz7CdE4sYPEHu9a9qrxcUTkbvMXVo1q1Q8,mickeymantled,https://x.com/mickeymantled,"mickeymantled3,071 followers"
Loopierr,Loopierr,https://pump.fun/profile/9yYya3F5EJoLnBNKW6z4bZvyQytMXzDcpU5D6yYr4jqL,Loopierr,https://x.com/Loopierr,"Loopierr2,854 followers"
fomomofosol,fomomofosol,https://pump.fun/profile/5SB6rUBTxBsJHt3G2KhqBHJGxSQ6czfHYkkM1oYHPNoi,fomomofosol,https://x.com/fomomofosol,"fomomofosol2,341 followers"
RashyGems,RashyGems,https://pump.fun/profile/g14J5Jtays7kzC81ynPxse6x79KdZFf6ABhBUuD5znE,Rashygems,https://x.com/Rashygems,"RashyGems2,290 followers"
fukupapers,fukupapers,https://pump.fun/profile/2iUf9W2o3pZ6iszEV9JWFYUKsATGt4Li5wAB5D2nFaXV,fukupapers,https://x.com/fukupapers,"fukupapers1,877 followers"
Xenou,Xenou,https://pump.fun/profile/3hspGQex8TYakiTyq4twm5PW7SpURSfwYPpH1unpogKL,StevenBrec,https://x.com/StevenBrec,"Xenou1,316 followers"
brc20niubi,brc20niubi,https://pump.fun/profile/BQ4KBzzXXk6ZMxVQb4mePuUbJfe85MerzYj53eatzUWd,brc20niubi,https://x.com/brc20niubi,brc20niubi108K followers
poe,poe,https://pump.fun/profile/7YndBV5gp3VvAiBbSfv8M7CoyMhFsiKeGYWkwee49fTg,poe_real69,https://x.com/poe_real69,poe103K followers
CryptoGodJohn,CryptoGodJohn,https://pump.fun/profile/AAcnkt8u8NgZBAPY5eUTSSc4oeHZNfB6dXsV1yWf8YSC,CryptoGodJohn,https://x.com/CryptoGodJohn,CryptoGodJohn102K followers
octosea,octosea,https://pump.fun/profile/BZXfMvCgrCQ5XYtPyWDmdjAistFmmTNah6Pzu9wydZRy,octoseaa,https://x.com/octoseaa,octosea99.5K followers
Cirrus,Cirrus,https://pump.fun/profile/f4CMmXJCRu4fzyqZPkDiFhGKAeCo1s7sxUtPKQp9SDy,CirrusNFT,https://x.com/CirrusNFT,Cirrus99.2K followers
midtermdevv,midtermdevv,https://pump.fun/profile/BvApEL9H3nnn2mezyUQQsSxvnwwBpkVFF3Yh61MZSruZ,MidTermDev,https://x.com/MidTermDev,midtermdevv98.9K followers
collectible,collectible,https://pump.fun/profile/EnPjBjzy6zaufzpZ2m3Q8nPS3KpyiRxNLKtcSiMYwWCa,collectible,https://x.com/collectible,collectible98.4K followers
cousin,cousin,https://pump.fun/profile/6mrqa4cDaqBCD9UrUiUyoK78e4AJ8XzRaF8uTbcuTVae,cousincrypt0,https://x.com/cousincrypt0,cousin94.6K followers
missor,missor,https://pump.fun/profile/7YH3iKAfg5Ua4YE6UvaNwFtBugTcnRDDSAFAsmjiws18,missoralways,https://x.com/missoralways,missor93.2K followers
ban,ban,https://pump.fun/profile/3fePC1HPWuWKtt1nUHg3xbEF5SfjuyJoG4Y2EpCbQhoi,Bancrypto__,https://x.com/Bancrypto__,ban92.5K followers
coyote,coyote,https://pump.fun/profile/jtrQbJXea4RgX1DekboPs6QoT7zC5MKCtKdtYv7V7Pu,4pfcoyote,https://x.com/4pfcoyote,coyote91.3K followers
MaisonGhost,MaisonGhost,https://pump.fun/profile/52houUTLXsy3a26PtkwShmUUoDBjyVmQCZkZ7syjjMS,MaisonGhost,https://x.com/MaisonGhost,MaisonGhost84.2K followers
kmoney,kmoney,https://pump.fun/profile/2mvGhorGBGZ4TZgGyRQozFYvDj2xwvYjxjvfVXkyNyQM,kmoney,https://x.com/kmoney,kmoney82.9K followers
Uniswapvillain,Uniswapvillain,https://pump.fun/profile/AusMtCwzrPnPoJUSHYUH9iogVwpWh2ESHC6xWU75tBDo,UniswapVillain,https://x.com/UniswapVillain,Uniswapvillain81.5K followers
counter17,counter17,https://pump.fun/profile/HsQnUgdVVUJNTTEe5mzpQFFi55oXq4UwcjByEFb3Rd52,0xcounter,https://x.com/0xcounter,counter1779.3K followers
Loshmi,Loshmi,https://pump.fun/profile/5CYEcx88NhdRaFw3pc5YNBXoiKa3EseD8BM7Bvs8NkaU,loshmi,https://x.com/loshmi,Loshmi74.9K followers
lunarfang,lunarfang,https://pump.fun/profile/GijFWw4oNyh9ko3FaZforNsi3jk6wDovARpkKahPD4o5,lunarfang_416,https://x.com/lunarfang_416,lunarfang66.3K followers
favel,favel,https://pump.fun/profile/FQqe7UPdWcwxcEoS1v5PnRq1cXGdXcCsxBm14XWhS7Zf,f4vel,https://x.com/f4vel,favel61.3K followers
jiggy,jiggy,https://pump.fun/profile/82JkzsyLnaS7V8qipcNuyX7UGw949mwgrLaK12Wt55Bn,0xJiggy,https://x.com/0xJiggy,jiggy61.1K followers
vein,vein,https://pump.fun/profile/4xbeoxDPTUeiaAvt5afxNtLHPYqUW7Xb3X4sK8sMvCqQ,veinvariance,https://x.com/veinvariance,vein58.8K followers
farokh,farokh,https://pump.fun/profile/J5ExSFQ5muDWxgDudaH4MPD2cye9zkL7HRhzP774YWLc,farokh,https://x.com/farokh,farokh58.9K followers
officialpatty,officialpatty,https://pump.fun/profile/GyqxVNvrGXZzi23ardvfiajEaQdstD9rMNoLqy3kbMWE,Pattyice,https://x.com/Pattyice,officialpatty57.5K followers
atom,atom,https://pump.fun/profile/5bps22YhEsT3SgY7JMzeXPtkvXAmz4GBQ1PTsE36s5SC,atom_xyz,https://x.com/atom_xyz,atom57.2K followers
Smokey0x,Smokey0x,https://pump.fun/profile/HSC43Vm4pA7CH6V3S6pSufcgythu19aKtaUqkAAtETMw,smokey0x,https://x.com/smokey0x,Smokey0x55.3K followers
evening,evening,https://pump.fun/profile/E7gozEiAPNhpJsdS52amhhN2XCAqLZa7WPrhyR6C8o4S,eveningxbt,https://x.com/eveningxbt,evening53K followers
Evan_ss6,Evan_ss6,https://pump.fun/profile/DRFYtw5eRrXdqE2aHknvKBvMVGogGxgxGG3sh2HptCn1,Evan_ss6,https://x.com/Evan_ss6,Evan_ss652.2K followers
spuno,spuno,https://pump.fun/profile/GfXQesPe3Zuwg8JhAt6Cg8euJDTVx751enp9EQQmhzPH,spunosounds,https://x.com/spunosounds,spuno50.3K followers
TylerD,TylerD,https://pump.fun/profile/23LAQiqYP77uDchq5k4W2SPUuZ7f1du9rt7KGUkXa36V,Tyler_Did_It,https://x.com/Tyler_Did_It,TylerD45.1K followers
fibs,fibs,https://pump.fun/profile/BXAWg4JbaeyvAHpiyYQ3Xr3bUh6FsyDHwwSkB5dmyGF,fibonacki,https://x.com/fibonacki,fibs42.2K followers
Mikasasolslayer,Mikasasolslayer,https://pump.fun/profile/2vVRQTV8pbC8a8bVVEmU3fE7Q3jwFrEFxJdmkmPfsVqH,mikasasolslayer,https://x.com/mikasasolslayer,Mikasasolslayer42K followers
Dawnnite,Dawnnite,https://pump.fun/profile/74YxQkkVCAPk4njqfwJSE6MFKcVECgZv3S4wuynnDGrD,dawnnitee,https://x.com/dawnnitee,Dawnnite37.1K followers
FaZeBlaze,FaZeBlaze,https://pump.fun/profile/FhwFLN5EtYtuUHmetiVxNCBd1tEitFvWwQq1XyizaYMA,FaZeBlaze,https://x.com/FaZeBlaze,FaZeBlaze31.6K followers
umbreon,umbreon,https://pump.fun/profile/8Fxc1gYmuR1fvQsnCXHnFCmimNpUZ4r5gopuVoM1pjvg,0xUmbreon,https://x.com/0xUmbreon,umbreon13.3K followers
peacefuldestroy,peacefuldestroy,https://pump.fun/profile/8AtQ4ka3dgtrH1z4Uq3Tm4YdMN3cK5RRj1eKuGNnvenm,peacefuldestroy,https://x.com/peacefuldestroy,peacefuldestroy13.2K followers
impose,impose,https://pump.fun/profile/B3LuC4vz1JuHrQAoK4Todgcu75vmD5Z9pWTFBxw5XigZ,Impose_eth,https://x.com/Impose_eth,impose11.1K followers
foreskin,foreskin,https://pump.fun/profile/DrkWK9ew2NneZMLvX8vfVsYRunk9hb6SHcKr11RJphEB,Foreskinnnnn,https://x.com/Foreskinnnnn,foreskin10.5K followers
Aurelius,Aurelius,https://pump.fun/profile/9BMzTpSo4URse1oN666pmexhdjpU1vA5p7LtroCFQdLU,Aurelius0121,https://x.com/Aurelius0121,Aurelius12K followers
travisbickle,travisbickle,https://pump.fun/profile/9BKsW5UtV4dPzzdeC9M2MmGdHrA8jH1EZo5jzXkXciPP,travisbickle0x,https://x.com/travisbickle0x,"travisbickle8,300 followers"
Overdose_ai,Overdose_ai,https://pump.fun/profile/6aqJP98YmnJ6PJGKnngJHEUe8RB51tMPJgbnwRAbCXRE,Overdose_Ai,https://x.com/Overdose_Ai,"Overdose_ai7,209 followers"
sized,sized,https://pump.fun/profile/5LprzVTseZMU9wVujzKwV1xe4gfejfkPcoDkYTEKisGb,sized_in,https://x.com/sized_in,"sized6,629 followers"
bsol_x,bsol_x,https://pump.fun/profile/9EkcRCqFHP3QxyMmtMUNKLZSa6YrU7Uhc8yQNdKf34Eg,bsol_x,https://x.com/bsol_x,"bsol_x6,392 followers"
Yogurt,Yogurt,https://pump.fun/profile/E2WFFdE4FnsvHfoCdT8Funjm6XknWenevV5cAYaxtqJe,yogurt_eth,https://x.com/yogurt_eth,"Yogurt5,613 followers"
seanlippel,seanlippel,https://pump.fun/profile/B57KoeTNWMTB87Sg28PaWjSGXeYAuk4n613VL1VCarRq,seanlippel,https://x.com/seanlippel,"seanlippel5,159 followers"
ponzitrader,ponzitrader,https://pump.fun/profile/9M2XsDhrSpdt2xPbPWofm4fYUkLsM3mNbjZP3uYuYDzL,buyerofponzi,https://x.com/buyerofponzi,"ponzitrader4,867 followers"
coreyape,coreyape,https://pump.fun/profile/3P3Tr5HErnSSqmNrjGXBaACxQj3NmKfi3Efbu5FuuY7i,Corey_Ape,https://x.com/Corey_Ape,"coreyape4,438 followers"
shaams,shaams,https://pump.fun/profile/EZYvsE8V74qRpCRcjzHa4k6qF9NR2W8ySMHdsGQv22TY,shaams,https://x.com/shaams,"shaams3,672 followers"
bagcalls,bagcalls,https://pump.fun/profile/4AHgEkTsGqY77qtde4UJn9yZCrbGcM7UM3vjT3qM4G5H,BagCalls,https://x.com/BagCalls,"bagcalls2,758 followers"
bitcoinpalmer,bitcoinpalmer,https://pump.fun/profile/GkQwajvMQ4h2DSrZX4YuTKjtGNm3PDRuKjEAdSRHjhD2,bitcoinPalmer,https://x.com/bitcoinPalmer,"bitcoinpalmer1,922 followers"
spidercrypto0x,spidercrypto0x,https://pump.fun/profile/J9HqxT4U39B45YcXxL4B1GZzdhSrXFr2N2Lam4bXrQeB,SpiderCrypto0x,https://x.com/SpiderCrypto0x,"spidercrypto0x1,875 followers"
Kaaox,Kaaox,https://pump.fun/profile/3j5c4aD1aznxQXJ3DWw1b7UD8kKuaqXVbpaVeWPR83TG,xKaaox,https://x.com/xKaaox,"Kaaox1,868 followers"
chimpfone,chimpfone,https://pump.fun/profile/HCe4LWohhrzN5NTizxgi5mVBzN6qNGvoUsPsWFVTgEBJ,chimpfone,https://x.com/chimpfone,"chimpfone1,747 followers"
SizeChad,SizeChad,https://pump.fun/profile/D8jEC8CT6VQXZ9U2i8sFEDyGQSqava8CPt9gq4t7LMah,SizeChad,https://x.com/SizeChad,"SizeChad1,683 followers"
Tommy,Tommy,https://pump.fun/profile/8NHJFN7uUoF5c6BT75FKtUZsGgf7XMjpMJvwRZnzBgDa,CryptoTomYT,https://x.com/CryptoTomYT,"Tommy1,589 followers"
yumiebb,yumiebb,https://pump.fun/profile/Gh4YgP7RqtPZx87y88MB4bTWY1TJ2XMLp4itqUMHR83y,yumiebbx,https://x.com/yumiebbx,"yumiebb1,562 followers"
moonpie666,moonpie666,https://pump.fun/profile/9FjPQhimTnWEqhYV4AThbL1h9cXgX9Dh9UXoW1t5jaJB,mushmoonz,https://x.com/mushmoonz,"moonpie6661,357 followers"
Senzu,Senzu,https://pump.fun/profile/5m1Yep2wUzXnb9ypGREyDb3v8Q8RTT5ejVLnEXiTALRh,0xSenzu,https://x.com/0xSenzu,"Senzu1,287 followers"
s0rry,s0rry,https://pump.fun/profile/HWaKJXeHTBRn9r1tQFcGSf1Z7o4iExYyrvyMTwYgseXF,s0rry_sms,https://x.com/s0rry_sms,s0rry946 followers
opportunist_,opportunist_,https://pump.fun/profile/AGq77pfqHyyJ7hiLdw6CRwgWRJwcZUmTfVuXd5GJV4XY,thatchillguylol,https://x.com/thatchillguylol,opportunist_419 followers
croakie,croakie,https://pump.fun/profile/7fEXteaTtmX1uR8fpChEXsevM4icH5vq8LNL9dzDupX2,croakie_,https://x.com/croakie_,croakie124K followers
SossaDotKek,SossaDotKek,https://pump.fun/profile/2M2vLX34LXMg24dMEnjWHvRXS1tshpEDRWzmXgV8ENNZ,GeoffO7,https://x.com/GeoffO7,SossaDotKek116K followers
1000XCryptoD,1000XCryptoD,https://pump.fun/profile/5f1AoBaqeBZ3sQhNVQp7xYANb7ykj4xzYBh8eW5RYyFE,CryptoDevinL,https://x.com/CryptoDevinL,1000XCryptoD113K followers
archelon,archelon,https://pump.fun/profile/FNcrF6nt9BXswJrHom4hNmXCeW9no2C8wKh5UqdP8ueu,berdushsol,https://x.com/berdushsol,archelon112K followers
jeets,jeets,https://pump.fun/profile/D1H83ueSw5Nxy5okxH7VBfV4jRnqAK5Mm1tm3JAj3m5t,ieatjeets,https://x.com/ieatjeets,jeets109K followers
liarliar,liarliar,https://pump.fun/profile/6G8Cu53PRgm5aPHxMaZRguYHJfaNxmnmgoR129cKMvJk,jaehnig01,https://x.com/jaehnig01,liarliar105K followers
cented69420,cented69420,https://pump.fun/profile/CyaE1VxvBrahnPWkqm5VsdCvyS2QmNht2UFrKJHga54o,Cented7,https://x.com/Cented7,cented69420104K followers
limfork,limfork,https://pump.fun/profile/BQVz7fQ1WsQmSTMY3umdPEPPTm1sdcBcX9sP7o6kPRmB,Limfork,https://x.com/Limfork,limfork101K followers
dex,dex,https://pump.fun/profile/2VKv5Kc2mwWVsANnHdLRuESoxgkSkgCBcrrjenYv6tyw,igndex,https://x.com/igndex,dex97.7K followers
whereslodo01,whereslodo01,https://pump.fun/profile/6FWhUybWmnjsQ933v2r6o7bhEG5yH9g9XsV7NVWKj5EW,WheresLodo01,https://x.com/WheresLodo01,whereslodo0196.6K followers
iapetops1,iapetops1,https://pump.fun/profile/AX7b5uUFk7hApBeccB2nX1hSEwA7DPcF5WBmjRH6VgBK,dannyyum213,https://x.com/dannyyum213,iapetops195.9K followers
Nexybtw,Nexybtw,https://pump.fun/profile/24L6uekgvsQRgT41DZRhahEAAVnkseTT7x4qyigC3HvH,Nexybtw,https://x.com/Nexybtw,Nexybtw94.2K followers
Anglio,Anglio,https://pump.fun/profile/2ksQ77e9e5SS6VA6poanRGWfkU3R4R5wZnptbJHb2nx9,anglio,https://x.com/anglio,Anglio94.6K followers
hachuping,hachuping,https://pump.fun/profile/HqBs3RVM5aRjcdjq9dVgi9Uuxgaqhqe4NyWF15vuYgAR,bujaeyo,https://x.com/bujaeyo,hachuping93.8K followers
chriskogias,chriskogias,https://pump.fun/profile/3JQvkiF2GKfca3ggMPRwTHmzvnj6emReuSFwSrBBonp5,ChrisKogias,https://x.com/ChrisKogias,chriskogias92.9K followers
thedetective,thedetective,https://pump.fun/profile/6qudAN2kV8mtCcYJxb5QQ6Vr15itdHHdeVbYm99NKMhy,MemeRetire,https://x.com/MemeRetire,thedetective92.6K followers
Nxive,Nxive,https://pump.fun/profile/BErefQbhNNxVSNwArhAr5NzsjUEwh9YrpnbsXyxMjbxg,Nxive100x,https://x.com/Nxive100x,Nxive91.7K followers
alxcooks,alxcooks,https://pump.fun/profile/89HbgWduLwoxcofWpmn1EiF9wEdpgkNDEyPjzZ72mkDi,alxcooks,https://x.com/alxcooks,alxcooks92K followers
icedknife,icedknife,https://pump.fun/profile/DrJ6SnDXkEsPeGdmSs93v5rwWumv5QMvAGSZjAyWSd5o,IcedKnife,https://x.com/IcedKnife,icedknife90.7K followers
megga,megga,https://pump.fun/profile/H31vEBxSJk1nQdUN11qZgZyhScyShhscKhvhZZU3dQoU,Megga,https://x.com/Megga,megga89.1K followers
cwuhn4,cwuhn4,https://pump.fun/profile/CwUHN4zTn5wiEYoZjsP4FrDvAT9heDWewCTQjhgwhJqS,cwuhn4,https://x.com/cwuhn4,cwuhn487.8K followers
7honest6,7honest6,https://pump.fun/profile/FM1YCKED2KaqB8Uat8aB1nsffR1vezr7s6FAEieXJgke,7honest6,https://x.com/7honest6,7honest688.2K followers
0xEthan,0xEthan,https://pump.fun/profile/6yVb4pxNwDfr6rovwNnBg3SyKSvDcHGD4WdFPN1JJBqm,0xEthan,https://x.com/0xEthan,0xEthan87.7K followers
y22,y22,https://pump.fun/profile/2NsevsKWiaDtEiYF5gGLCVGNBwsLNibgppoiVPHHYrqq,real_y22,https://x.com/real_y22,y2286.9K followers
Crypto_Keys,Crypto_Keys,https://pump.fun/profile/Bmi9zf27MNN5pjCtyv2Y15TDQoYgcbcmPTxvEoQ6UwWs,crypto__keys,https://x.com/crypto__keys,Crypto_Keys88.3K followers
I4NFTS,I4NFTS,https://pump.fun/profile/4BKBwYZb5hnUKkvqPfefP7PWotHNUdWA9s22w7nV6xWw,I4NFTS,https://x.com/I4NFTS,I4NFTS87.1K followers
Smokez,Smokez,https://pump.fun/profile/5t9xBNuDdGTGpjaPTx6hKd7sdRJbvtKS8Mhq6qVbo8Qz,SmokezXBT,https://x.com/SmokezXBT,Smokez87.1K followers
bigbagsbobby,bigbagsbobby,https://pump.fun/profile/8oQoMhfBQnRspn7QtNAq2aPThRE4q94kLSTwaaFQvRgs,bigbagsbobby,https://x.com/bigbagsbobby,bigbagsbobby86.4K followers
ban_val,ban_val,https://pump.fun/profile/CzsxDQz6kPqrUoChLE1HYFJvj9HpgBrMys4vFFDqNdM5,wellitsover4me,https://x.com/wellitsover4me,ban_val85.9K followers
JoeyMoose,JoeyMoose,https://pump.fun/profile/B2A3cy7K1CNH9cNZWkPHSZ3pr7z9Fc5sUUg4wsEQSsRZ,JoeyMoose,https://x.com/JoeyMoose,JoeyMoose86.4K followers
trenchdigger,trenchdigger,https://pump.fun/profile/BHTp82S8GYKWEwcQBuW5zme3GpcT1bkCcA7N4vyTuJL9,gilldurn,https://x.com/gilldurn,trenchdigger85.9K followers
TonyCooks,TonyCooks,https://pump.fun/profile/JDzTfiApjPmQoPuMXBptCxaTh9TS6SevcFJyRr42NA5c,TonyCookzz,https://x.com/TonyCookzz,TonyCooks84.8K followers
johnsoncooks,johnsoncooks,https://pump.fun/profile/J9TYAsWWidbrcZybmLSfrLzryANf4CgJBLdvwdGuC8MB,johnsoncooks101,https://x.com/johnsoncooks101,johnsoncooks84.1K followers
COPANGA,COPANGA,https://pump.fun/profile/3xdXnq1uc6GCh541A6APSFaA9HEDHi1sqANiMnvLa4Cz,R3d1ne,https://x.com/R3d1ne,COPANGA83.4K followers
chinesefiat,chinesefiat,https://pump.fun/profile/GjEFh87khycTvL2b1Vt9wSju4bFodpfLLeWU1MQwwy1B,chinesefiat,https://x.com/chinesefiat,chinesefiat83.5K followers
moneyman1104,moneyman1104,https://pump.fun/profile/9mNdTGr1mw5KkFBwdBXXdYDWsHDsG6pruQFNqwuPBRxj,moneymancalls,https://x.com/moneymancalls,moneyman110483.4K followers
dxrnell,dxrnell,https://pump.fun/profile/CkTwpth6KSF2LsEMxvEQrmgY8fQ2u4kkaAsrnMC8sAYU,dxrnell,https://x.com/dxrnell,dxrnell83.4K followers
xyztrader1,xyztrader1,https://pump.fun/profile/88ptYxT15D5AJUZMrau6ZhZBwkFxU43R7tmbTwuPusbW,jd13_sol,https://x.com/jd13_sol,xyztrader183.1K followers
capexbt,capexbt,https://pump.fun/profile/H5kB62K51wDU5XabVkiZJXEr8jtkcU4rxtpC6y4gh6td,capexbt,https://x.com/capexbt,capexbt81.9K followers
xHeme,xHeme,https://pump.fun/profile/Drm7RutuXmaxPVKXR6z62BzP85vB6afu7R4vTDvxKbV5,0xHeme,https://x.com/0xHeme,xHeme82K followers
0xcryptoshi,0xcryptoshi,https://pump.fun/profile/CBrd9h5JJeBJ4HzRbA6aULGXJ8aztqZKCVbEwU9QTwf4,0xCryptoshi,https://x.com/0xCryptoshi,0xcryptoshi82.1K followers
BryptoKenneth,BryptoKenneth,https://pump.fun/profile/2Jdy7Szgq9Q1XAaCpeChWB7xYKNeLnbVzmdfctjCypwh,bryptokenneth3,https://x.com/bryptokenneth3,BryptoKenneth80.8K followers
Eurisx_,Eurisx_,https://pump.fun/profile/7nq9KQ8aJfh2QbeFhnr5SN72dpxhnbvgiQnzqtzLpeY5,Euris_x,https://x.com/Euris_x,Eurisx_80.7K followers
retardedgains,retardedgains,https://pump.fun/profile/9djgawmgpGrzt7DQoJ6tA2YW4gQyt3yH19uVZ3e2T3JJ,retardedgains,https://x.com/retardedgains,retardedgains79.6K followers
Mikaboo,Mikaboo,https://pump.fun/profile/7Z4r7AwZKTJqeekfs9UiXN1innwNjwrXzB2cLVchV1ro,mikadontlouz,https://x.com/mikadontlouz,Mikaboo79.8K followers
curb1,curb1,https://pump.fun/profile/5hh7UE6i2BtyCvaMMadS71wFwK88JRmtRTfXkjZ3CHvF,CryptoCurb,https://x.com/CryptoCurb,curb177.4K followers
faposhi__,faposhi__,https://pump.fun/profile/EVqxB3F6iUBeWsTpBFQqWwxpqUS8s4NrzgxBvQ2VRbTq,faposhi__,https://x.com/faposhi__,faposhi__75.3K followers
pwnlord69,pwnlord69,https://pump.fun/profile/2FcqAjx4SjQqqVcB5LsBkC6oEZxvrQDTQWdwQEuB4jhu,pwnlord69,https://x.com/pwnlord69,pwnlord6967.7K followers
kom3thazine,kom3thazine,https://pump.fun/profile/8gpipHqkHFuNHM4tu47oTNH1K83gCeszPzZSz3oZ4uDw,kom3thazine,https://x.com/kom3thazine,kom3thazine66.9K followers
notdecu,notdecu,https://pump.fun/profile/4vw54BmAogeRV3vPKWyFet5yf8DTLcREzdSzx4rw9Ud9,notdecu,https://x.com/notdecu,notdecu66.1K followers
Bossman,Bossman,https://pump.fun/profile/GR3jXA7fAQ2QcfL8BGhsjmSSmDM9UW9omav2TyQ6FwTz,0xBossman,https://x.com/0xBossman,Bossman64.2K followers
Latuche95,Latuche95,https://pump.fun/profile/GJA1HEbxGnqBhBifH9uQauzXSB53to5rhDrzmKxhSU65,Latuche95,https://x.com/Latuche95,Latuche9560K followers
ott4,ott4,https://pump.fun/profile/As7HjL7dzzvbRbaD3WCun47robib2kmAKRXMvjHkSMB5,ottabag,https://x.com/ottabag,ott458K followers
domyxbt,domyxbt,https://pump.fun/profile/3LUfv2u5yzsDtUzPdsSJ7ygPBuqwfycMkjpNreRR2Yww,domyxbt,https://x.com/domyxbt,domyxbt56.4K followers
cococookerr,cococookerr,https://pump.fun/profile/FqojC24nUn3x6oMQC2ypBHmtH7rFAnKS6DvwsJoCMaiv,CoCoCookerr,https://x.com/CoCoCookerr,cococookerr56.6K followers
lvvpumpy,lvvpumpy,https://pump.fun/profile/CP8EA1BnR2bnHa7BJps9c53zZwxaubrBtQCbREaZVibe,lvvpumpy,https://x.com/lvvpumpy,lvvpumpy56.4K followers
netvyxe,netvyxe,https://pump.fun/profile/HmUt3Jn46j7c7ANdURmEyjSRj8i3Em6MhjQUi37PZ219,netvyxe,https://x.com/netvyxe,netvyxe55.1K followers
crypticd22,crypticd22,https://pump.fun/profile/4NbdPJQHpD7bQrvuJ8wPuVtaWJeU41JzDyjWwGr9UAVF,crypticd22,https://x.com/crypticd22,crypticd2255.1K followers
xet,xet,https://pump.fun/profile/6HRXKEeHWC8D3UUy49Ug3dy6Yz7X2MY1mNykL36WmMvu,xet,https://x.com/xet,xet54.5K followers
jimbotrading,jimbotrading,https://pump.fun/profile/ewCWVY3XpqiZzX2RJvnQ5PcMNJSoxHHo93SS3c7sGXs,Jimbotrading,https://x.com/Jimbotrading,jimbotrading54K followers
appiesol_,appiesol_,https://pump.fun/profile/DieowDJ137xDRyCDn3YZYfAe4qzeGmdQJvryyqdWhtuc,appiesol_,https://x.com/appiesol_,appiesol_53.3K followers
ProSlayer,ProSlayer,https://pump.fun/profile/H4movKUm8GJEgpkb96Pecz4dyk38qnJX1Mdf8FaUmjFo,RealProSlayer,https://x.com/RealProSlayer,ProSlayer52.8K followers
Kaos,Kaos,https://pump.fun/profile/H7SW9ket4ubSYxQGVtg4UfXE7XjPDHgair6MWBYepdht,kaosxbt,https://x.com/kaosxbt,Kaos52.3K followers
ely,ely,https://pump.fun/profile/CE44oKS3wpUerx8afyeii56u5oQjBLZknzm4Q2CYHUz9,ProofOfEly,https://x.com/ProofOfEly,ely52.5K followers
quantjb,quantjb,https://pump.fun/profile/BY58Z7N5Adarkx5ed78AzKvR7Kxrq795aa1boZsYyVBT,quantJB,https://x.com/quantJB,quantjb48.6K followers
meechie,meechie,https://pump.fun/profile/9iaawVBEsFG35PSwd4PahwT8fYNQe9XYuRdWm872dUqY,meechie,https://x.com/meechie,meechie46K followers
suggss,suggss,https://pump.fun/profile/DPiQs7yP5WnBxN7RwttMKkrndmeTzeVZ69sxeAswxm8r,Suggrnaut,https://x.com/Suggrnaut,suggss46.1K followers
remp,remp,https://pump.fun/profile/EeiWEJNqoGosFA7oWPEZJbm9ntf6umdTV7cWHxYDeDHb,remp0x,https://x.com/remp0x,remp45.6K followers
lbexplorer,lbexplorer,https://pump.fun/profile/64w4qRu9VGio7U1Asc6B68QDpS8L1McmSn2yyExC6Fii,lbexplorer,https://x.com/lbexplorer,lbexplorer45.7K followers
ferre,ferre,https://pump.fun/profile/BSzpGGB3AMwtW126RT3Z27STSBrVjKV5A96H4BsUKdtD,FerreWeb3,https://x.com/FerreWeb3,ferre39.7K followers
swansonbenson0,swansonbenson0,https://pump.fun/profile/CkZqyugfNYUpCEfRTeERprSTwLPc6rcrtUNcdDZEig53,swansonbenson0,https://x.com/swansonbenson0,swansonbenson036K followers
badattrading,badattrading,https://pump.fun/profile/GZ1yiJKTq8Mc6RiY2WQrzph8wJcizSLGgyhr4RSgnuUo,badattrading_,https://x.com/badattrading_,badattrading35.2K followers
narc,narc,https://pump.fun/profile/CxgPWvH2GoEDENELne2XKAR2z2Fr4shG2uaeyqZceGve,narracanz,https://x.com/narracanz,narc34.5K followers
Contra,Contra,https://pump.fun/profile/33Mduffr6xQBvERJaJBRSAG6pAcQtGq1qDdKt6MF4vBn,supercontraa,https://x.com/supercontraa,Contra34.5K followers
jester,jester,https://pump.fun/profile/4s2WzRLa35FB58bZY1i4CN3WoywJeuYrGYHnTKFsT23z,thejester,https://x.com/thejester,jester31.3K followers
trunoest,trunoest,https://pump.fun/profile/ardinRsN1mNYVeoJWTBsWeYeXvuR9UUDGMsCDKpb6AT,trunoest,https://x.com/trunoest,trunoest31.4K followers
munji,munji,https://pump.fun/profile/4YMaKs8Xx1U1NyP1PTQe5J3kxZvE3bSCoVUEPgrkNXpb,munji33,https://x.com/munji33,munji30.7K followers
Oxmistblade,Oxmistblade,https://pump.fun/profile/C7Ds4FQ1H9EnQrhNayFcs9wDb5t7HS8jrCh37Me9eYVy,0xMistBlade,https://x.com/0xMistBlade,Oxmistblade29.5K followers
SerConnorr,SerConnorr,https://pump.fun/profile/FZ8pXNZLxGNiyhMXgzS2ZeMzkxiFYse16WVS8XoJeBeZ,SerConnorr,https://x.com/SerConnorr,SerConnorr27.1K followers
robo,robo,https://pump.fun/profile/4ZdCpHJrSn4E9GmfP8jjfsAExHGja2TEn4JmXfEeNtyT,roboPBOC,https://x.com/roboPBOC,robo25.6K followers
sully,sully,https://pump.fun/profile/7F3HTYW6TqjPz2EFiSZ7r3jcUbXpQT7KMdu6te9jL7Pn,sullyfromDeets,https://x.com/sullyfromDeets,sully25K followers
edward,edward,https://pump.fun/profile/C4Svaa7djC8d3CVxaohrsedccaKqimNoJrWe9iNPdix5,jeetassassin,https://x.com/jeetassassin,edward23.7K followers
sheep,sheep,https://pump.fun/profile/78N177fzNJpp8pG49xDv1efYcTMSzo9tPTKEA9mAVkh2,imsheepsol,https://x.com/imsheepsol,sheep21.7K followers
ram,ram,https://pump.fun/profile/57rXqaQsvgyBKwebP2StfqQeCBjBS4jsrZFJN5aU2V9b,ramonos,https://x.com/ramonos,ram21.2K followers
zilxbt,zilxbt,https://pump.fun/profile/4F1XUgtstYYbKQSdURg4bhbHEGXBmNFYJYhQEjw2ZLto,zilxbt,https://x.com/zilxbt,zilxbt20.3K followers
CatoshiNakameme,CatoshiNakameme,https://pump.fun/profile/AVHR6Zedgq5qGPaAZYf9dfS4hHXed17NSh3t5ShNPkzA,BTCbuythecat,https://x.com/BTCbuythecat,CatoshiNakameme19.2K followers
HalibutCrypto,HalibutCrypto,https://pump.fun/profile/tRLPE3Dc9qEXyqHAgsmeFjwSG9TsHxmJGHa1jND3Gho,HalibutCrypto,https://x.com/HalibutCrypto,HalibutCrypto19K followers
Chjokka,Chjokka,https://pump.fun/profile/EFdEVbaVJ7HXguXvFsX4yW2FBL8bWy6fXn2GDwuK1i1D,chjokka,https://x.com/chjokka,Chjokka19K followers
theghate,theghate,https://pump.fun/profile/8vKEy5XeZE5iEB9QCpypKSWQ75dxk1qfYDn5Zf83TNdx,TheGhate,https://x.com/TheGhate,theghate18.6K followers
0xOmnia,0xOmnia,https://pump.fun/profile/EsYapC57ZVREhwM74JckDuAHXBtTg9esTVNixZ3a4TwJ,0xOmnia,https://x.com/0xOmnia,0xOmnia18.6K followers
racistchud,racistchud,https://pump.fun/profile/7PYT9DZ9ZN6P8Rve9C2CKPPxPeKwsYynAHFtPjthaN9j,racistchudpf,https://x.com/racistchudpf,racistchud18.7K followers
hermes,hermes,https://pump.fun/profile/5dzH7gh5FjtrxUwtfBufJyTBA4fyCUGheZsdYQsE9vag,coinsolmaxi,https://x.com/coinsolmaxi,hermes18K followers
passthedutcher,passthedutcher,https://pump.fun/profile/uDYvqwgSxNDMKGPaMJ7JqyadEg1EhxkuCx9hbLSanHA,passthedutcher,https://x.com/passthedutcher,passthedutcher17.6K followers
FrostxXBT,FrostxXBT,https://pump.fun/profile/9qpucJgTkTVSbMPksG4fequu9STgFxr9AQmLN25MwiBV,FrostxXBT,https://x.com/FrostxXBT,FrostxXBT17.6K followers
fair69,fair69,https://pump.fun/profile/C4udGwTg6oqcrr8SmSLmkcXDbaFEcopsiaT21KUE4psU,fairtrades69,https://x.com/fairtrades69,fair6916.7K followers
NATE9169,NATE9169,https://pump.fun/profile/8ZN71XTdVo8yRovnGLmNgW3Tgniw6A4J3JGLvPD686FP,NATE9169,https://x.com/NATE9169,NATE916916.8K followers
kingdoji,kingdoji,https://pump.fun/profile/5ZuV8eqkvzYFVEKbLvGBdexL2tFv7E5BCd2HZpjqbdg,Humanevolvd,https://x.com/Humanevolvd,kingdoji16.2K followers
tradeslop,tradeslop,https://pump.fun/profile/9E9xEwxxmfBy4edHySzy5kyaUjrafiWa9mKsYnA8Yaq1,tradeslop,https://x.com/tradeslop,tradeslop16K followers
ronaldcarter,ronaldcarter,https://pump.fun/profile/6CpipySaXTAiUKDyyhWeCfYSMQLCiHrbCN1WvRv5s8kF,USronaldcarter,https://x.com/USronaldcarter,ronaldcarter15.8K followers
Thepennyflippe,Thepennyflippe,https://pump.fun/profile/E7pskdV9xCCMXtsu747tjjFEMq9Fwwnvwo6fApQWBwxP,Thepennyflippe,https://x.com/Thepennyflippe,Thepennyflippe15.5K followers
Dolo,Dolo,https://pump.fun/profile/CKB1XYgbEmfEE3FJev7gFwEVtoqEvmsX6GhnbuFvuN5d,doloxbt,https://x.com/doloxbt,Dolo15.1K followers
0xkgc,0xkgc,https://pump.fun/profile/BFmgjdgepMxNnEyndQZC68Db3ajPdD3V8is1bQbdj4h4,0xkgc,https://x.com/0xkgc,0xkgc15K followers
xelf,xelf,https://pump.fun/profile/9Vk7pkBZ9KFJmzaPzNYjGedyz8qoKMQtnYyYi2AehNMT,ImmortalXelf,https://x.com/ImmortalXelf,xelf14.8K followers
dv,dv,https://pump.fun/profile/FLyBjfWGsxH4zDDfoUJHwA9774TmPVpR8kB5B46PtbaZ,vibed333,https://x.com/vibed333,dv14.7K followers
4gh0stee,4gh0stee,https://pump.fun/profile/2kv8X2a9bxnBM8NKLc6BBTX2z13GFNRL4oRotMUJRva9,gh0stee,https://x.com/gh0stee,4gh0stee14.7K followers
losther,losther,https://pump.fun/profile/GgbCFRHHAPv5i1fqt1D1buf8FPNA31oKrkZvXDyZymsT,all_ineed1,https://x.com/all_ineed1,losther14.7K followers
Dimi,Dimi,https://pump.fun/profile/82m59BvGrbCSKUXhuqdNXP7pSnYQEasLhWCek7zsbXpT,DimitriDotEth,https://x.com/DimitriDotEth,Dimi14.2K followers
buddhaaaaa,buddhaaaaa,https://pump.fun/profile/3VUNtVtjjx5ckUojT7UocJ5fbuAJRsNUXNfTBnPte9vC,mofo_chad,https://x.com/mofo_chad,buddhaaaaa13.9K followers
martinshkreli,martinshkreli,https://pump.fun/profile/AkK5BtfBhj3cJi1f9LVXodbBLxRiePqffm5uiQYpDYQr,MartinShkreli,https://x.com/MartinShkreli,martinshkreli13.4K followers
lynk0x_,lynk0x_,https://pump.fun/profile/CkPFGv2Wv1vwdWjtXioEgb8jhZQfs3eVZez3QCetu7xD,lynk0x,https://x.com/lynk0x,lynk0x_13.4K followers
rilsio,rilsio,https://pump.fun/profile/4fZFcK8ms3bFMpo1ACzEUz8bH741fQW4zhAMGd5yZMHu,CryptoRilsio,https://x.com/CryptoRilsio,rilsio12.9K followers
supermandev,supermandev,https://pump.fun/profile/yHCxHBEaJW5tbndqC8JciSThr7U1cqLpdcsvHcx6PRe,Supermanonchain,https://x.com/Supermanonchain,supermandev12.8K followers
Thokani,Thokani,https://pump.fun/profile/2QrfK8gf3vBcFfuaCJbFxGk3w1JxwjamGE9aGwdQHFas,thokani,https://x.com/thokani,Thokani13.1K followers
allglorybetogod,allglorybetogod,https://pump.fun/profile/EeXvxkcGqMDZeTaVeawzxm9mbzZwqDUMmfG3bF7uzumH,fnmilito,https://x.com/fnmilito,allglorybetogod12.4K followers
rikz_,rikz_,https://pump.fun/profile/9LXWa7V3AE15VfBupcx5gDts2ix3Y9NzbcKZKjkkq6hV,kenAbz,https://x.com/kenAbz,rikz_12.2K followers
setsu,setsu,https://pump.fun/profile/2k7Mnf2K3GhpB7hEVN1CFFeV4oNzzuCS5Q6SmcfAoLHd,Setsu2k,https://x.com/Setsu2k,setsu12K followers
trenchmanjames,trenchmanjames,https://pump.fun/profile/Hw5UKBU5k3YudnGwaykj5E8cYUidNMPuEewRRar5Xoc7,trenchmanjames,https://x.com/trenchmanjames,trenchmanjames11.6K followers
longfacejohn,longfacejohn,https://pump.fun/profile/YZ46QfsQKwWmAu5kbRXcfiqu81HVeo5i1Wf2Cfvce7M,LongFaceJohn,https://x.com/LongFaceJohn,longfacejohn11.4K followers
MattFws,MattFws,https://pump.fun/profile/3bzaJd5yZG73EVDz8xosQb7gfZm2LN5auFGh6wnP1n1f,MattFws,https://x.com/MattFws,MattFws11.1K followers
slidrrz,slidrrz,https://pump.fun/profile/ACTbvbNm5qTLuofNRPxFPMtHAAtdH1CtzhCZatYHy831,Slidrrz,https://x.com/Slidrrz,slidrrz10.8K followers
0xleonidas,0xleonidas,https://pump.fun/profile/8s3aimZJ937ft1YLkYe5Lr23NBQeJPR6NRypm2Y8cfqN,0xleonidas__,https://x.com/0xleonidas__,0xleonidas10.7K followers
ANSEMFAAN,ANSEMFAAN,https://pump.fun/profile/5URyNUmhcuWdZiiQrtNdFrSbQPfq72UV2gqQasr9c19Y,MinoBekhit9170,https://x.com/MinoBekhit9170,ANSEMFAAN10.3K followers
sh4vwty,sh4vwty,https://pump.fun/profile/387FRwow6MKDhSwuMULhKjqeXuxoBY4BbbaSntdk9LaH,sh4vwty,https://x.com/sh4vwty,sh4vwty10.3K followers
CoinSmuggler,CoinSmuggler,https://pump.fun/profile/CXhZnEbWmaiK8GE8uYqDyQmcGS9SANqsuLJMYSYnLmGR,CoinSmuggling,https://x.com/CoinSmuggling,CoinSmuggler10.2K followers
Painkillerbill,Painkillerbill,https://pump.fun/profile/HNHYoSBUakcJog6rXRXGRBEcs4L2YvwyYJZTKqVonBtM,painkillerbill,https://x.com/painkillerbill,"Painkillerbill9,939 followers"
lastunknown,lastunknown,https://pump.fun/profile/B1ZMARC6qhJYJrvBJywUYdtf6hq2WBkTgvbbnGuQsQnX,cparkerz42913,https://x.com/cparkerz42913,"lastunknown9,845 followers"
zbzb1993,zbzb1993,https://pump.fun/profile/8DghXRczsywDtYgNDuCwJBQrkAmSPQzxSpqPgigmVqWL,ZBZB1993,https://x.com/ZBZB1993,"zbzb19939,726 followers"
sourceyy,sourceyy,https://pump.fun/profile/7DQ88wjgvLrJKuVeZBNUhA8oBRhiVYnx7W1kCe33PLmk,sourcewavemusic,https://x.com/sourcewavemusic,"sourceyy9,151 followers"
cryptogodfather,cryptogodfather,https://pump.fun/profile/9emXYGUF7cYtX2uyuZavDhhxZ65wHcYZgRv5AHVAHGSp,CosmoCapy,https://x.com/CosmoCapy,"cryptogodfather9,173 followers"
CyrusAbrahim,CyrusAbrahim,https://pump.fun/profile/EGB6v3y5oS7Whv4KHYp8ksL2wRfqdfAF5Dbqq8kHXsZH,CyrusAbrahimX,https://x.com/CyrusAbrahimX,"CyrusAbrahim8,869 followers"
arcnikolas,arcnikolas,https://pump.fun/profile/iPUp3qkm39ycMGbywWFMUyvaDhiiPGXeWXaDtmHNe6C,ArcNikolas,https://x.com/ArcNikolas,"arcnikolas8,895 followers"
TheInuvestor,TheInuvestor,https://pump.fun/profile/69aiAKU3uJMxMLRkUEGFNt6nQ43PiVimE4ZbErJ7VSM1,asdfhgdev_pf,https://x.com/asdfhgdev_pf,"TheInuvestor8,694 followers"
thefihonX,thefihonX,https://pump.fun/profile/AE4MPGvpMeCA7MwUakAxAQZTzcijPAXcFsoAQmtLrL4V,thefih,https://x.com/thefih,"thefihonX8,599 followers"
jamal,jamal,https://pump.fun/profile/5pUgxQGgX36GyV5BdsBNRAw9JxJ6Br4UVddJmJ3sumhc,whoisjamal1337,https://x.com/whoisjamal1337,"jamal8,553 followers"
vision33x,vision33x,https://pump.fun/profile/2T3vmBKvLhBSdtsmH98jQF8Fib6xm4Rpe55siTwiZCt9,Vision33X,https://x.com/Vision33X,"vision33x8,253 followers"
Henrys0x,Henrys0x,https://pump.fun/profile/CuDe51GPh5qGsmYBJDxSsufhQQhA618uDbkaXFZ4pztL,henrys0x,https://x.com/henrys0x,"Henrys0x8,185 followers"
Risk100x,Risk100x,https://pump.fun/profile/BHREKFkPQgAtDs8Vb1UfLkUpjG6ScidTjHaCWFuG2AtX,riskconviction,https://x.com/riskconviction,"Risk100x7,834 followers"
rayan,rayan,https://pump.fun/profile/BNahnx13rLru9zxuWNGBD7vVv1pGQXB11Q7qeTyupdWf,69d,https://x.com/69d,"rayan7,789 followers"
adiosdavid,adiosdavid,https://pump.fun/profile/2wGvJFgAXYghGT1ZySYZHxEppJX8jY9RpH4qGD6dvj4f,adiosdavid,https://x.com/adiosdavid,"adiosdavid6,945 followers"
MantisToboban,MantisToboban,https://pump.fun/profile/HVCHn1PfP1HFt6o2YLg2s1MUXQzKLPs1ccVUSBHQ7Ssx,MantisToboban,https://x.com/MantisToboban,"MantisToboban6,906 followers"
here2retirepops,here2retirepops,https://pump.fun/profile/8b7R5PEqEHKsvE87XtVfdN5HP6s3JX5MGYL5KsSH3Sx9,PostBalowne,https://x.com/PostBalowne,"here2retirepops6,684 followers"
janlfg,janlfg,https://pump.fun/profile/6B7dguLXkAnZD7PR8hZC2ywh1FzWQi7Dj5wBMLWoyp4B,janlfg,https://x.com/janlfg,"janlfg6,656 followers"
tumors,tumors,https://pump.fun/profile/B6GK4Uk5HfcexdqfaFQKCu7cZw5LYdJ6bhi25BWq1Nic,tumordev,https://x.com/tumordev,"tumors6,634 followers"
henn100x,henn100x,https://pump.fun/profile/FRbUNvGxYNC1eFngpn7AD3f14aKKTJVC6zSMtvj2dyCS,henn100x,https://x.com/henn100x,"henn100x6,634 followers"
UniteTrenches,UniteTrenches,https://pump.fun/profile/EtZWfmdyziLMK4kwYs56DWEz4Gfj1z7oDs4XPKGDyre,RuggingStop,https://x.com/RuggingStop,"UniteTrenches6,088 followers"
jazz,jazz,https://pump.fun/profile/FRSyazz3gamvxQ3vSyA9sdy2dWbnkTLgZgPnozQ3vXZT,youngjazzeth,https://x.com/youngjazzeth,"jazz5,852 followers"
Scharo,Scharo,https://pump.fun/profile/CjbR3XxCw3LmBF3X1uDC1ynsk1rhd1gGtuMkLHF6AT6L,XScharo,https://x.com/XScharo,"Scharo5,853 followers"
richtardio,richtardio,https://pump.fun/profile/22ZeReo2tiCFnSX4oMb7aReRQtuGhfPbJ95sKBuf2L9c,richtardio,https://x.com/richtardio,"richtardio5,831 followers"
banval,banval,https://pump.fun/profile/EqiFgyNw6kgrmYstWyrP8VjKhka7XEmKTZzHSmwpr1Zb,Ban_Val,https://x.com/Ban_Val,"banval5,765 followers"
nothingandwin,nothingandwin,https://pump.fun/profile/pwZpq97vcUqG5r79PMYJ2rPdJeVfuqdTaxmNvj5KYMR,nothingandwin,https://x.com/nothingandwin,"nothingandwin5,641 followers"
larp4ever8,larp4ever8,https://pump.fun/profile/BGVobQzqq7B8jFMXSBq25Cn9m4CpZPuD5pHmarm48GXS,larp4ever8,https://x.com/larp4ever8,"larp4ever85,553 followers"
dante,dante,https://pump.fun/profile/FRa5xvWrvgYBHEukozdhJPCJRuJZcTn2WKj2u6L75Rmj,dddddddddddd100,https://x.com/dddddddddddd100,"dante5,544 followers"
thecallooor,thecallooor,https://pump.fun/profile/DweUfjvwsy8Hs7Ye8yWJns3T1aD1cBGW42yHYy5nukM4,The_Callooor,https://x.com/The_Callooor,"thecallooor5,486 followers"
CottagePvP,CottagePvP,https://pump.fun/profile/4UwK5AE6Djdf3MfwtPGE8pFYD47MhU9fiStDVmSHJVMB,CottagePvP,https://x.com/CottagePvP,"CottagePvP5,476 followers"
PumpFun711,PumpFun711,https://pump.fun/profile/AoGefnxF5CbZvbd2cvxv4Ex1E5j86dqEjehazRuMcMFe,PumpFun711,https://x.com/PumpFun711,"PumpFun7115,448 followers"
mrblankface,mrblankface,https://pump.fun/profile/H9TMtTxBL84rqpX8uqC3TpTgM9BmE3bJDPzStFk8U1Th,imblankface,https://x.com/imblankface,"mrblankface5,412 followers"
dumbasss,dumbasss,https://pump.fun/profile/HLLXwFZN9CHTct5K4YpucZ137aji27EkkJ1ZaZE7JVmk,TortillasTown,https://x.com/TortillasTown,"dumbasss5,321 followers"
Lazul,Lazul,https://pump.fun/profile/E3BWuuX9SBFrWLPjBbTmT7jeE6fhQA9RUMWsNJHP6L5u,lazulcapital,https://x.com/lazulcapital,"Lazul5,295 followers"
XillzCrypto,XillzCrypto,https://pump.fun/profile/7QsRjSy9hiWYnEwSaWKjDcV4Zik1VJSCYt89amPsL6gB,XillzCrypto,https://x.com/XillzCrypto,"XillzCrypto5,290 followers"
chilltrader,chilltrader,https://pump.fun/profile/EaVboaPxFCYanjoNWdkxTbPvt57nhXGu5i6m9m6ZS2kK,cladzsol,https://x.com/cladzsol,"chilltrader5,195 followers"
element69420,element69420,https://pump.fun/profile/FdSShBiR1nBtxQzhwNMszyRdcvMVLiAeVraJLvERERZL,Element69420,https://x.com/Element69420,"element694205,103 followers"
Apex,Apex,https://pump.fun/profile/HYSq1KBAvqWpEv1pCbV31muKM1za5A1WSHGdiVLUoNhb,xApex0,https://x.com/xApex0,"Apex5,059 followers"
JasonCryptoApe,JasonCryptoApe,https://pump.fun/profile/7xKrUFsU2RkJbCvp84HDK5P2MGvCjMRqkdqZXwuyLSsD,JasonCryptoFTW,https://x.com/JasonCryptoFTW,"JasonCryptoApe4,989 followers"
MrSamoo,MrSamoo,https://pump.fun/profile/3ZqnSJisaCptQN6csgmRCuHbgLHHkaFbJexB8cpYSPJF,mrsamo,https://x.com/mrsamo,"MrSamoo4,654 followers"
borealj,borealj,https://pump.fun/profile/H3T4nbQV119capeaPjXK1FJPK3PuB5neAa2Dicyek7wG,TheboxCrypto,https://x.com/TheboxCrypto,"borealj4,466 followers"
itzmemewitz,itzmemewitz,https://pump.fun/profile/jmemehQbZXX7QqNE7Eyi81MdTZw6cEAT6TU4Kinwtru,itzmemewitz,https://x.com/itzmemewitz,"itzmemewitz4,445 followers"
eth,eth,https://pump.fun/profile/9CQKjrYoMht2b19dm7gXpLAt1EuE8izqGbSCFDXxCAwc,ethisluv,https://x.com/ethisluv,"eth4,423 followers"
NikolaiX,NikolaiX,https://pump.fun/profile/97K6nsFhBWDKwQf6heDDhDtsCRC4779LPHSFZkc2zqK4,NikolaiHauckx,https://x.com/NikolaiHauckx,"NikolaiX4,409 followers"
istudycharts,istudycharts,https://pump.fun/profile/BJv6rCw7siVkbCnWaSSow5nD8QFkpt9is5USkF13XGu4,istudycharts,https://x.com/istudycharts,"istudycharts4,386 followers"
legendcalls,legendcalls,https://pump.fun/profile/EgjCS3ULUCU5JN83XumirPr6171zvN5i6wc12SDiVGX3,legend_calls,https://x.com/legend_calls,"legendcalls4,332 followers"
gar0u,gar0u,https://pump.fun/profile/649ot18fccD6Mc9V4aHWTdoSVCuqAEtg9aWuxBA9cRoU,WatcherGarou,https://x.com/WatcherGarou,"gar0u4,332 followers"
ragnarlodbroken,ragnarlodbroken,https://pump.fun/profile/5zXdgRiCtDEH787tos5K6q2iJ4jKBdmBJvHu3KkW6crR,SinkingMexico,https://x.com/SinkingMexico,"ragnarlodbroken4,192 followers"
Trey,Trey,https://pump.fun/profile/831yhv67QpKqLBJjbmw2xoDUeeFHGUx8RnuRj9imeoEs,treysocial,https://x.com/treysocial,"Trey4,122 followers"
pumpguy__,pumpguy__,https://pump.fun/profile/EY8LYSvgjW6MGF7d9HoZY8rxNv7XdweDNuwQBwsmTTdG,pumpguy__,https://x.com/pumpguy__,"pumpguy__4,037 followers"
deecayz,deecayz,https://pump.fun/profile/2sJBiTy8T2LKtFPVwbtZDubhfd2QjbveBmnmGnd4SwfV,deecayz,https://x.com/deecayz,"deecayz3,904 followers"
_Zaza1337,_Zaza1337,https://pump.fun/profile/CHubsXab3kTQCYV8ZULMgnCNbxdrUgi1BvfAWnFHexHA,_zaza1337,https://x.com/_zaza1337,"_Zaza13373,855 followers"
letsbereal100,letsbereal100,https://pump.fun/profile/H4jMjmwJLGLnE8jNzC47y82yprLEX3WdB5xf6xsveb1d,NeroKing2415,https://x.com/NeroKing2415,"letsbereal1003,839 followers"
riskbet,riskbet,https://pump.fun/profile/CzwWvTVn39dSd4LiVc6W9gZxgu36737M2fcX4EWhquh4,daddyriskbets,https://x.com/daddyriskbets,"riskbet3,780 followers"
OGPeach,OGPeach,https://pump.fun/profile/CHXHjEdbzDxqzXzsh9Vs1jxMixnBSAJuqQ9bjZMzFqn9,Honeybunn030,https://x.com/Honeybunn030,"OGPeach3,826 followers"
DecentralizeDie,DecentralizeDie,https://pump.fun/profile/95CwNd3p9TtUmNesnri1Tf5KzS58SzgDZJCDHmTiwgE2,DecentrlizOrDie,https://x.com/DecentrlizOrDie,"DecentralizeDie3,739 followers"
bandeez,bandeez,https://pump.fun/profile/5B79fMkcFeRTiwm7ehsZsFiKsC7m7n1Bgv9yLxPp9q2X,bandeez,https://x.com/bandeez,"bandeez3,659 followers"
peakseekin,peakseekin,https://pump.fun/profile/HQuq3Car7ci5xLejz8e18JmfXAN5QVkTxrpynSNBhzzV,peakseekin,https://x.com/peakseekin,"peakseekin3,600 followers"
Jetieye,Jetieye,https://pump.fun/profile/AMWufthLcSyHQXiwjcCyxEsSPhXE5tcvZUgpPdtuaPaE,Jetieye,https://x.com/Jetieye,"Jetieye3,521 followers"
Yug1_tm,Yug1_tm,https://pump.fun/profile/AQ46kfYT3hW28Xg5gWHrJkzFSz1oGWBHC3FsTbqgMEco,Yug1_tm1,https://x.com/Yug1_tm1,"Yug1_tm3,461 followers"
VALANTIS,VALANTIS,https://pump.fun/profile/FqpxzuAAUZjd14pFNU2CWyKGQZtbeuT5DwSVgg9cfDb,worldonpump,https://x.com/worldonpump,"VALANTIS3,424 followers"
otis93finity,otis93finity,https://pump.fun/profile/GDRS2UQfxxzDtjSNFChFiUG4E3Eie8RNeb5dRHWTvBDN,Lolzmag274039,https://x.com/Lolzmag274039,"otis93finity3,381 followers"
casino847,casino847,https://pump.fun/profile/8rvAsDKeAcEjEkiZMug9k8v1y8mW6gQQiMobd89Uy7qR,casino847,https://x.com/casino847,"casino8473,356 followers"
Gladey,Gladey,https://pump.fun/profile/GeUnv1jmtviRbR7Gu1JnXSGkUMUgFVBHuEVQVpTaUX1W,Gladey777,https://x.com/Gladey777,"Gladey3,284 followers"
Agent69420,Agent69420,https://pump.fun/profile/49fAsUF3Nk8qbfpSrQND2sULKXanemwibYLGk5Jpn9bY,Agent69420,https://x.com/Agent69420,"Agent694203,244 followers"
vibemarlinconfi,vibemarlinconfi,https://pump.fun/profile/GzzTqRtJpBhTrnegv1YnfFQsPbpXZiP9gi2TWkoAEaM6,Discgolfer66,https://x.com/Discgolfer66,"vibemarlinconfi3,198 followers"
stngzx,stngzx,https://pump.fun/profile/7TNYdvwDzuRKvquzn24grcGwvrtpsYK58GAWdRBnm3UT,stngzx,https://x.com/stngzx,"stngzx3,204 followers"
bolivian,bolivian,https://pump.fun/profile/FofPTQXdUtCNDcqK2oC8UsuhzuVLcKcwC43LbX21MXWf,_bolivian,https://x.com/_bolivian,"bolivian3,180 followers"
Leck,Leck,https://pump.fun/profile/98T65wcMEjoNLDTJszBHGZEX75QRe8QaANXokv4yw3Mp,LeckSol,https://x.com/LeckSol,"Leck3,203 followers"
damianprosa,damianprosa,https://pump.fun/profile/AEeJUPCiGR3yCoukTh1G58o4LYsUEyzrXtfmfMc2kJMX,DamianProsa,https://x.com/DamianProsa,"damianprosa3,219 followers"
mcbeast24,mcbeast24,https://pump.fun/profile/CaaEoz18xT7mNjQsPuB57FLBsez5v9TFTCBCdPGEKScQ,StatCaddyGolf,https://x.com/StatCaddyGolf,"mcbeast243,140 followers"
zachvierr,zachvierr,https://pump.fun/profile/DFqdZtjk7p6k88HihENe3VfwFRC7MuEm9sWgQo7tz586,zachvierrr,https://x.com/zachvierrr,"zachvierr3,145 followers"
MagicCooker,MagicCooker,https://pump.fun/profile/BvgE1K46Hd4g5vbeoy1GXfDdvvLZUmELa4WASKjG8skm,magiccookerdev,https://x.com/magiccookerdev,"MagicCooker3,112 followers"
rrkels,rrkels,https://pump.fun/profile/4Xh3umpT5BDfLYm96J8b7HM82FFbQvuD3YrWG7EA8egV,Kelsmatch1,https://x.com/Kelsmatch1,"rrkels3,108 followers"
jpegslife,jpegslife,https://pump.fun/profile/9eZU9vEvMEvYjV6NC7xAuwSFSsQ7vuvZGczbJ2Niqhze,jpegslife,https://x.com/jpegslife,"jpegslife3,093 followers"
pscldev,pscldev,https://pump.fun/profile/2J2rtMBRLxAbFkSLgrsuSNN8N5KMTJVaRTdnGfbZ5Vjw,DEV_pscl,https://x.com/DEV_pscl,"pscldev3,038 followers"
serenaonchain,serenaonchain,https://pump.fun/profile/HX8jXnkcQW3KaEtQHeXmwZKfZbUtbN8JUaydG5jscw5V,serenaonchain,https://x.com/serenaonchain,"serenaonchain3,046 followers"
toxic_weast,toxic_weast,https://pump.fun/profile/DU323DieHUGPmYamp6A4Ai1V4YSYgRi35mGpzJGrjf7k,Toxic_weast,https://x.com/Toxic_weast,"toxic_weast3,014 followers"
ShapeFN,ShapeFN,https://pump.fun/profile/6cn4MCKJQiykzxtfge6deWfkNRu4wVVKk1MGpTnZY63f,ShapeFN_,https://x.com/ShapeFN_,"ShapeFN2,981 followers"
venom,venom,https://pump.fun/profile/8bWe7V8J5fyizory2irysXCSaDUg6ytcWwpvpe8iY1Yt,VenomCrypto_,https://x.com/VenomCrypto_,"venom2,952 followers"
noticeman,noticeman,https://pump.fun/profile/DVMkhiQe1D8yenuEgsW44NjRn9LfVQjGEpZcez5x7Mff,77aez,https://x.com/77aez,"noticeman2,973 followers"
TheTOADmaster,TheTOADmaster,https://pump.fun/profile/9zvu8poieSXgzEjgAmbVus3bQEYWVYiJB9vKAPqx5vjH,juliannld,https://x.com/juliannld,"TheTOADmaster2,977 followers"
clive_99,clive_99,https://pump.fun/profile/EwDxFbpLu8aUQ1fAvB9mCfyNfj565pdoVpZRmK843hzn,Clive_99,https://x.com/Clive_99,"clive_993,003 followers"
DrrrCrypto,DrrrCrypto,https://pump.fun/profile/HmytQ4aW9v7hxar9NLqBPfuLU3cP7NypzR51XWpschjn,dr_crypto_calls,https://x.com/dr_crypto_calls,"DrrrCrypto2,934 followers"
ihopetrader,ihopetrader,https://pump.fun/profile/EmHHB6TnLDbFvBFugJiZ2tCqg3D7wYUxekRpEweUmLRF,farahmatiii,https://x.com/farahmatiii,"ihopetrader2,867 followers"
netz7e,netz7e,https://pump.fun/profile/Cnp1YoTYBeZmaZMvmNghdGoURVwrDGUak9GTzisEVvZo,netz7e,https://x.com/netz7e,"netz7e2,873 followers"
Mptrading,Mptrading,https://pump.fun/profile/4xWwgcjfnK4CspxSTdiXszd5JcorWFj95v2y6QtkPurB,MPtrading_x,https://x.com/MPtrading_x,"Mptrading2,842 followers"
fz7,fz7,https://pump.fun/profile/G2mgnzpr59vYjKpwU9q5zVfS9yQ9HezMwjuqF7LACvR4,fz7trades,https://x.com/fz7trades,"fz72,833 followers"
justafoolwizard,justafoolwizard,https://pump.fun/profile/8GWPtNkcs17XqZuiajvAbnDVLHMwqzZPjHp7HhWL8xrZ,justafoolgoy,https://x.com/justafoolgoy,"justafoolwizard2,806 followers"
jaylene,jaylene,https://pump.fun/profile/GkQwqX1pBMVAdaPDLukmKTkb8QdFf99vsGFy9k1J7vG6,playmatejaylene,https://x.com/playmatejaylene,"jaylene2,825 followers"
lodo420,lodo420,https://pump.fun/profile/GXRNpTLczwZZpAocDXRyKgLTrvxWG8fs1diKSQ99FWMy,justatryingdev,https://x.com/justatryingdev,"lodo4202,764 followers"
EMMAk,EMMAk,https://pump.fun/profile/7QBQLNXfCHNhuCsvzBWH3kMMh6NAiKyZSfb1NYjfVXNi,_emmaonchain_,https://x.com/_emmaonchain_,"EMMAk2,774 followers"
edonfx,edonfx,https://pump.fun/profile/GKMUxpHS5uoW1dqjxzyJP66bHC3GbsKaQKU1tzXmzReb,edonfx,https://x.com/edonfx,"edonfx2,762 followers"
platothegato,platothegato,https://pump.fun/profile/9Za4f5sTCpkVbcg1du4WWYr9mimethehzHDyykWJhDr3,mikasa_yaegar,https://x.com/mikasa_yaegar,"platothegato2,709 followers"
skayfe,skayfe,https://pump.fun/profile/ApSdbn9G4EvLgpLhmvvMT24yaqb38fWG2Ub1ZEqD6Jtu,skayle00,https://x.com/skayle00,"skayfe2,703 followers"
hako99,hako99,https://pump.fun/profile/2JptG7VJTuohCNrEE2iVT43UtjTNqRTVMsgNs8xeotbC,hako99,https://x.com/hako99,"hako992,707 followers"
Rugsem,Rugsem,https://pump.fun/profile/EYbh3jhtyM9bbwNcCYnpMheuEZzfMWFsKPnGsERTXGS7,LMS010203,https://x.com/LMS010203,"Rugsem2,530 followers"
kanpai,kanpai,https://pump.fun/profile/36YdEpphGT1P7WCNFa5XxPfLP5b8gJFr7Jtck5UYpB6N,kanpai,https://x.com/kanpai,"kanpai2,562 followers"
armoski,armoski,https://pump.fun/profile/AQdBYZNy3BZ1vouGUjA1w9Ay7aq7kH5UQSuh4LQWKotY,Armoskii,https://x.com/Armoskii,"armoski2,505 followers"
sambati,sambati,https://pump.fun/profile/8MpJbCLZDXTvbDQUPdBGkZD2kqN2qj1mVkFgyaYMrbN5,sambati_,https://x.com/sambati_,"sambati2,519 followers"
nexy,nexy,https://pump.fun/profile/Ao1hk9QYyYsxTBobeTthXeUa6CgRGGwHMP7hpJ55V4pV,nexyxyz,https://x.com/nexyxyz,"nexy2,523 followers"
vanillafunk713,vanillafunk713,https://pump.fun/profile/4aArEDkqkPBwFiSCShd6GJ8dTFHzZboGf3GD7qwxxTu3,vanillafunk713,https://x.com/vanillafunk713,"vanillafunk7132,514 followers"
happyape,happyape,https://pump.fun/profile/6nQ7CY9LwbMeY46gZwKfWbviiuoFhQHJhum9HwavJs8z,cjonesremodelFL,https://x.com/cjonesremodelFL,"happyape2,471 followers"
iamevill,iamevill,https://pump.fun/profile/D1Ew5uxiD9mJWe8Mh6xMq3juU1L4JcEX7ch76Z1eeX7k,_iamevill,https://x.com/_iamevill,"iamevill2,473 followers"
sanity100x,sanity100x,https://pump.fun/profile/5ruP877fu8sBshx9inDeHsVLjnJtgVBTbjnbupeDHYHH,Sanity100x,https://x.com/Sanity100x,"sanity100x2,443 followers"
AlyBlade,AlyBlade,https://pump.fun/profile/BA36AnwpTfKeqNhExVUFFbzUAQTyKYvJrEokKJqVCTPi,AlyBladee,https://x.com/AlyBladee,"AlyBlade2,457 followers"
Crypt0RainMan,Crypt0RainMan,https://pump.fun/profile/rXmT45GKdhdjPurn4kk1UZxd8HiADgaegaHvgJ2sshJ,Crypt0RainMan,https://x.com/Crypt0RainMan,"Crypt0RainMan2,430 followers"
fart69,fart69,https://pump.fun/profile/55y7bbDRqhTUvpa26sQw8nk3ryXnS5tA4VAMwgrsTHiB,CtTheir,https://x.com/CtTheir,"fart692,421 followers"
pepewuzhere,pepewuzhere,https://pump.fun/profile/FTw1TTrLs13cyBVLcjrFcq9YYGr2q3zzsjQnM8gGMsYd,onlyadamknows,https://x.com/onlyadamknows,"pepewuzhere2,402 followers"
Greenhunter,Greenhunter,https://pump.fun/profile/7ZfmmCEU8ijjZUJzCYYdrd5fifmHPTWUeCKcLuqit2ao,FeysalBitcoin,https://x.com/FeysalBitcoin,"Greenhunter2,349 followers"
th3fud,th3fud,https://pump.fun/profile/6UcanEPgy9t6aJxpvaU62CmmXpnAp5ny5e8XeoFr1q9b,Fudonchain,https://x.com/Fudonchain,"th3fud2,353 followers"
atwood,atwood,https://pump.fun/profile/zU8L1aTnseB2bjiJN6bHH8bvFTH8RSoPHu44RtqDMrz,atwoodwtf,https://x.com/atwoodwtf,"atwood2,348 followers"
MarlonTrades,MarlonTrades,https://pump.fun/profile/3PwXa9BRA2sUdjtcGxs4bVLBau2dHTuZwtb6CbpTpdvA,Marlon1lpha,https://x.com/Marlon1lpha,"MarlonTrades2,365 followers"
gfree,gfree,https://pump.fun/profile/4yo9CUuTBbds9NFhZd4MzPiZZkUvveXdTnAH8qMsE8ku,G_free9,https://x.com/G_free9,"gfree2,364 followers"
EustazZ,EustazZ,https://pump.fun/profile/FqamE7xrahg7FEWoByrx1o8SeyHt44rpmE6ZQfT7zrve,Eustazzeus,https://x.com/Eustazzeus,"EustazZ2,361 followers"
vibezcrypto,vibezcrypto,https://pump.fun/profile/4euyaqBe45J5dniAcNARERUo7B1wG96riG21sEpNndfU,Vibez__Crypto,https://x.com/Vibez__Crypto,"vibezcrypto2,339 followers"
jeetface,jeetface,https://pump.fun/profile/CANx1apAmTFCrHWD8YU4iYNmeY6gCHZRxxQqh23Jo8iJ,jeetface,https://x.com/jeetface,"jeetface2,347 followers"
insidecalls,insidecalls,https://pump.fun/profile/EqE7raLmEHPQQUmjiiUgSM6nbbgtRGaHf7CKg56BzXFK,insidecalls,https://x.com/insidecalls,"insidecalls2,307 followers"
Judi,Judi,https://pump.fun/profile/H9A3ExDpK9rsnohMkikLg346yT55JPpSczJfLgLZeVqN,jxdita,https://x.com/jxdita,"Judi2,249 followers"
GoatedCallsOnly,GoatedCallsOnly,https://pump.fun/profile/GjGXyrPd1VjHFHQ18BMv8jC4d8HJSbvYQETcH3GRJj2p,xVolkzGaming,https://x.com/xVolkzGaming,"GoatedCallsOnly2,269 followers"
waddles,waddles,https://pump.fun/profile/ABEGScSATHFybdwqY3eb15xx3duqXHKWjcFZAN5FsBBb,waddles_eth,https://x.com/waddles_eth,"waddles2,240 followers"
DustCalls,DustCalls,https://pump.fun/profile/FzVQSzj8JJr6WMGqbUHzx2XH1KkrfxRrRPv6WcbbZmND,DustNukes,https://x.com/DustNukes,"DustCalls2,235 followers"
kreisi,kreisi,https://pump.fun/profile/ECzLjhAW2LNoLWi1a1YDxePUDimx9R8FLxXtP66vSxMq,Kre1si,https://x.com/Kre1si,"kreisi2,209 followers"
Dumpcomesfast,Dumpcomesfast,https://pump.fun/profile/Frk9APGk2RkutWrBCKueWB4UQBA5ZTJdgtRdNZSmFX1i,dcfgod,https://x.com/dcfgod,"Dumpcomesfast2,203 followers"
75shep75,75shep75,https://pump.fun/profile/4qYu592efmqN45mNBHuenr7yEwMKh7HXaH6XQZUaS9ij,cheechorshep,https://x.com/cheechorshep,"75shep752,181 followers"
LoadingStill,LoadingStill,https://pump.fun/profile/3tnR39tbwyJ3sDKVboBNF6NKD5xRHmp4Gb8WoHcHbtkh,loadingstillx,https://x.com/loadingstillx,"LoadingStill2,150 followers"
gutssay,gutssay,https://pump.fun/profile/DGma4Uxm9JS6yLNdgYaxsZhwk2nxrRGMfMt5buXbiFCm,billycios,https://x.com/billycios,"gutssay2,147 followers"
oceansol,oceansol,https://pump.fun/profile/5ZdusGZMC14SP6eh2XWdoeZDm3612psfxUsKS11DCqkG,oceannsol,https://x.com/oceannsol,"oceansol2,124 followers"
jewpacabra,jewpacabra,https://pump.fun/profile/Fx7cFtZADewodJQ6KgzpDhqZDzPNe46iGbPwyuQZJpfk,limpcritisism,https://x.com/limpcritisism,"jewpacabra2,041 followers"
baseddom,baseddom,https://pump.fun/profile/7RMJ1wnuhry4Ue8ZL9LrDykTtREdUzrhoH4pUG6W11Md,based_d0m,https://x.com/based_d0m,"baseddom2,041 followers"
whosold69969,whosold69969,https://pump.fun/profile/Ao9D9xuKxhHfTGCd3ZeBPJ3aBRUAicKKnXZ3feH6uuGC,Nostalgicgareth,https://x.com/Nostalgicgareth,"whosold699692,040 followers"
pnlgodsol,pnlgodsol,https://pump.fun/profile/GhCsggL8MtQTMBrpA3YGMvKZc5cvtrDFhDVXfCH5CcUV,pnlgodsolana,https://x.com/pnlgodsolana,"pnlgodsol2,006 followers"
crayohlaa,crayohlaa,https://pump.fun/profile/GDoG4tdbx8qkpECQKF5MebbEDpFJn6H739psqgoTG3aN,CrayohlaEU,https://x.com/CrayohlaEU,"crayohlaa2,010 followers"
Ewonmusq,Ewonmusq,https://pump.fun/profile/Ah5bQDFT3s3NUtgcU81AeSgw7EJW871Y9YwrvyVFbBc4,dukbukfuk1,https://x.com/dukbukfuk1,"Ewonmusq1,996 followers"
vibeshift,vibeshift,https://pump.fun/profile/FaPWKVMipHRYXAioUc979LypvTuwUan9UiQ7ytsc9rD8,vibeshifter,https://x.com/vibeshifter,"vibeshift1,984 followers"
ohtwoo,ohtwoo,https://pump.fun/profile/7bwGevcZDG2nKueEUkQQCLjmGNQ5W59KC8tFaLYAHayQ,Ohtworetard,https://x.com/Ohtworetard,"ohtwoo1,980 followers"
BULLIEACCTDEAD,BULLIEACCTDEAD,https://pump.fun/profile/GjXobpiEexQqqLkghB29AtcwyJRokbeGDSkz8Kn7GGr1,Bullieonchain,https://x.com/Bullieonchain,"BULLIEACCTDEAD1,975 followers"
JPEGXBT,JPEGXBT,https://pump.fun/profile/URekUXMb73e9GkKkS4YN3SWegDwdmMrRB8LHqrPch1E,jpegxbt,https://x.com/jpegxbt,"JPEGXBT1,962 followers"
carlitoswa_y,carlitoswa_y,https://pump.fun/profile/N7Bc4LSZSmNx6gSDJar7xomkW3ByGpS6XFBp9PtN1Eo,Carlitoswa_y,https://x.com/Carlitoswa_y,"carlitoswa_y1,944 followers"
DameWebThree,DameWebThree,https://pump.fun/profile/EtyHwLDfAi9E24Qw41xFUW8WtQ3NxajxJA2yaaUASR5a,TrenchDame,https://x.com/TrenchDame,"DameWebThree1,958 followers"
warrenruffett,warrenruffett,https://pump.fun/profile/CSnjcBQtWkoZMsCrwXmJamG4FtL1MvhDQzfMnUH3sDcm,BLKMYP,https://x.com/BLKMYP,"warrenruffett1,938 followers"
fussydarkrusty,fussydarkrusty,https://pump.fun/profile/4URYefAg2HpGB4ztfqNvEJK8Ng8TAY3YJywtFMbMFy8w,deanbulla,https://x.com/deanbulla,"fussydarkrusty1,870 followers"
setuhh,setuhh,https://pump.fun/profile/62N1K57D37AUDGp68tnDYKPjGDsaAAtmo357nBtEtuR,Setuhx,https://x.com/Setuhx,"setuhh1,869 followers"
Leofragrance,Leofragrance,https://pump.fun/profile/E4Ka2GiyZNsDSsQHJssSgoBeKEcuiRdnZKumhnopRMee,LeoFragrance69,https://x.com/LeoFragrance69,"Leofragrance1,846 followers"
2yape,2yape,https://pump.fun/profile/8N7yv1i3gM6zH18EBUuFK5VG7cbdQU1ESQvBQveM1wMt,truslop,https://x.com/truslop,"2yape1,849 followers"
CamaboLambo420,CamaboLambo420,https://pump.fun/profile/Bfw66Qnx2rWi7y3rZNS5wCSrjcAkkrGV9XVfyay8N3Yj,CamaboLambo420,https://x.com/CamaboLambo420,"CamaboLambo4201,839 followers"
artcryptoz,artcryptoz,https://pump.fun/profile/CgaA9a1JwAXJyfHuvZ7VW8YfTVRkdiT5mjBBSKcg7Rz5,ArtCryptoz,https://x.com/ArtCryptoz,"artcryptoz1,810 followers"
thecumpound,thecumpound,https://pump.fun/profile/4ZHh57cMoH35wPUNLXSCi4TecjxMmQp7qFuLCtaCD5xL,TheCumpound,https://x.com/TheCumpound,"thecumpound1,786 followers"
qtdegen,qtdegen,https://pump.fun/profile/EYqPB4AUmRBJL3WyssF36z6L16Q982c3vnwzt7q1FLAQ,qtdegen,https://x.com/qtdegen,"qtdegen1,774 followers"
Theeesis,Theeesis,https://pump.fun/profile/DXkzKrdWRXbeFqLDiRjohFfHsgGGy3Qhy7bsvsqzuCmc,Theeesis,https://x.com/Theeesis,"Theeesis1,782 followers"
tuults,tuults,https://pump.fun/profile/5T229oePmJGE5Cefys8jE9Jq8C7qfGNNWy3RVA7SmwEP,tuults69,https://x.com/tuults69,"tuults1,789 followers"
dudeslav,dudeslav,https://pump.fun/profile/FKfQ2CDzZn24b5zziNh5fGja5Kd4z7DvaBmDnBjbapMc,dudeslavius,https://x.com/dudeslavius,"dudeslav1,774 followers"
spdrsol,spdrsol,https://pump.fun/profile/5iZvwfoMdnxXpPGw9hBKEz3tHv2jYG3TgExHDsWrpTyV,5iZedup,https://x.com/5iZedup,"spdrsol1,767 followers"
iroquoispliskin,iroquoispliskin,https://pump.fun/profile/3ZfGsZtPW4z1VD9iD4tDrkocTGC2LjXMtZYHn3szTaf6,IriquoisAz,https://x.com/IriquoisAz,"iroquoispliskin1,760 followers"
MisterERG,MisterERG,https://pump.fun/profile/5amwPVZ3JNuVt6Q4jH9JwqCY7kt5YQBJRgfCZW6Wf3pF,MisterE_RG,https://x.com/MisterE_RG,"MisterERG1,759 followers"
R41PH,R41PH,https://pump.fun/profile/FajxNukkjDLGXfB5V3L1msrU9qgzuzhN4s4YQfefSCKp,R41PH,https://x.com/R41PH,"R41PH1,736 followers"
TolyTolys,TolyTolys,https://pump.fun/profile/7LpJBPuwQZuUdtUWmhphramaTnkfDnrbuDfzBvPbkWfH,FlorinLunc,https://x.com/FlorinLunc,"TolyTolys1,752 followers"
ManLy,ManLy,https://pump.fun/profile/DfyGFRfPGtrcyizaYur3Fqzr61zgq8muX1ztXPCuBx5d,ManLyNFT,https://x.com/ManLyNFT,"ManLy1,715 followers"
qavec,qavec,https://pump.fun/profile/gangJEP5geDHjPVRhDS5dTF5e6GtRvtNogMEEVs91RV,Qavecc,https://x.com/Qavecc,"qavec1,707 followers"
waiterg_,waiterg_,https://pump.fun/profile/4cXnf2z85UiZ5cyKsPMEULq1yufAtpkatmX4j4DBZqj2,waiter1x,https://x.com/waiter1x,"waiterg_1,703 followers"
jrus,jrus,https://pump.fun/profile/951wq3qDowjKHaycrNaiRB5WpovYVKXnqhnrcKPh46zt,savemejrus,https://x.com/savemejrus,"jrus1,685 followers"
idrawsol,idrawsol,https://pump.fun/profile/2PSasNHg8JMsksdNzdQUAU6GpBSJRfBNySo36LEKMJXb,idrawsol,https://x.com/idrawsol,"idrawsol1,674 followers"
wToad,wToad,https://pump.fun/profile/Dk1B7mfPcVShVxtsz1eYTM3jKz3aGGDrAVtF3fmpxXoW,CrackedDevelop,https://x.com/CrackedDevelop,"wToad1,677 followers"
connoreo,connoreo,https://pump.fun/profile/HDLTWWVFBpJyDj3U3t41x45p8cxJJhmhrvaJpiny6tmm,Connoreo,https://x.com/Connoreo,"connoreo1,652 followers"
kuma999999999,kuma999999999,https://pump.fun/profile/2n5W5K7V3GiQmgHZhr2QrzBCrNNn8QFf9yXMavYH91F5,kuma99999999,https://x.com/kuma99999999,"kuma9999999991,649 followers"
Mzgete_,Mzgete_,https://pump.fun/profile/GTuctg8YR5oH1jdAaGMvkb51MSWPHE9nLCc1zUrwss6L,mzgete,https://x.com/mzgete,"Mzgete_1,636 followers"
SSTTEEPPPPAA,SSTTEEPPPPAA,https://pump.fun/profile/BpuSMK3CtgAqiH6veEnZVh8NfHwT2ijJgJEAWYaFQNRL,neversellmyskr,https://x.com/neversellmyskr,"SSTTEEPPPPAA1,612 followers"
0xStevenRee,0xStevenRee,https://pump.fun/profile/HufuiW43p5ekUTCmgiHJMqS6JuHcf9jLE5hqDrvyTKHN,0xStevenRe,https://x.com/0xStevenRe,"0xStevenRee1,609 followers"
TeTheGamerCalls,TeTheGamerCalls,https://pump.fun/profile/8RrMaJXYwANd4zEskfPQuSYE35dTzaYtuwyKz3ewcZQx,gamer8o0,https://x.com/gamer8o0,"TeTheGamerCalls1,610 followers"
Raintures,Raintures,https://pump.fun/profile/8fuMYhM5D6yYPvqCQehmm6vdUr4utGcUktC1ucxWacEj,raintures,https://x.com/raintures,"Raintures1,603 followers"
kyzzz,kyzzz,https://pump.fun/profile/72YiE4crBv2UhxRgRYKs4GaTGT2avbacfL4HNCfQLqsm,kyzenill,https://x.com/kyzenill,"kyzzz1,581 followers"
foederatus,foederatus,https://pump.fun/profile/7rnTq4E9bgkYTqMx62142zAFXnyifkDdJgGZc8jNq1xg,zsecftpov,https://x.com/zsecftpov,"foederatus1,568 followers"
slattx,slattx,https://pump.fun/profile/8NzYGogcuRBr8H4KW6B6DxV3NnrupRHdNUJ4pyWzsPSS,Cjslatty,https://x.com/Cjslatty,"slattx1,572 followers"
reubs,reubs,https://pump.fun/profile/A71r4j8B1LeW84DgGrg1fx9V1djf5Qvn73Ve2YrpbfxT,0xreubs,https://x.com/0xreubs,"reubs1,596 followers"
queenx,queenx,https://pump.fun/profile/DfhWLEnvc7GiwdQpdWPq2UNYiKofrbVL6iELyVxdCzNh,KostantsaV,https://x.com/KostantsaV,"queenx1,542 followers"
bukasphere,bukasphere,https://pump.fun/profile/8T1HF5gr2fcULHv3j3nu4koGALCmc8puGGonggmwfg55,bukasphere,https://x.com/bukasphere,"bukasphere1,524 followers"
gigajt,gigajt,https://pump.fun/profile/DovTWRa6K1PHG37beBSYQGBVPFBVhhDdqjCUSu3GqXuy,GIGA_JT,https://x.com/GIGA_JT,"gigajt1,525 followers"
notjeffsendor,notjeffsendor,https://pump.fun/profile/Aa1fekLz6CHi4R6aU8dVCk2PfCvD5nDwcuKboyerNJH,jeffsendor,https://x.com/jeffsendor,"notjeffsendor1,507 followers"
iApedFirst,iApedFirst,https://pump.fun/profile/DiBiwF5kwvhFc5EGkXE6Pje3XoqMmWjvE9MVtXjZhfft,LuisBernal_,https://x.com/LuisBernal_,"iApedFirst1,523 followers"
FuZe_Sol,FuZe_Sol,https://pump.fun/profile/E4N93kM2gGev4XBcDMf9ohW9uXCC6TK8WcBtx4zi92Jx,FuZe_sol,https://x.com/FuZe_sol,"FuZe_Sol1,502 followers"
monty,monty,https://pump.fun/profile/6nWLPrww43HxwYwCGShgSNK126426aFLFknSFZYX9NxL,ynmontyy,https://x.com/ynmontyy,"monty1,486 followers"
Jordan,Jordan,https://pump.fun/profile/EAnB5151L8ejp3SM6haLgyv3snk6oqc8acKgWEg9T5J,ohFrostyyy,https://x.com/ohFrostyyy,"Jordan1,505 followers"
FollowedByDev_,FollowedByDev_,https://pump.fun/profile/FFjtQ2vX7G7QQ9JSzqVvV6cGP4HiJcSEegYqK9VzyDBw,FollowedByDev,https://x.com/FollowedByDev,"FollowedByDev_1,483 followers"
TMH,TMH,https://pump.fun/profile/A38dM3RtNpewkwkWJeyj8C9c8yWtgaaAdh4Rdj1SXg3M,thememeshunterx,https://x.com/thememeshunterx,"TMH1,469 followers"
Naruza,Naruza,https://pump.fun/profile/ASVzakePP6GNg9r95d4LPZHJDMXun6L6E4um4pu5ybJk,0xNaruza,https://x.com/0xNaruza,"Naruza1,454 followers"
Cracked01,Cracked01,https://pump.fun/profile/5z6kUfp4rvDNp3YosjH6QogkkVyVZkDTKzb42DhqknbV,fisherjack0,https://x.com/fisherjack0,"Cracked011,424 followers"
anonymousfatguy,anonymousfatguy,https://pump.fun/profile/9ZUVfTL4j1khsThr2aFdRBDFUdSW6KwBc9Sxsqqg3ZYF,DerekMarsh28098,https://x.com/DerekMarsh28098,"anonymousfatguy1,423 followers"
samiamsol,samiamsol,https://pump.fun/profile/Fa7W3vDkFDsd9dqxtUDbTaTndGNqC6YiVvDR7ekpQ3rr,SamIamSol,https://x.com/SamIamSol,"samiamsol1,416 followers"
riskanonymous,riskanonymous,https://pump.fun/profile/2KBGGFSGge6d2XY7eH41GysoegVYHbHy1c6nbLcErZpy,riskanonymous,https://x.com/riskanonymous,"riskanonymous1,432 followers"
stillxtrades,stillxtrades,https://pump.fun/profile/A257pvy8sJoXKAsLY7oP1ZBCkk94dTRPQfKEh1XrQoen,StillxTrades,https://x.com/StillxTrades,"stillxtrades1,415 followers"
abil,abil,https://pump.fun/profile/2KQKDA9RtgB8wfGMcnGsKMfFY2BkktG2ETMtRPSAzB8C,Abilahbr,https://x.com/Abilahbr,"abil1,405 followers"
goodone,goodone,https://pump.fun/profile/9oPshWcnYgiYEnBHjg8Qcb869SPA8Y17PdFcdrjXNUgJ,goodoneGRR,https://x.com/goodoneGRR,"goodone1,404 followers"
makxbtt,makxbtt,https://pump.fun/profile/A2eUet8zzXhNYp3Kyz4MyUeds8U26RaaEHZAQ9QvyFwd,MakXBT,https://x.com/MakXBT,"makxbtt1,414 followers"
gampsito,gampsito,https://pump.fun/profile/96hq1rUo5qQk26NAP7wK6VtcnZXPKbkHpdVsdGwe3Cda,gampsito,https://x.com/gampsito,"gampsito1,387 followers"
lukie,lukie,https://pump.fun/profile/7u1HfqSgGzMqgYAazAE6cLSmhzwUdFXMeFW63eM3YT3e,luckylukiie,https://x.com/luckylukiie,"lukie1,379 followers"
ticiusmaximus,ticiusmaximus,https://pump.fun/profile/39ntNqPAQLUZab8EEx6gazncfxGgiZoYE9PEF5EgAKWB,TiciusMaximus,https://x.com/TiciusMaximus,"ticiusmaximus1,378 followers"
KING_Sweeper,KING_Sweeper,https://pump.fun/profile/75fKcDkNUNzpBigDd3znWYiwFVhAgFGMxUMh3pCs9EPu,Kingansem_,https://x.com/Kingansem_,"KING_Sweeper1,321 followers"
citizen738,citizen738,https://pump.fun/profile/2MEp1AV5Azg3aXbi9Qf9hYAEGgCCWYxSCz4YhUKNgsFr,csgoexcel,https://x.com/csgoexcel,"citizen7381,324 followers"
Atexela,Atexela,https://pump.fun/profile/741TyxhtrGgdtHJDmygqtjXyxmSLYGEucu42Bguj1tbg,atexela_,https://x.com/atexela_,"Atexela1,324 followers"
citadelwolf,citadelwolf,https://pump.fun/profile/E671Xf5Gs3YdXnoSyZ9WUzApWDFsBxYL6ZnpRb11VZQa,citadelwolff,https://x.com/citadelwolff,"citadelwolf1,293 followers"
DizzyDice,DizzyDice,https://pump.fun/profile/FEmaTfeVKMcfkXMebtdCm92fe4mU3wMAy5U95AWwd8jD,babyshark040,https://x.com/babyshark040,"DizzyDice1,299 followers"
manlystarkbale,manlystarkbale,https://pump.fun/profile/AQctwcLVGbfK9mYWBerQ5vnmVBFVRg4XoaSQtdk9P2ti,CassiusWytrykus,https://x.com/CassiusWytrykus,"manlystarkbale1,283 followers"
CryptoCeeJay,CryptoCeeJay,https://pump.fun/profile/CS3EREmMkPMsCswoxjt2oYE41SYhg4t1L6A1TahRRBTy,CryptoCeeJay2,https://x.com/CryptoCeeJay2,"CryptoCeeJay1,288 followers"
AstroLP,AstroLP,https://pump.fun/profile/AHFD1ENmcRq4v3Uj8RG4soZp1EMfH3GgWY4Y89RCpVFA,MercenaryCap,https://x.com/MercenaryCap,"AstroLP1,267 followers"
CryoPalmar,CryoPalmar,https://pump.fun/profile/GHX4AGfG3mQeXsMGD7JgTuerxNMqKVjeW36zV9ErvPaQ,CryoPalmar,https://x.com/CryoPalmar,"CryoPalmar1,273 followers"
mechsupply3,mechsupply3,https://pump.fun/profile/EU2VkSiAgS2xd7FhPaPXEhxKW5fNp1gwVukf6YyrfUoR,cryptoanon1,https://x.com/cryptoanon1,"mechsupply31,233 followers"
lollipop12,lollipop12,https://pump.fun/profile/CoDdw3cAX13dxwahw2C16ohsVhrDdrN3UVb4mvNLo9wD,Echoo99x,https://x.com/Echoo99x,"lollipop121,232 followers"
pockethitlers,pockethitlers,https://pump.fun/profile/9RrKUhRpbPDNxR7x88ZsCgdtqPHUfwYPjj4JdpV4FBj9,pockethitlers,https://x.com/pockethitlers,"pockethitlers1,239 followers"
waynecapital,waynecapital,https://pump.fun/profile/4xHGhy4r41XNEgeHpKSC725aZjy6tR5E92xNjs4odBPR,onchainscammer,https://x.com/onchainscammer,"waynecapital1,229 followers"
Pinq,Pinq,https://pump.fun/profile/2Tp9scbrD3mrzFCQexmw56QY19bZ7VtRydAqkXUB8D65,Pinqxz,https://x.com/Pinqxz,"Pinq1,214 followers"
netanyajew,netanyajew,https://pump.fun/profile/BoHFkWFXaVYTbDJ36yowkEnqam87H1hbyBQpQfaC8mCD,mrnetanyajew,https://x.com/mrnetanyajew,"netanyajew1,216 followers"
pikalosi,pikalosi,https://pump.fun/profile/9cdZg6xR4c9kZiqKSzqjn4QHCXNQuC9HEWBzzMJ3mzqw,pikalosi,https://x.com/pikalosi,"pikalosi1,207 followers"
LOOSE_CANNON,LOOSE_CANNON,https://pump.fun/profile/DA6myx3wcgQxwDSMGNqWBZEn6g4t7vJ9Cb7WVmarfhVj,TheCommonsHQ,https://x.com/TheCommonsHQ,"LOOSE_CANNON1,203 followers"
UNCOWIZ,UNCOWIZ,https://pump.fun/profile/7x7NoswdWFZspTPTh1XyrbdSRbe19nSEsrxSj5T9QJfh,UNCOWIZZY,https://x.com/UNCOWIZZY,"UNCOWIZ1,220 followers"
fawkinsends,fawkinsends,https://pump.fun/profile/33EKBAWUHwwTaKdUtg8hkkwZuoCvLJELJYJop83EFo6v,fawkinsends,https://x.com/fawkinsends,"fawkinsends1,194 followers"
QUANTTWINS,QUANTTWINS,https://pump.fun/profile/31xn6jPHHyiGjPuDwDnZNEkt1qris4opqjNFwEP1UpSm,LaunchXp1,https://x.com/LaunchXp1,"QUANTTWINS1,185 followers"
drkwyd,drkwyd,https://pump.fun/profile/E4WuDtSt39GpUacPoFnaqU1jSni8LMG3nGt2mWL331NA,drkwyd,https://x.com/drkwyd,"drkwyd1,168 followers"
basedaf69,basedaf69,https://pump.fun/profile/FHMUdL1ib65cCmHMK4URsqadwUCyTjHzkWE8CN1pQ21m,nicker20111,https://x.com/nicker20111,"basedaf691,177 followers"
paradox196,paradox196,https://pump.fun/profile/6ikiPyrZ2oyQQrVB4p4d6K3hUVwmBn8zcqXfcDWMKNCd,AbraHamZitter,https://x.com/AbraHamZitter,"paradox1961,160 followers"
Serpent,Serpent,https://pump.fun/profile/3QaWsDXFT4eDY5ddxhQzPUR5uorcWxoEGogyAuMYLU7n,Serpents_Game,https://x.com/Serpents_Game,"Serpent1,160 followers"
MICHALMAT2,MICHALMAT2,https://pump.fun/profile/FkBfgiNYSjCCVhwVQm6jBN4mSM9seUjgTFwxwTkm4UUR,michalmatrejek1,https://x.com/michalmatrejek1,"MICHALMAT21,149 followers"
degensendor,degensendor,https://pump.fun/profile/CP45inQmcZuKzgpmvs39mFgBKL7kYPxmzr3Wt1r5cGEx,PewPewQQs,https://x.com/PewPewQQs,"degensendor1,151 followers"
penispoop420,penispoop420,https://pump.fun/profile/6fda85QtibD5Zx9gspmoQjX3ZocQVCfmMzrzi1R3K4FE,penispoop420,https://x.com/penispoop420,"penispoop4201,139 followers"
crypce0,crypce0,https://pump.fun/profile/5ghUXGD9VHqtHR1HCUNDdqxGnVGs7DWkX8Zz9X11G36N,crypCE0,https://x.com/crypCE0,"crypce01,137 followers"
mrhiggs,mrhiggs,https://pump.fun/profile/E3uKxip6RqsNzcVjPP2nCQ7WJZrWugvLHkPZAcVBdSWP,Cryptolunacy1,https://x.com/Cryptolunacy1,"mrhiggs1,129 followers"
ruggedbyasian,ruggedbyasian,https://pump.fun/profile/H8SCYZez6evwJ5m8NJrbmVxLD8mqD2S65SQMGaVzd5Uj,CTOGod,https://x.com/CTOGod,"ruggedbyasian1,144 followers"
mthego4t,mthego4t,https://pump.fun/profile/EgQvLAhoQi3Eo1E5A6aR4VW7iT9Xs7uA8AhtRT9YxaMQ,mthego4t,https://x.com/mthego4t,"mthego4t1,111 followers"
0xGangy,0xGangy,https://pump.fun/profile/4NiGG4Z6gX1khrs77QyTe8hLxP72DsxgtkYByAuPD7b1,0xGangy,https://x.com/0xGangy,"0xGangy1,109 followers"
ChimmyMyChanga,ChimmyMyChanga,https://pump.fun/profile/63sEGJGCGAJddJk9buRzaapUqRRaAV2KPtsx4HWnNNUo,Memexaigod,https://x.com/Memexaigod,"ChimmyMyChanga1,109 followers"
sunshine704,sunshine704,https://pump.fun/profile/EArQZbNCTQ8JDHNbCsoFVJK9qESqeiHguGtTSuT8kAXR,sunshinenath0,https://x.com/sunshinenath0,"sunshine7041,107 followers"
TheLastShogun,TheLastShogun,https://pump.fun/profile/sy1RcHw1AaiEEdmT1hQmJVBFb59XCcWqR1pfrkyEuqd,TripleBrains,https://x.com/TripleBrains,"TheLastShogun1,099 followers"
ibuycoin,ibuycoin,https://pump.fun/profile/2TFd3TWqueQeN4Djgoqwqh1ThsuTgKzeh7Jy5ocH2D3T,ibuycoins,https://x.com/ibuycoins,"ibuycoin1,089 followers"
imfebu,imfebu,https://pump.fun/profile/ApWpkd8tpPTdTFNihoYuF5en8Y27TQn4LAQTvvmf8faG,febu,https://x.com/febu,"imfebu1,094 followers"
moneymaykah,moneymaykah,https://pump.fun/profile/2CXbN6nuTTb4vCrtYM89SfQHMMKGPAW4mvFe6Ht4Yo6z,moneymaykah_,https://x.com/moneymaykah_,"moneymaykah1,073 followers"
notne0n,notne0n,https://pump.fun/profile/3jN1M8gWLk2ryTGnscrcwRK1Gy4Ttzq5QizWT8uizZsT,Ne0neth,https://x.com/Ne0neth,"notne0n1,078 followers"
13b557,13b557,https://pump.fun/profile/Dt73Jbqt35xYScr2bMyvrv56bjJva2S8PGq98gAPmWTU,WakcuC,https://x.com/WakcuC,"13b5571,062 followers"
quiettuna02689,quiettuna02689,https://pump.fun/profile/34JiFUR96ULnvtp5h5gWgk6JrSvYFFB5LTnLWvPG4bTR,KrigerThe,https://x.com/KrigerThe,"quiettuna026891,048 followers"
daelovesgwap,daelovesgwap,https://pump.fun/profile/FnGjydETmN1wUxFK9d9YNZtxRVVq1BmEutCbKG9tXLQk,daefromclt,https://x.com/daefromclt,"daelovesgwap1,050 followers"
hoeleeshiet,hoeleeshiet,https://pump.fun/profile/944q8jiyLsHoYaVieiz96zGcATUHuMj3G47H1RAQunH6,hoeleeshiett,https://x.com/hoeleeshiett,"hoeleeshiet1,036 followers"
biirkinz,biirkinz,https://pump.fun/profile/DBmY8AFS4S2Q6JvqKmfdGNy5MtTDsP1FqHkuz3QqPW61,biirkinz,https://x.com/biirkinz,"biirkinz1,044 followers"
zigonaccii,zigonaccii,https://pump.fun/profile/H7wWzRKMh1rsEaPFGkkWWQMMTpbAVn8MkynXfBCC5ACs,Zigonacci177,https://x.com/Zigonacci177,"zigonaccii1,030 followers"
Skroot,Skroot,https://pump.fun/profile/7x6AHogMm2SYoYmJwiRm691ro3eWTQoVz4taHK6Q19AR,skrootimburg,https://x.com/skrootimburg,"Skroot1,021 followers"
awkwardboner,awkwardboner,https://pump.fun/profile/EkPMh3fE5oLSc7z7Hm3BNaXciv97BBDQihMe8MH2fXdG,awkwardb0n3r,https://x.com/awkwardb0n3r,"awkwardboner1,005 followers"
fudmasta,fudmasta,https://pump.fun/profile/7GH2MYGT3PAmrRbKMLm8JEf49kuA3eLZX2RpZquFjK4V,Fudmasta,https://x.com/Fudmasta,"fudmasta1,004 followers"
Sukiee,Sukiee,https://pump.fun/profile/XRriruYAcwqDrGdMLagcybLqP4nsdQVuirA5i4NQBjY,bySukie,https://x.com/bySukie,"Sukiee1,007 followers"
Altais,Altais,https://pump.fun/profile/DxSmQpJ4WJCn9H5KzVEpTo5BhdhrP7HaMnfnjvcPtn71,altaisN,https://x.com/altaisN,"Altais1,007 followers"
justin_x_crypto,justin_x_crypto,https://pump.fun/profile/2efuLyS8z4YdYogdnanaUyTy5HywW7TC1faBLheG1teJ,JustinCrypto88,https://x.com/JustinCrypto88,"justin_x_crypto1,007 followers"
YourMistyy,YourMistyy,https://pump.fun/profile/8NFh9y6qmMigMvRtT2KhrnCDo4BE2jMYcondAzmXZ26E,YourMistyy,https://x.com/YourMistyy,"YourMistyy1,007 followers"
hoodscall,hoodscall,https://pump.fun/profile/91sP85Ds9A4EXJ3gU3iHyLtUNJimxz8LrxRb2qhBNod9,hoodscall,https://x.com/hoodscall,"hoodscall1,015 followers"
BigSmed,BigSmed,https://pump.fun/profile/9SpPHRom5GaHfD6krwKE7h6b1yoB2WqHMCKtU4JFiD1U,Smedlrg,https://x.com/Smedlrg,BigSmed999 followers
payki_flip,payki_flip,https://pump.fun/profile/8UfkYXd2cSE8CXmcfnbtF7DcgUeJJoQpt2TmSHrkCvD6,Payki_Flipper,https://x.com/Payki_Flipper,payki_flip954 followers
semright,semright,https://pump.fun/profile/Au8oJ2kqvRq61JjNLDgsSg2E5GYnXYW6txaSQ392RdcU,heiscryptodev,https://x.com/heiscryptodev,semright949 followers
Utsuroo,Utsuroo,https://pump.fun/profile/BzfPijFwfP9xE8WLh2dL4PQgHyEEmCqLztnsKdiS83WY,Omarutsuro,https://x.com/Omarutsuro,Utsuroo942 followers
natehiggers777,natehiggers777,https://pump.fun/profile/HPP6H7CCAEvCZA2qYmiYN7Bhv7ztR874CrQ4okJvA5a4,CAIRO_CTO,https://x.com/CAIRO_CTO,natehiggers777934 followers
bthighlyfavored,bthighlyfavored,https://pump.fun/profile/3iwsr9782Gp9xtRyK2ZkHC85uG7YnQWHYtWKptA4HqXS,BryanTolbert79,https://x.com/BryanTolbert79,bthighlyfavored938 followers
1futuremilli,1futuremilli,https://pump.fun/profile/C5TUkUFKEJnR6XGVgw7dbGrVBEqJMPjk4WfQkg6zC18f,ductman84,https://x.com/ductman84,1futuremilli928 followers
degen_lotus,degen_lotus,https://pump.fun/profile/5Y5nsbGfQSfTUSewkNfGUUrMe75ZdGqs8v5Nx5UX9Pge,degen_lotus,https://x.com/degen_lotus,degen_lotus928 followers
Grandpa__,Grandpa__,https://pump.fun/profile/9QnajN3JhWHgjqFgnshJmU8RDXG98UXGRj2w4z2UKMEG,DestinyMaker999,https://x.com/DestinyMaker999,Grandpa__926 followers
yourpop8,yourpop8,https://pump.fun/profile/AZsapKvpDHpvpUwn1dV8i5vo5MhQQBwMqu6praZMgR7X,Yourpop8,https://x.com/Yourpop8,yourpop8923 followers
fullmarginreal,fullmarginreal,https://pump.fun/profile/EbeqQ1MnViSqWbGhUTMfnXHiW1rcPRJ3StsWtL7z9vSg,fullmarginreal,https://x.com/fullmarginreal,fullmarginreal923 followers
brycehall420,brycehall420,https://pump.fun/profile/8JghQasNERcZUhigqUKZefWhnTZctV8yTES762zjFiTd,BryceHall,https://x.com/BryceHall,brycehall420928 followers
TheAnchor,TheAnchor,https://pump.fun/profile/9fTTe4au17SxqPM1L3bhbn95CHDrPHvQbyXUvBxty2Sb,TheMemeAnchor,https://x.com/TheMemeAnchor,TheAnchor929 followers
shitanalyst,shitanalyst,https://pump.fun/profile/4XnHZZmHwSQ8RszJsdc7snvxG8dZtm6g4hvpkCMkguMx,ilikethetech,https://x.com/ilikethetech,shitanalyst891 followers
BAMNU,BAMNU,https://pump.fun/profile/7mcAa2YiEypMD6dP6AF5RUbpHQdVFd44cuHY3Kbm4wrR,BAMNU83,https://x.com/BAMNU83,BAMNU890 followers
evaedxn,evaedxn,https://pump.fun/profile/AXb8RtxkxX5Qtos92JKKNcmjs6v6Wagpbw8zkvqk6EM3,evaedxn,https://x.com/evaedxn,evaedxn879 followers
Antsemen,Antsemen,https://pump.fun/profile/BaKybri8mKDAMLWgfNVNAGzWcaEFBK9wVGK5NWBKNjFy,Antsemen06,https://x.com/Antsemen06,Antsemen872 followers
ogdevintraining,ogdevintraining,https://pump.fun/profile/GtUej7NeaYSYQeRPtrMbdTLqh2ecVnhkBqmuyrYnnHkV,CryptoMesiahh,https://x.com/CryptoMesiahh,ogdevintraining875 followers
RANDOMPLAYER,RANDOMPLAYER,https://pump.fun/profile/4ETQjWeRwztkuiboJ5YBHP4k2Pc1Vsnf2je8Xe7wPoU5,kingoftrenchx,https://x.com/kingoftrenchx,RANDOMPLAYER868 followers
clausw,clausw,https://pump.fun/profile/5aQKsGaPXLipMu5kXNw8zsYt9xKiD93MyY2iJjgP7yvd,kledfnn,https://x.com/kledfnn,clausw866 followers
trenchbenji,trenchbenji,https://pump.fun/profile/GUDP1dP2C4S3M6dYrSXMFPumWg1Gt1s1N1FqAThsiXWZ,BenjiOnChain_,https://x.com/BenjiOnChain_,trenchbenji864 followers
Kingcardano,Kingcardano,https://pump.fun/profile/3dnoztGbk4X7hwMuFcNa8a4BXtMiKpoK9eHatHtDcNNa,kingcardano,https://x.com/kingcardano,Kingcardano856 followers
miggsytrades,miggsytrades,https://pump.fun/profile/HNozKLoXu3UL41ekFavzuSoLu7KEjj5wTYj3khwMifyd,kingMigs01,https://x.com/kingMigs01,miggsytrades860 followers
tradesnorter,tradesnorter,https://pump.fun/profile/9rA9gENtPu6wT77YVSMY6hdNzcLxfkfnxPePkooWQy9J,topsnorter,https://x.com/topsnorter,tradesnorter845 followers
Lithargickraken,Lithargickraken,https://pump.fun/profile/73qTwiQg8stMMHxmni5PbaS12eC28eFo1SEVk1pbHgC7,gibby_mike,https://x.com/gibby_mike,Lithargickraken853 followers
richymetax,richymetax,https://pump.fun/profile/BDihtxuoSNhzAhtFszVpRDYvGuy1XZ43oE7W4mn1eh8t,RichyMetaX,https://x.com/RichyMetaX,richymetax842 followers
kinggeesky,kinggeesky,https://pump.fun/profile/7GVXkqVEQb6WscV2oh5kb3tbKauGFH3L555va2HaFxPx,ArthurTaggart3,https://x.com/ArthurTaggart3,kinggeesky831 followers
whitewhaledev1,whitewhaledev1,https://pump.fun/profile/FPrWHsHS2SVqSpCZrsdqfiND2un8d4rQN1tNQJ8febNs,TTTASKFORCE69,https://x.com/TTTASKFORCE69,whitewhaledev1849 followers
molodoy_sol,molodoy_sol,https://pump.fun/profile/7LQ4vhWzLwFf7kVCgrGvEY9KopFiGVgpV88Y4USqCaB2,molodoy_sol,https://x.com/molodoy_sol,molodoy_sol822 followers
tearzeth,tearzeth,https://pump.fun/profile/Sccqzha4HgbjPtiC8T8cTdKLkT3eNZZpd1gci32u9hm,tearzeth,https://x.com/tearzeth,tearzeth830 followers
0xWarlord_,0xWarlord_,https://pump.fun/profile/H1TLERBQyQzSd5gbvbWwP97GjeL9txzWoN5BK4UG7xYm,0xWarlord,https://x.com/0xWarlord,0xWarlord_820 followers
xanse,xanse,https://pump.fun/profile/B9K2wTQcRDLRLhMKFyRh2hPqHrr6VKiCC9yNGpkMUXrh,Xanse_crypto,https://x.com/Xanse_crypto,xanse820 followers
Crackduval,Crackduval,https://pump.fun/profile/GN2CGUyYYLakXQmeiNtfvxcNDviKM9biqQMnxfEPzF4C,yourmomsui1,https://x.com/yourmomsui1,Crackduval820 followers
Zepto_Official,Zepto_Official,https://pump.fun/profile/HL9rRBGSQRaeCqCXtFcraHBkx2mLBHnGEQpNqiPpuk3b,ZeptoOfficial,https://x.com/ZeptoOfficial,Zepto_Official814 followers
neekneeo,neekneeo,https://pump.fun/profile/DndEBCsskgrCT6a2r4LtAhPjxoWW5H4CJGEGPi3A6zas,neekneeo,https://x.com/neekneeo,neekneeo810 followers
Sleazye,Sleazye,https://pump.fun/profile/FZbvX3DYePhTLhCpCm1UT9UVC1K6oMYzTkJkmMBnVkHp,JoeyWild742152,https://x.com/JoeyWild742152,Sleazye806 followers
ZefWasHere,ZefWasHere,https://pump.fun/profile/EjtQrPTbcMevStBkpnjsH23NfUCMhGHusTYsHuGVQZp2,ZefWasHere,https://x.com/ZefWasHere,ZefWasHere804 followers
jeetburner,jeetburner,https://pump.fun/profile/7dP8DmRka5rmQti4zEEDjdAyaQyvFsPkcXMjEKJucqCu,Jeetburner,https://x.com/Jeetburner,jeetburner801 followers
lowkeyysol,lowkeyysol,https://pump.fun/profile/9ecRdqNCBxwReiY2pxtnLeayeBzE1CrSSmKKJJGdmsaJ,lowkeyysol,https://x.com/lowkeyysol,lowkeyysol792 followers
develifyqx,develifyqx,https://pump.fun/profile/FBVuihUwpnztz42MdWYqXLP2t9yHJ86jVNHrEkHiW1Fv,Develify2,https://x.com/Develify2,develifyqx797 followers
trenchguerilla,trenchguerilla,https://pump.fun/profile/9St6ETbe3CFitw6UNSd8kg7kZ6STXy71wEGiERqQj89U,trenchguerilla,https://x.com/trenchguerilla,trenchguerilla792 followers
pumpclan1,pumpclan1,https://pump.fun/profile/2ePKvtnCSTR8dhikuXHeLAP7mt51RZWrqYF9Zdz5nbRa,SOLPUMPCLAN,https://x.com/SOLPUMPCLAN,pumpclan1793 followers
_Elboss,_Elboss,https://pump.fun/profile/81yGFvBZGxqGmUp1Lnv6xtZ5extLnEW8uoaUEeid819m,ElbossBU,https://x.com/ElbossBU,_Elboss789 followers
tommyfades,tommyfades,https://pump.fun/profile/3XNbxn8PHezWv9UF6etyscv4iuAcT78dtiyjiC7gRqYw,awesomeTN,https://x.com/awesomeTN,tommyfades776 followers
notbarrontrump,notbarrontrump,https://pump.fun/profile/HKcsAKGpxnFxz7DGkNYP4X7M34kqj6sSwQoygh4djC98,Enxgma3,https://x.com/Enxgma3,notbarrontrump771 followers
KenDy,KenDy,https://pump.fun/profile/EYdSDB1KzhRUqWvdF546FxBFoZUcxHiEDRxqv3csCt7T,CryptoAdd1ctt,https://x.com/CryptoAdd1ctt,KenDy773 followers
devo4317,devo4317,https://pump.fun/profile/CBVwEzT4eZn4jN1eEAuwbv7UE1NdZ3TV1mdeSJXAgAB7,devin_22972,https://x.com/devin_22972,devo4317777 followers
DonCryptonium,DonCryptonium,https://pump.fun/profile/H5yCFHBPNycF7xqnHkHJUHvVbk2anz7MzXzRzSo8eaJZ,DonCryptonium,https://x.com/DonCryptonium,DonCryptonium766 followers
estaphan,estaphan,https://pump.fun/profile/BMTc1CDg67cQrbV14uc99whNb1ThqZBaNg4RpsgjAZ4C,EstaphanAguiar,https://x.com/EstaphanAguiar,estaphan769 followers
blockheadsol,blockheadsol,https://pump.fun/profile/E9yyJEa26jauFjadZf8FprnrgJsrUFHVtTGdnx9wrcZG,blockhead_sol,https://x.com/blockhead_sol,blockheadsol762 followers
travonchain,travonchain,https://pump.fun/profile/CXnf4Tt7qFz3KZNwn3Yve5MKaRyxGoAy2eDX3QT8e99m,wakeuptrav,https://x.com/wakeuptrav,travonchain768 followers
twotymes,twotymes,https://pump.fun/profile/7LmUhBN8hHYjAcRajQCiSX2Fewevyvz51pP8KBBcmb1H,eyecookmemes,https://x.com/eyecookmemes,twotymes755 followers
mrfinland,mrfinland,https://pump.fun/profile/GnDgKmkmVs5oADrFoPFaGQ5RMbfYbkFbS7eB2iUGBx9r,CryptoSnitcz,https://x.com/CryptoSnitcz,mrfinland746 followers
RealTurtle,RealTurtle,https://pump.fun/profile/2wBMtNDQx8pabPDSPqNid9EKKNEp5PVKReUksFV9qzNV,Tuuurtleee_1,https://x.com/Tuuurtleee_1,RealTurtle749 followers
Senior_man,Senior_man,https://pump.fun/profile/4QMdy4SXfLpSg8U8VaLXgT3mXqR9k8DUHGmAa2LfiMop,Juniordip0,https://x.com/Juniordip0,Senior_man748 followers
RoJ_,RoJ_,https://pump.fun/profile/Dpdx6t91QrZgAQ6b4FQVMjS9CKstLtneprv8UyRynHBm,Rortizjimenez17,https://x.com/Rortizjimenez17,RoJ_737 followers
tauruss,tauruss,https://pump.fun/profile/4hCsRyLj1Sb94ds8ugPi4LJQqh99wfxuqU7XHD4h2FKU,DanWalllz,https://x.com/DanWalllz,tauruss733 followers
WinAllDay_,WinAllDay_,https://pump.fun/profile/98Gfo4iGa2tfn9wT7i9o3tAZeP8B9z2ZqP3Epqs6n5Zu,winallday_,https://x.com/winallday_,WinAllDay_725 followers
traderjay,traderjay,https://pump.fun/profile/DQJB8FdpydxysoLbYBVKYBq2mnsBHRycG6KEkF7e82bk,_traderjay,https://x.com/_traderjay,traderjay727 followers
GIGA_RAD,GIGA_RAD,https://pump.fun/profile/HwqgwcLL6Y9uBsaBhGsdcBrmc424dJEtZ7nAgUfA7bSP,40_rad,https://x.com/40_rad,GIGA_RAD719 followers
HamsterBandit,HamsterBandit,https://pump.fun/profile/UDuxGmpRGSRWVay9s5Yh6iZ5CgQs2JGUgyQSiqL5jxX,sdf234fd,https://x.com/sdf234fd,HamsterBandit716 followers
AkanamiRei,AkanamiRei,https://pump.fun/profile/D6dgUXN6sC7P6xmKGawCZuyNjXHvDg81QSRSs77RJmzi,noblescaryshuck,https://x.com/noblescaryshuck,AkanamiRei717 followers
Bidozapayor,Bidozapayor,https://pump.fun/profile/3S7B49r7ToXNd8evFaPER1q23JtKg43TUD4Z2ncmvAGh,Riseblessed,https://x.com/Riseblessed,Bidozapayor712 followers
helvetiacoin,helvetiacoin,https://pump.fun/profile/HDCmqyJPuxtVGcfYmqH8wNYWoKBy9itpVnjACbqF2whi,1mHelvetiacoin,https://x.com/1mHelvetiacoin,helvetiacoin710 followers
bigshark26685,bigshark26685,https://pump.fun/profile/CA63Tv2yquK9nx912VDhqN8Gp3ioRFK7ggNwnR6T7s9,MardoResearch,https://x.com/MardoResearch,bigshark26685704 followers
Loading_eth,Loading_eth,https://pump.fun/profile/2VepKm2D2ejy4rgNXs93qXDbxFoF6JekP5U15aKAsUnV,Loading_ETH,https://x.com/Loading_ETH,Loading_eth697 followers
BeyonderTR,BeyonderTR,https://pump.fun/profile/BB1jeGTHnvU3DLiAQkuucBsRWqEx4R4oPLXV52RX9QSh,BeyonderTR,https://x.com/BeyonderTR,BeyonderTR706 followers
derivativist,derivativist,https://pump.fun/profile/jAWjap1jBXDm8wL2Qfped3j4ASa5nhKv5vmwm4gmTx4,derivativist,https://x.com/derivativist,derivativist701 followers
batsol,batsol,https://pump.fun/profile/E1icorNRLQMDr1C8qWBtA9aadRK2uT2daRYQjtkWUQL1,bat0n336,https://x.com/bat0n336,batsol696 followers
Quaza,Quaza,https://pump.fun/profile/FrBXvy7aw5AX8tjtS11HtHvRy2ysFVHbeU7ArKdiDRRS,Quaza0,https://x.com/Quaza0,Quaza699 followers
moonpiejoe,moonpiejoe,https://pump.fun/profile/1krnKHh9AqrLsA9jRusuD1AUJhzTu3cmD7TvwtroKAJ,MoonPieJoe,https://x.com/MoonPieJoe,moonpiejoe706 followers
99i9,99i9,https://pump.fun/profile/99i9uVA7Q56bY22ajKKUfTZTgTeP5yCtVGsrG9J4pDYQ,SKupeal1973,https://x.com/SKupeal1973,99i9693 followers
Arango,Arango,https://pump.fun/profile/7NPLMWgrFWEADvHu4BwzgpAKcyD42TWdgJAHWW2iYTJS,arangotrades,https://x.com/arangotrades,Arango690 followers
lowskii,lowskii,https://pump.fun/profile/41uh7g1DxYaYXdtjBiYCHcgBniV9Wx57b7HU7RXmx1Gg,Lowskii,https://x.com/Lowskii,lowskii694 followers
Chris_Sniper,Chris_Sniper,https://pump.fun/profile/6i7FrEBGEKx1okC6u7Hp66DepNm1Atc9qtwwYSwBvken,RealChrisSniper,https://x.com/RealChrisSniper,Chris_Sniper688 followers
ProfitTrencher,ProfitTrencher,https://pump.fun/profile/AcEDxrXbh294JEjtR6tVHKDTTPg9M6qNPUmA7zMfQdUZ,Profitrencher,https://x.com/Profitrencher,ProfitTrencher684 followers
folkz,folkz,https://pump.fun/profile/Gp2KKzeEWr6bUYQLsZQXYjCxPATDSHqfg2XEeMmP4AKA,Early100x,https://x.com/Early100x,folkz682 followers
jspizzlecryptoo,jspizzlecryptoo,https://pump.fun/profile/4z3WtX32eehkmnaNNstZWyAuVBhj6cgpk5JtkdTa4m4A,JSpizzleCrypto,https://x.com/JSpizzleCrypto,jspizzlecryptoo682 followers
Catalyst67,Catalyst67,https://pump.fun/profile/Dpbio5QvNrPxCJyHtnJAZXWoMgcLfSN1gi25GZ3iHBoy,villianera187,https://x.com/villianera187,Catalyst67669 followers
64_,64_,https://pump.fun/profile/4PsB7xKZ6srTKNT3KQvYepdgKWLCKaB5DintUnjs4vb1,6Foot4Honda,https://x.com/6Foot4Honda,64_671 followers
datdgen,datdgen,https://pump.fun/profile/5GiVuwaFM9ye25S84o7oTeDTq2Gu1tHP6ozJcjg44sv5,DatDgen,https://x.com/DatDgen,datdgen667 followers
analyze,analyze,https://pump.fun/profile/8ZBVBpcJPSj8gEvmX4KYL3DXmjamNL5GKWUFZgSWiF1i,analyzationz,https://x.com/analyzationz,analyze658 followers
zoras413,zoras413,https://pump.fun/profile/Er1hd9Chx8B9XCwvca2AqHbNFmuHfNz5S9WG5qBL5576,zoras413,https://x.com/zoras413,zoras413661 followers
masterchief_93,masterchief_93,https://pump.fun/profile/AVY74B271rKHo4yW5P12nhhp8ckogMx5Dgf6xVMcTJyf,masterchief_93,https://x.com/masterchief_93,masterchief_93661 followers
nizz,nizz,https://pump.fun/profile/7U7CCAy6T5ah6ePqhsfaPGvbCwzaNkFiPfKSk1aAytBT,Nniizzyy,https://x.com/Nniizzyy,nizz659 followers
mikkee,mikkee,https://pump.fun/profile/53fDh59BJ2ASxM4P1skfndDu9MpM6jtp2bvxHTxCmURZ,mycroftnft,https://x.com/mycroftnft,mikkee655 followers
Ishortmemes,Ishortmemes,https://pump.fun/profile/EgSptShwdAQVgNZ5v4fFaStUQnrig9wDtx9jfQBg7cTp,KyleBands1,https://x.com/KyleBands1,Ishortmemes655 followers
deftcreek,deftcreek,https://pump.fun/profile/45e2NBuoojo95fz1w78i73ZWjZ4iE29oqkEaqCkYaXoT,deftcreek,https://x.com/deftcreek,deftcreek660 followers
ImpactHills,ImpactHills,https://pump.fun/profile/Ebs4ZfFYyWia2NudmTUniLaQ1qpHhLHN1TFJ43WrmaqB,Impacthills,https://x.com/Impacthills,ImpactHills651 followers
satoshigan,satoshigan,https://pump.fun/profile/EvqHx1ePQzVgH6tCLHwPADXHKbEazxBGZmeMGXzzgvdE,Satoshigan,https://x.com/Satoshigan,satoshigan655 followers
Ple3ted,Ple3ted,https://pump.fun/profile/HGvNQJqfRiHTXw93fcrhCro8vycymxNbFJiSqKFPFk8p,Sup3rUnc,https://x.com/Sup3rUnc,Ple3ted649 followers
TatortatsXD,TatortatsXD,https://pump.fun/profile/edcow7o5VGsZEhkrFy21XuDfR3m3YWU9jq6RyjcczoP,TatortatsXD,https://x.com/TatortatsXD,TatortatsXD648 followers
CRYPTOXAVIER,CRYPTOXAVIER,https://pump.fun/profile/6DTmJxZW1Dwuyb7UuUo5yYFHwQewfZDLaNYvFinvAYsj,PumpFun056,https://x.com/PumpFun056,CRYPTOXAVIER646 followers
tradermate999,tradermate999,https://pump.fun/profile/ED1a5PWWmme9P5MUPFfzZgNEXV2C893YcnbUdxGTGuWb,TraderMate999,https://x.com/TraderMate999,tradermate999645 followers
poopdaddi,poopdaddi,https://pump.fun/profile/GtCySxqpZz4trMcELrgJHXMoSnwcvsX5SN1iSJfuGaFA,J_TraderCrypto,https://x.com/J_TraderCrypto,poopdaddi658 followers
favoritedev,favoritedev,https://pump.fun/profile/ALJ4P5QNyHeLEjpKGmA1eUfJHSEGQMjY8HLnDkSgjczb,jesse_0466,https://x.com/jesse_0466,favoritedev646 followers
Ithrowfaster,Ithrowfaster,https://pump.fun/profile/49UQZzvVTbSFienT2pF711iFVyk3ktMetxVV4LJNCW9i,ithrowfaster,https://x.com/ithrowfaster,Ithrowfaster644 followers
beverly777,beverly777,https://pump.fun/profile/6mAHkEZ8iPcPQyXvEF73GeFbXVg6WDqrNe2u1bVsYUUP,beverly_4l,https://x.com/beverly_4l,beverly777651 followers
theS0URCE,theS0URCE,https://pump.fun/profile/HjuSthanedLrVgPBF2CkwPf9FCDinLj7r3i3jeaefSve,kodakjaouni,https://x.com/kodakjaouni,theS0URCE645 followers
thecartie,thecartie,https://pump.fun/profile/CAQnWyCe8KngMk9HUN5haya4cMjhzj2YtAMcffG8MtYA,WayneTechBC,https://x.com/WayneTechBC,thecartie644 followers
123prayforme,123prayforme,https://pump.fun/profile/D1B3gvmXBxENgruUSBdhzYcsNVLjLvXJUHb7Sv3Rn2gR,123PrayForMe,https://x.com/123PrayForMe,123prayforme638 followers
Plumber2mills,Plumber2mills,https://pump.fun/profile/A8MvfwBYNZAMMPV7B55kmLJUFuxhNEKBvqpfijcMQkCf,SOLAR_DAO_,https://x.com/SOLAR_DAO_,Plumber2mills633 followers
_42069,_42069,https://pump.fun/profile/2Yz8UBkQU6KwAXSFdREvvirBJSGS6C3Qk8wKp7ekZ18b,42069alpha,https://x.com/42069alpha,_42069634 followers
kiloklips,kiloklips,https://pump.fun/profile/6C4Q7PY6K83fn3cBhC6gMuwvbmYvNEZ4w4AeVEhEcpmi,kiloklips,https://x.com/kiloklips,kiloklips626 followers
trapstarr,trapstarr,https://pump.fun/profile/FcNduQWmV8KyQ8qJa965Qicz3y59hSpHsLWNobJ631bD,TrapstarXBT,https://x.com/TrapstarXBT,trapstarr628 followers
Kane_Degens,Kane_Degens,https://pump.fun/profile/6y8KQ1Zt4p61ckanRci5PUmwvNovHvoKV8jM7Lr1uBu5,Kane_Degens,https://x.com/Kane_Degens,Kane_Degens624 followers
0xRell,0xRell,https://pump.fun/profile/FsG3BaPmRTdSrPaivbgJsFNCCa8cPfkUtk8VLWXkHpHP,Reljoooo,https://x.com/Reljoooo,0xRell624 followers
Smartl3on,Smartl3on,https://pump.fun/profile/9Cy5WvciLtrJ1UfVqneYSzZk16Qf9qMxPVW7xFRYwoY,smartl3on,https://x.com/smartl3on,Smartl3on620 followers
silversol,silversol,https://pump.fun/profile/6okwAbYAXgCjkEJN5rAWiZC4DuEDnQrtowgZQecECRLR,SilverWolfBoss,https://x.com/SilverWolfBoss,silversol621 followers
0xbayou,0xbayou,https://pump.fun/profile/6oXqLE7x8wjJcSuSTCGpkr44a2aGUFj1oSmQcGqHGkfj,0xbayou,https://x.com/0xbayou,0xbayou616 followers
stnz,stnz,https://pump.fun/profile/GDCJwMpEiKazESdvpmP7qQBK43uHrsULCKFQhi6YGi6C,__STNZ__,https://x.com/__STNZ__,stnz616 followers
JacalCrypto,JacalCrypto,https://pump.fun/profile/C3zCUv1QyMLKmavQ4Q3a54zyfTBBfKjXcodp3AxkKiwi,JacalCrypto,https://x.com/JacalCrypto,JacalCrypto610 followers
Erequendi,Erequendi,https://pump.fun/profile/DDfrS9Cd5D2f6sBBoYVjnyEnHi7dpsNbXN3P8zCN6qBU,erequendi,https://x.com/erequendi,Erequendi608 followers
brahtoshi,brahtoshi,https://pump.fun/profile/EdydUtaP6cpiBAt7NCY7MjztfY5xaHiQCWozeEhAo2wE,ViralChillVibes,https://x.com/ViralChillVibes,brahtoshi617 followers
sroseee,sroseee,https://pump.fun/profile/BGnpsmRFLrBBYqe1RY1XqNep2d385167CpWzpwYGAoKH,SRoseee23,https://x.com/SRoseee23,sroseee614 followers
lurididealpound,lurididealpound,https://pump.fun/profile/5VGsBnzi5hzPjWsBcsUcmyKvMdnmKx1tY8b9krbMb1UN,UlisesUnicornio,https://x.com/UlisesUnicornio,lurididealpound605 followers
badducktrading,badducktrading,https://pump.fun/profile/9tU27EScUhbuFJG3rH5GvQ1kVTagFppY4UYrYe9jNrMj,BadDuckOfficial,https://x.com/BadDuckOfficial,badducktrading598 followers
EmperorOsmo,EmperorOsmo,https://pump.fun/profile/D9ptZig8eNRMmrdGRGTYfVWeLKCKWC5nKdf78Dur4dcY,Flowslikeosmo,https://x.com/Flowslikeosmo,EmperorOsmo594 followers
Azim1000x,Azim1000x,https://pump.fun/profile/EPaV2sJxthDJFTLyjPEUvKZzGzvfZacR5J24vPcRrymb,anwar_azim33010,https://x.com/anwar_azim33010,Azim1000x607 followers
CtrlVolk,CtrlVolk,https://pump.fun/profile/45mfiYVTzLpTPQCHc8fDibbpDjuCK665xdp78bDyYekY,ctrlvolk,https://x.com/ctrlvolk,CtrlVolk596 followers
killuacooks,killuacooks,https://pump.fun/profile/95TWoKkvv2z85EXBzd2z6NwbxH2f54AvwuCA9x3NoKep,cryptokillua99,https://x.com/cryptokillua99,"killuacooks5,830 followers"
gake,gake,https://pump.fun/profile/C5FuhpiezHH6b1bR7eSF5fT4dNsEMzwNcEVvpKggXJq1,Ga__ke,https://x.com/Ga__ke,"gake1,140 followers"
coinbubbles,coinbubbles,https://pump.fun/profile/EeJdfyHg8wTbhSdk38fXb54dSprH2tSsgUStyXyAe2j,coinbubblesETH,https://x.com/coinbubblesETH,coinbubbles516 followers
oxr,oxr,https://pump.fun/profile/5WnAczezsDku4YkJEKW9PUzLm87Wuq6VKczLn8n2YHP2,oxrxbt,https://x.com/oxrxbt,oxr422K followers
brox,brox,https://pump.fun/profile/7VBTpiiEjkwRbRGHJFUz6o5fWuhPFtAmy8JGhNqwHNnn,ohbrox,https://x.com/ohbrox,brox54.7K followers
zoomeroracle,zoomeroracle,https://pump.fun/profile/EyWXoG6hx8NHsHj3k5YAnCrvsSVQd9ANpxC9WPBhSzhr,ZoomerOracle,https://x.com/ZoomerOracle,zoomeroracle30.2K followers
tentaclepapi,tentaclepapi,https://pump.fun/profile/6rc9at7PvNuEL3q69iTpfVGUDJ1QAnpd3cQwD28ZaC2P,tentaclepapi,https://x.com/tentaclepapi,tentaclepapi12.2K followers
turbomantasacre,turbomantasacre,https://pump.fun/profile/bwamJzztZsepfkteWRChggmXuiiCQvpLqPietdNfSXa,DanielKuhn77510,https://x.com/DanielKuhn77510,"turbomantasacre6,453 followers"
bigdawg1973,bigdawg1973,https://pump.fun/profile/8ZjY59BHZW6GZ7TRRwjAqsyxsjtrtCxXMCPd9cDtwCUa,BDawg3173,https://x.com/BDawg3173,"bigdawg19736,366 followers"
roshiiiii,roshiiiii,https://pump.fun/profile/HoKiWhcU3YBN9f5Uxj1bBLkcWkw5iDEQbPiiU6EnYCwQ,roshii,https://x.com/roshii,"roshiiiii5,920 followers"
stretch99,stretch99,https://pump.fun/profile/RLgLLyQDbWL4F9daaQhw3tn5Q9f3Li8VBVR8jjRcNvL,stretch9ns,https://x.com/stretch9ns,"stretch995,358 followers"
cdub,cdub,https://pump.fun/profile/Hdktz8sCGQLvsum2kLocsqRkTKfA5ExfSuKd4LvjPeEY,stocktrader,https://x.com/stocktrader,"cdub4,624 followers"
tdmilky,tdmilky,https://pump.fun/profile/CEUA7zVoDRqRYoeHTP58UHU6TR8yvtVbeLrX1dppqoXJ,tdmilky,https://x.com/tdmilky,"tdmilky3,771 followers"
ramset,ramset,https://pump.fun/profile/71PCu3E4JP5RDBoY6wJteqzxkKNXLyE1byg5BTAL9UtQ,Ramsetx,https://x.com/Ramsetx,"ramset2,001 followers"
devilantedev,devilantedev,https://pump.fun/profile/C2TFeiRyzzApUxvjrfaXF1RLfad2SfaHvSqGaEPmmxfv,Devilantesol,https://x.com/Devilantesol,"devilantedev1,312 followers"
abethedevo,abethedevo,https://pump.fun/profile/AmNMqM5VbPwtG14gLBdtrqZpQrhSzavLkQPufS8CQ7LB,abethedevo_,https://x.com/abethedevo_,"abethedevo1,191 followers"
Srm3ta,Srm3ta,https://pump.fun/profile/CQhVHgnvzE7UzJTQoyMimu8S7fkygFgmyeTaHxpCNy7P,0xSrM3ta,https://x.com/0xSrM3ta,Srm3ta374 followers
LSsol,LSsol,https://pump.fun/profile/E5CLHHz6R9ixCXr7Sh9ifwN1gxBNF6Cyoir6cTeDzA2M,LSthecapital2,https://x.com/LSthecapital2,LSsol281 followers
Fabix,Fabix,https://pump.fun/profile/DN7pYLSGYqHXwvPLh8tJM2zoJjhMSsNGVRVkMWVpredr,Fabix_R,https://x.com/Fabix_R,Fabix222 followers
mike8pump,mike8pump,https://pump.fun/profile/6tL3FbhAWkkYVY6y3dVFhL1HAG83MpTbg1G2PqS5wz72,mike8pump,https://x.com/mike8pump,mike8pump96 followers
sorcerer,sorcerer,https://pump.fun/profile/Hx7iRU7MiejVa86yBNEKhHSMr6zh9yFKPg8zHHPuuSMg,onchainsorcerer,https://x.com/onchainsorcerer,sorcerer54.8K followers
AgentZero,AgentZero,https://pump.fun/profile/J6ZMH3cXtL2UqrkFb6PKV4R5EMjyzbTArnPTnkjejiNr,AgentZero,https://x.com/AgentZero,AgentZero51.8K followers
barneytheboi,barneytheboi,https://pump.fun/profile/AB35YcJ1Zpom1bp1BnAvjn7k4snoAPm4SeEd558d9w3y,barneytheboi,https://x.com/barneytheboi,barneytheboi23.8K followers
2kprio,2kprio,https://pump.fun/profile/2p8oSST3XGoAs7YCgn3LkRPenVcq3vZNkepcLiTEK1D5,2kPrio,https://x.com/2kPrio,2kprio11.9K followers
nima,nima,https://pump.fun/profile/8ZMLeKMVAY5qyKW4tCCpDiD8D2GsYcEkXV497zLWDN5s,sernimazaki,https://x.com/sernimazaki,"nima1,012 followers"
nubcathehe,nubcathehe,https://pump.fun/profile/FWb5MBHxAD5HRsJqkMquzt62jj7Ri8d5RD7NjTrau7ya,retardedbluecat,https://x.com/retardedbluecat,nubcathehe621 followers
AzFlin_,AzFlin_,https://pump.fun/profile/4r9VR1GiducujooxaBzG2o91LWeP6LywFPBs5Bqmdjsg,AzFlin,https://x.com/AzFlin,AzFlin_127 followers
mog,mog,https://pump.fun/profile/4t7W69eqagSZmRC9Q5eEYmjfXgimCm7RUR8vwMyjCcJC,10piecedawg,https://x.com/10piecedawg,mog90.4K followers
Nico,Nico,https://pump.fun/profile/nico1vHKoSAEMsQgd4SK8ndttaHrdkigzKMDHEz4XNY,nicodotfun,https://x.com/nicodotfun,"Nico1,910 followers"
groovy,groovy,https://pump.fun/profile/34ZEH778zL8ctkLwxxERLX5ZnUu6MuFyX9CWrs8kucMw,0xGroovy,https://x.com/0xGroovy,groovy14.6K followers
Mazeeee,Mazeeee,https://pump.fun/profile/7j7AA3HZR2zEjwAQEKPFh2qucLY4fqZpB9iodf39w8xW,MazeCCC,https://x.com/MazeCCC,"Mazeeee1,444 followers"
NillaGrla,NillaGrla,https://pump.fun/profile/j38fhfqWsJyt8hzym48P8QMsXWx1FfLUxQwuor7Ti4o,NillaGurilla,https://x.com/NillaGurilla,NillaGrla808 followers
dondexbt,dondexbt,https://pump.fun/profile/Bpu8rUoCKHTPVyocvvJc3bVcJNn61iJ47UecQN8fTtfm,dondexbt,https://x.com/dondexbt,dondexbt764 followers
FrostBallin,FrostBallin,https://pump.fun/profile/4nwfXw7n98jEQn93VWY7Cuf1jnn1scHXuXCPGVYS9k6T,FrostBallin,https://x.com/FrostBallin,FrostBallin623 followers
liltheo,liltheo,https://pump.fun/profile/fXeceW8ST7Vixqtc9HeiybZ4HYE1CuRAyJReF8zK4ec,liltheo,https://x.com/liltheo,liltheo289 followers
uberrrrr,uberrrrr,https://pump.fun/profile/4FwLdxp4NyyXoksRJqZS6TAppr3m7H6aYPsVhLRPD6XL,Uberhuman_v2,https://x.com/Uberhuman_v2,uberrrrr241 followers
paccman,paccman,https://pump.fun/profile/t7iC8tM23YchhpeFpPUEWV3dneeavXUNftJcHpnSsrd,PacmanBHS,https://x.com/PacmanBHS,paccman212 followers
orangie,orangie,https://pump.fun/profile/DuQabFqdC9eeBULVa7TTdZYxe8vK8ct5DZr4Xcf7docy,orangie,https://x.com/orangie,"orangie7,756 followers"
7etsuo,7etsuo,https://pump.fun/profile/FtVq2huUhU33TNmEbmEQb4kwDEfZeU9tFvBgk7mwWnBx,tetsuoai,https://x.com/tetsuoai,"7etsuo3,961 followers"
radianceee,radianceee,https://pump.fun/profile/FAicXNV5FVqtfbpn4Zccs71XcfGeyxBSGbqLDyDJZjke,radiancebrr,https://x.com/radiancebrr,"radianceee3,706 followers"
Gofastt100x,Gofastt100x,https://pump.fun/profile/54xrJ798DGwH1UA2H35QtAzKT55t8pL8bjBs9Arz3eoP,Gofastt100x,https://x.com/Gofastt100x,"Gofastt100x1,012 followers"
cvu,cvu,https://pump.fun/profile/3uahFtfUwk3avPhoZEq2FNwoF68rWMGiUjhZsAnYTAEo,cvucrypto,https://x.com/cvucrypto,cvu944 followers
ShockedJS,ShockedJS,https://pump.fun/profile/6P9UEpN22892RxFvaiAGHzFN95anFfxTxcQB75nkCJgW,ShockedJS,https://x.com/ShockedJS,ShockedJS793 followers
yamipnl,yamipnl,https://pump.fun/profile/7Js5gmq57y9jG2sseKrAeJt3vbncSWSFFHDEsyJDnyVm,YamiPNL,https://x.com/YamiPNL,yamipnl538 followers
ghoops,ghoops,https://pump.fun/profile/Bx4wnFZFaNQpNvaLSViEEHVAW2xiwWz36ZRkodwjn6BS,Ghoopsss,https://x.com/Ghoopsss,ghoops437 followers
rackstm,rackstm,https://pump.fun/profile/CM1dn5LZ21o6PQv3NQpQeEFPGGo9dNpSQ4eWQctmp17g,rackstm_,https://x.com/rackstm_,rackstm381 followers
mannthatsreal,mannthatsreal,https://pump.fun/profile/Hnu7UKjdS8NkZCoo9ue74ansdwExwyQA65XtniiCHH35,mannthatsreal,https://x.com/mannthatsreal,mannthatsreal159 followers
no1z570,no1z570,https://pump.fun/profile/CKkMP9cXMZXZB4naV5jW7JHZ2mfAWBJgQJvfTJ1eEeQW,phano1z,https://x.com/phano1z,no1z570155 followers
Pingu,Pingu,https://pump.fun/profile/4BVtiEHJhFJq3xQSovxQX5LopLLu5Fw4B2rUfCDeKciw,web3pingu,https://x.com/web3pingu,Pingu734 followers
zeep,zeep,https://pump.fun/profile/HCfrQThtqYJWB2zo677nJHbKWFtGL14bThs29aV4Rcb6,Zeeeeeep,https://x.com/Zeeeeeep,zeep402 followers
suso,suso,https://pump.fun/profile/CCc5m84JvEoe5cCPV5dYHqiXCuvNHpFpAuUB6ggsCRUg,Suso100x,https://x.com/Suso100x,suso297 followers
ALL_KNOWING,ALL_KNOWING,https://pump.fun/profile/4TvJNbQfZ7TVc6sUXdPa3vFERGTBpE5FNWipxrTEy9j8,altvidende,https://x.com/altvidende,ALL_KNOWING77 followers
sl0wie,sl0wie,https://pump.fun/profile/62qEWURTpb8RNqoPCrjaoRcfU4PneigVKbiuGtin2Wb4,sl0wie,https://x.com/sl0wie,"sl0wie1,059 followers"
leensfun,leensfun,https://pump.fun/profile/LeenseyyUU3ccdBPCFCrrZ8oKU2B3T2uToGGZ7eVABY,leensx100,https://x.com/leensx100,leensfun971 followers
goryy,goryy,https://pump.fun/profile/717SadB58U7qphWCMjeovowPFuMDuwFh4UE18YJHFoP4,goryxbt,https://x.com/goryxbt,goryy158 followers
notsofast,notsofast,https://pump.fun/profile/3FsWrMxEPk4LU74zAJwW7y2c22d4KbPxCNpFcn48URaW,notsofast,https://x.com/notsofast,"notsofast5,531 followers"
R89,R89,https://pump.fun/profile/69kf3P5X9Bh7pkWGmqrr5WjxP4QdyeqJQqyj8DQy2NgB,R89Capital,https://x.com/R89Capital,"R893,937 followers"
solanapoet,solanapoet,https://pump.fun/profile/ART5dr4bDic2sQVZoFheEmUxwQq5VGSx9he7JxHcXNQD,solanapoet,https://x.com/solanapoet,solanapoet727 followers
scared_money,scared_money,https://pump.fun/profile/D19BTCUfQP47gsiuphpKB5UJfcn7P5sTAK1FZgzVZmL7,scaredmoneybrrr,https://x.com/scaredmoneybrrr,scared_money704 followers
fieldtester,fieldtester,https://pump.fun/profile/Bc2MGzbzEX5j9T1pQHp8eVczzh5EXbyi6XaPDh1DxLoe,Fieldtester_,https://x.com/Fieldtester_,fieldtester178 followers
chartfu,chartfu,https://pump.fun/profile/AuKXadBdFmp6M6kBojrJpLyL6yUsm3Y8gPp6gwFLi1Bk,ChartFu,https://x.com/ChartFu,chartfu119 followers
MertonCrypto,MertonCrypto,https://pump.fun/profile/Ejck9HzhuL5gtUnvAfnRw3QhVeciknsKpr7ErbZBK72K,mertoncrypto,https://x.com/mertoncrypto,MertonCrypto38 followers
TheSurveillor,TheSurveillor,https://pump.fun/profile/GRWXXWeQhKQYHR3BCpkCHtDAXmTej5Cwb2tYPM6uV5WP,surveillor,https://x.com/surveillor,TheSurveillor24.2K followers
Rynzoeth,Rynzoeth,https://pump.fun/profile/D1Eo9yHqvY4uSa4bCdUDWQYSkvvwPkxKLPn4s8ZhBr7,rynzoeth,https://x.com/rynzoeth,Rynzoeth232 followers
L3XTASY,L3XTASY,https://pump.fun/profile/qBL19nXMrahyeMVCGrPVe9Et7w44aDkq4neaSo8kN4K,L3XTASY,https://x.com/L3XTASY,L3XTASY616 followers
Flyxes7,Flyxes7,https://pump.fun/profile/9uARgA6zTNnZ6XuqeFnNQogcm2fC38EbYucjpxqNcuGc,Flyxes_crypto,https://x.com/Flyxes_crypto,Flyxes7456 followers
japan_plays,japan_plays,https://pump.fun/profile/8KcXp5SCPpYciNiHwaZb63yTczfC7SaF43hfNxnguJhL,japan_plays,https://x.com/japan_plays,japan_plays398 followers
jeek_,jeek_,https://pump.fun/profile/4MSjfNAahDeTa5nWDCkxfB31v6J8SG3ktsjMFUMWS9pa,j33k_,https://x.com/j33k_,jeek_159 followers
wizzyknows,wizzyknows,https://pump.fun/profile/9zfTgyxwE1QM3AK8TMt9teWT3tYye1t6ssTbeuVTVwvo,wizzyknows,https://x.com/wizzyknows,wizzyknows492 followers
ebbecooks,ebbecooks,https://pump.fun/profile/HaWhpxyf8xw4YMogchnsiLGYE8MiAkybXbfWMJEnDwV6,ebbecooks,https://x.com/ebbecooks,ebbecooks27.4K followers
degengigi,degengigi,https://pump.fun/profile/BL9N8Xfp3Zs1aH91pYSJQcgEMZo2romXzFnosENtZwdU,degengigi,https://x.com/degengigi,degengigi373 followers
hustlepedia,hustlepedia,https://pump.fun/profile/3cPqcgJFGUWtuCwWTjBXwSYbbCszrwvFCbNjgz3M8CCh,Hustlepedia,https://x.com/Hustlepedia,hustlepedia245 followers
yueya,yueya,https://pump.fun/profile/5o4UenqaTA5qRByifStocN9xDQ758FZZfFhBFj5AxMZJ,yueya_eth,https://x.com/yueya_eth,"yueya1,086 followers"
jiggacapital888,jiggacapital888,https://pump.fun/profile/Bs4JYYyuhZ6f9aoj4aQK3m6J8ZW1Yc7n7X6kp2iN22p6,jiggacapital,https://x.com/jiggacapital,jiggacapital888428 followers
gera_eth,gera_eth,https://pump.fun/profile/FnYkyH9H6L6wUAiYYVb4agXPwVvmwNSk4C7VqQRyuasu,gera_eth,https://x.com/gera_eth,gera_eth373 followers
0xkitty69,0xkitty69,https://pump.fun/profile/qP3Q8d4WWsGbqkTfyA9Dr6cAD7DQoBuxPJMFTK48rWU,0xkitty69,https://x.com/0xkitty69,0xkitty69253 followers
PerihelDev,PerihelDev,https://pump.fun/profile/3Bi98dmXf6RAnaCJLX6EFhDUHrNwaS4rZpLYFY4BAf9s,PerihelOnSol,https://x.com/PerihelOnSol,PerihelDev20 followers
Raj_23,Raj_23,https://pump.fun/profile/HLZWUJs1NHZeNaWgM7czZbf6f96RZMYqaCyrgi2jwWtb,rajj_s23,https://x.com/rajj_s23,"Raj_232,216 followers"
LOFOH,LOFOH,https://pump.fun/profile/CwgZrbzweGtVDc9FscYCfTVdYxbwaYQXDy1wVmHWygoo,BreadGiver,https://x.com/BreadGiver,LOFOH565 followers
Richy_meme_lord,Richy_meme_lord,https://pump.fun/profile/CwAmyechJjtaCnXy6Y3uDG4B9UJHnL7HqbW6aNHGoCW4,richy_meme_lord,https://x.com/richy_meme_lord,Richy_meme_lord476 followers
frags,frags,https://pump.fun/profile/Gzb1Sh7LwmmRd9YLNhGTjNHagL6zYyhGFrcHjLQDnKtA,cryptofrags,https://x.com/cryptofrags,frags319 followers
grizzleart,grizzleart,https://pump.fun/profile/4VnN9zHyVGQGymWityKff4Tf1M7AtnAZwbwmgyHfr1An,grizzle_art,https://x.com/grizzle_art,grizzleart217 followers
n1ro,n1ro,https://pump.fun/profile/GcL4kPz8VnUmfvQJZHfNnbPwB247bQ3v5AzrY5aEYErz,Nirotheartist,https://x.com/Nirotheartist,n1ro53 followers
unnattybrah,unnattybrah,https://pump.fun/profile/CUjh46B8Y2VakMABfxCYMWzyDDtkKZzqEHTLovURcHCj,unnattybrah,https://x.com/unnattybrah,unnattybrah56.5K followers
onbooze,onbooze,https://pump.fun/profile/2pLugeBDKkFxaD2JKxSifNXoegYQyVpVoFikc6SEdqdv,NotOnBooze,https://x.com/NotOnBooze,onbooze16.7K followers
Shisui,Shisui,https://pump.fun/profile/3jw9527H26bz2feTXebwctYJXkqTCuznQsLSbnK3YAaq,ShisuiXBT,https://x.com/ShisuiXBT,"Shisui6,705 followers"
hugom,hugom,https://pump.fun/profile/6NADEp9syGJ3jTnUmDFiT5UYmhDTE3f8gdE2bdVUiNKV,HugoMartingale,https://x.com/HugoMartingale,"hugom3,822 followers"
clark10x,clark10x,https://pump.fun/profile/CzrVf1oW2t6xSBWLdgngcrLKHd9hEiowZyXQAJTNkV7Y,Clark10x,https://x.com/Clark10x,"clark10x2,740 followers"
hyperdialect,hyperdialect,https://pump.fun/profile/ik1fCERApPcHVQCt5TFKZwcfUjS7XiCFyJuQih6Gqqh,hyperdialect,https://x.com/hyperdialect,hyperdialect656 followers
mrjoint111,mrjoint111,https://pump.fun/profile/8MMoqXuYEKqHgwdUSQnnwMTyqbkeqob6MRpQqiKVuggt,Monkeybro1717,https://x.com/Monkeybro1717,mrjoint111557 followers
jimmyheaters,jimmyheaters,https://pump.fun/profile/44y1Fi7pQxh6tHL56v3ZEKS42TmHSnUGqZ5ngdW8VcxM,chefheaters,https://x.com/chefheaters,jimmyheaters342 followers
THB_,THB_,https://pump.fun/profile/6pmFEM2oqoXqPbb1a5rQipYrBPHcWkwwHhzy2novquFb,murda_trades,https://x.com/murda_trades,THB_305 followers
aptosgooner,aptosgooner,https://pump.fun/profile/EwUj18pU4RceJQ4HjgaN1TU6qqadTeFa9FAx7gq2ZKyU,aptosgooner,https://x.com/aptosgooner,aptosgooner193 followers
moonshot_m1,moonshot_m1,https://pump.fun/profile/3WJ4EhycdcaW2bSLpY3CKz2d91TPReBEmYnFHk881KGA,moonshot_m1,https://x.com/moonshot_m1,moonshot_m197 followers
ronniesack,ronniesack,https://pump.fun/profile/6cehGGyvZf7qhGa1Hrx5HXsFNaJWegd9kxj2eujHdD5f,ronaldsackowitz,https://x.com/ronaldsackowitz,ronniesack56 followers
ponzibaron,ponzibaron,https://pump.fun/profile/4AgQWkuae5Gy6TTn8QkprmchZyBQoCLdGVYQV27oV3su,ponzibaron,https://x.com/ponzibaron,ponzibaron39 followers
buyafterme,buyafterme,https://pump.fun/profile/28F1GGCE8GJSaJ8HckTTy5eLeNe6kEUeYrf96Hwj6ocV,youbuyafterme,https://x.com/youbuyafterme,buyafterme86.7K followers
KingSolomon_,KingSolomon_,https://pump.fun/profile/AwbjKLZPzw8bqBtzKy1f6NtoiNnqVpGuNMPgrpuy4cYD,0xsolomon,https://x.com/0xsolomon,KingSolomon_56.5K followers
niners,niners,https://pump.fun/profile/2RyUYqX1VFoGdDSKm3brWV5c2bY4thXx1Wctz22uYS1p,Niners,https://x.com/Niners,"niners9,194 followers"
cryptocartel,cryptocartel,https://pump.fun/profile/6SFWWiBfaKRk6vmqoSGcSTpWbhFcbRUYExo5jLzamQkk,american_a7622,https://x.com/american_a7622,"cryptocartel6,353 followers"
pixelcatlabs,pixelcatlabs,https://pump.fun/profile/Hwrip1oL3uDLXp5zNxBfTgAVFrUMLaoWUui9A7mzEeBm,akenov3live,https://x.com/akenov3live,"pixelcatlabs5,300 followers"
wenmoonsol,wenmoonsol,https://pump.fun/profile/39Ky6jaRWMSmH27RCNd3QKmtfLFkfjbZnRPsJ7MCSYpd,wenmoonsolana_,https://x.com/wenmoonsolana_,"wenmoonsol3,652 followers"
mrdevvvv,mrdevvvv,https://pump.fun/profile/GZVSEAajExLJEvACHHQcujBw7nJq98GWUEZtood9LM9b,whashywash,https://x.com/whashywash,"mrdevvvv3,521 followers"
GTA6Millionaire,GTA6Millionaire,https://pump.fun/profile/6hNZuJ8xATtokZd6VN6NWXgUPBZbMnfLJ5VXa2iS4ZdV,XYOPepe,https://x.com/XYOPepe,"GTA6Millionaire2,166 followers"
Adro808,Adro808,https://pump.fun/profile/DT2K6RBTuXCDvQp19DKFD8Ve67bE7esRhgEaGiVog11z,adro808,https://x.com/adro808,"Adro8082,025 followers"
mavericks100xs,mavericks100xs,https://pump.fun/profile/DKfDdLy9JYA2gpoSmxzPmmT57FmTe6uzTmpEk6hyjPhR,Mavericks100xs,https://x.com/Mavericks100xs,"mavericks100xs1,877 followers"
thefamousdev,thefamousdev,https://pump.fun/profile/6h4Mk1hhuQpUxSKZaSEX6RC23C77Bpi3ZvWmdLQkEMyv,Blaaackguy,https://x.com/Blaaackguy,"thefamousdev1,814 followers"
ivoryr4bbit,ivoryr4bbit,https://pump.fun/profile/6HRtQKERGRXkPCZQNEE4ReccUHxK1ZydmpAKeDpPmVrm,IVORYR4BBIT,https://x.com/IVORYR4BBIT,"ivoryr4bbit1,636 followers"
Viperr,Viperr,https://pump.fun/profile/BiUnzcC73iJJbmFAEuqteqsZ8XQ1RRQi5ggFVySGc2Rz,viperr,https://x.com/viperr,"Viperr1,137 followers"
oryxonchain,oryxonchain,https://pump.fun/profile/Fqoa849vJwBwdwan3NPuo5WSa1ghVyuZYpfVX4queQ4P,oryxonchain,https://x.com/oryxonchain,"oryxonchain1,065 followers"
tisgambin0,tisgambin0,https://pump.fun/profile/6PX4xuN4TLPCL2GqtUZf2Q6iTjwfGbc9vcK33sinN3wP,tisgambino,https://x.com/tisgambino,"tisgambin01,036 followers"
grilz,grilz,https://pump.fun/profile/DWBFhTaBPR7gXqCgj3eCVAny7epNT3WowUfrLXtYwsx5,iiGrilz,https://x.com/iiGrilz,grilz956 followers
lunchmoney_69,lunchmoney_69,https://pump.fun/profile/EU1bFxZ9oiUC2V6tme6gaPgTP6mvVm54q2oUKD27U3pm,lunchmoney_69,https://x.com/lunchmoney_69,lunchmoney_69832 followers
jebthegreat,jebthegreat,https://pump.fun/profile/5Yyw9y5KRTCDNLMSWPErkCcXdtctsqWBh4nM5vugv5p6,JebTheGreat_,https://x.com/JebTheGreat_,jebthegreat742 followers
tobx,tobx,https://pump.fun/profile/HmBmSYwYEgEZuBUYuDs9xofyqBAkw4ywugB1d7R7sTGh,TobxG,https://x.com/TobxG,tobx646 followers
wallahi99,wallahi99,https://pump.fun/profile/7bDVjoUY9kjqcJ6XqgovyH6CAuiesXx13KoCQwCUDVUk,drizzytardio,https://x.com/drizzytardio,wallahi99517 followers
Lopaka,Lopaka,https://pump.fun/profile/FZ4tWM9rDqFPMeoNjSoLwXTzLS6zeJxXLiAtLVSfFdbj,TheLottery808,https://x.com/TheLottery808,Lopaka511 followers
jaykos,jaykos,https://pump.fun/profile/6mW9UoanWQNFcmUnzzNCFyk6KCemATDEMEWeQ938jj6E,1111WRK,https://x.com/1111WRK,jaykos510 followers
Dibz,Dibz,https://pump.fun/profile/75PHaToZWqEdVzmsmLMnNb9WvMqLUAiKgshFkGa7ihUS,Dibzcaller,https://x.com/Dibzcaller,Dibz497 followers
hannahful,hannahful,https://pump.fun/profile/2dwngFffVW7Apx1ycTEWUKXwHniikX3S1NLpzucpuHmt,hannnahkbm,https://x.com/hannnahkbm,hannahful502 followers
_Maximo,_Maximo,https://pump.fun/profile/FMxHtEgc4rnKsYWVki3Rai5d274FAL8uvw77oBaRdmtF,Maximo_Chad,https://x.com/Maximo_Chad,_Maximo481 followers
CrikeyMate,CrikeyMate,https://pump.fun/profile/HWr8S3cFprLYcDEYi9dUpJtML7gdrukCGoRAj8LUXvL1,dasendis,https://x.com/dasendis,CrikeyMate428 followers
Frontman67,Frontman67,https://pump.fun/profile/6cJbYnBJ8CQRvWaD5F7bTq1uBqVvC3whzzhbHyLDreSK,0xFrontman,https://x.com/0xFrontman,Frontman67404 followers
misteroffabean,misteroffabean,https://pump.fun/profile/8SuWWfTG2aU4RA93yZ1tr1H2nidrimupf8toq32BdtQJ,icannotlie22,https://x.com/icannotlie22,misteroffabean384 followers
RoundTripCptl,RoundTripCptl,https://pump.fun/profile/EoAtirJLQeoPXZx6FQwgUAm5gqMndRqV9hLhzuWZz33Q,WeirdArtNouveau,https://x.com/WeirdArtNouveau,RoundTripCptl379 followers
solgoodman,solgoodman,https://pump.fun/profile/5GerNTqj9qqgHPMGbVFpS9AB8KZ9zDBYvuNHY2ph2UHJ,solgoodman,https://x.com/solgoodman,solgoodman338 followers
dwightfromsales,dwightfromsales,https://pump.fun/profile/C4ALTdBfZsMFnVc54pN3xuHuLkECStAYZDN3f5aHLmK6,Steedafied0906,https://x.com/Steedafied0906,dwightfromsales334 followers
iTechZami,iTechZami,https://pump.fun/profile/Uh9TmJbp1oJH4ieABUyCMxZPNvRDcMSuvCBK9pJtwgT,GridWithZami,https://x.com/GridWithZami,iTechZami324 followers
PradaFinds,PradaFinds,https://pump.fun/profile/4UhWA9QKoiHhFnHHmGbMYUSW8zJD275PytrdsswjxJoD,PradaFinds,https://x.com/PradaFinds,PradaFinds271 followers
DXB_OG,DXB_OG,https://pump.fun/profile/ALpmFN6ofy8dSc49PmuTEeX3rET95a8FWa4PEoFMzVXR,DXB_OG,https://x.com/DXB_OG,DXB_OG253 followers
EternityVoid,EternityVoid,https://pump.fun/profile/DS2AGQ3y25z2S6cKJT7cydRUv7YhSuqgzbfY412YC7si,eternityvoidai,https://x.com/eternityvoidai,EternityVoid237 followers
c1pher,c1pher,https://pump.fun/profile/6qGKAZTwy5AztjqYqJWioxz3z5VGtonnaVGeVGsY4KXR,1IlIIlIIllIIlI,https://x.com/1IlIIlIIllIIlI,c1pher228 followers
onlyt0mmy1,onlyt0mmy1,https://pump.fun/profile/3ysbi5yraecE3Sc6LHDBK8vvJYvYRMHBu7FXUNa4n5pg,OnlyT0mmy,https://x.com/OnlyT0mmy,onlyt0mmy1213 followers
cryptspy,cryptspy,https://pump.fun/profile/7XnJgNeg6z2qtVo3yA1EVvGANz76HdkzQhHewivf499J,CookedCapo,https://x.com/CookedCapo,cryptspy187 followers
OxBrave,OxBrave,https://pump.fun/profile/FTWptXCiFtFGcsjAwSusPM4wbHusKPB6WfmqRjVJKQgg,0xBraveCrypto,https://x.com/0xBraveCrypto,OxBrave185 followers
beefnbeanz,beefnbeanz,https://pump.fun/profile/6baMfb4Y4kmFsLGArfcpxG4CZwBysRKPCwEWiccFbk35,BeefnBeanzTV,https://x.com/BeefnBeanzTV,beefnbeanz185 followers
laydingyrefer,laydingyrefer,https://pump.fun/profile/FFYYWq5BKASizixC51KU9G1zjXREesyRjTmPN7oTjWqT,SustKutz,https://x.com/SustKutz,laydingyrefer151 followers
Raccer,Raccer,https://pump.fun/profile/eS3hzfmtto9qCetB4qvHPASfr9XRzNtCtJP4zLcGrTJ,fastlifejonny,https://x.com/fastlifejonny,Raccer129 followers
ndjdjdjdjd,ndjdjdjdjd,https://pump.fun/profile/2jUvssdpMBNLLJ2tVb4TtSw3Qx8gaYXKHXdex8Jt8bj1,Roveryaps,https://x.com/Roveryaps,ndjdjdjdjd128 followers
TechE1111,TechE1111,https://pump.fun/profile/2vepnAzPvQEpg4HPSDqduUyBiK77kKq4LHFZPxqrzAtx,TechE1111,https://x.com/TechE1111,TechE1111100 followers
aroseth,aroseth,https://pump.fun/profile/GWwUq2LEGfootoFHuZLY3Uk8VjfUcRxgTmmpyAXLnkr2,ArosWeb3,https://x.com/ArosWeb3,aroseth53 followers
0xSneaky,0xSneaky,https://pump.fun/profile/777ADin72ApXKvy7cggjSgMQgM33PjPnxYZTVSY15983,0xsneakky,https://x.com/0xsneakky,0xSneaky157 followers
hierux,hierux,https://pump.fun/profile/EwfZY9YvNA1XUjDnicQMkNPw61d75gn8oKfCWL1Reyxa,hierux,https://x.com/hierux,"hierux3,161 followers"
pre,pre,https://pump.fun/profile/HheGThddJhVRFAnLaqnMJp7bTNkWR9XZAWpiVikH4QsE,pre_nft,https://x.com/pre_nft,"pre1,068 followers"
jack7offsuit,jack7offsuit,https://pump.fun/profile/6YG5g7T5KP4oXfVB36KyjaQqJiTX1N3jBvaZJZoNd8X1,jack7offsuit,https://x.com/jack7offsuit,"jack7offsuit2,038 followers"
Momo_M,Momo_M,https://pump.fun/profile/AZNsezb13699fivitS3fic5MYrpZJtm6wc989zXQp9Zy,momo_mattomo,https://x.com/momo_mattomo,"Momo_M1,535 followers"
Revenantwithin,Revenantwithin,https://pump.fun/profile/6Mbu9DRp89epNbmK6wTkYTuBrcWwyD6TPz83EQ5Fx2d2,Revenantwithin,https://x.com/Revenantwithin,Revenantwithin588 followers
MIKESI30,MIKESI30,https://pump.fun/profile/7pCP7276GFH4w5P9ULc5VfC6ci6LAz4KcMd8dXMNtzps,Mikesi30,https://x.com/Mikesi30,MIKESI30150 followers
Jose,Jose,https://pump.fun/profile/53Sb8FiUTRJbqs6SC5KgbMLqfwT98qPPTVroodLJKQ9m,The0xJose,https://x.com/The0xJose,Jose53.7K followers
NRv_,NRv_,https://pump.fun/profile/BqhAPgnScqDUP9f7fFuqrZn8WRznduGT7VvPzbUjHnT7,NRv_gg,https://x.com/NRv_gg,"NRv_5,350 followers"
Maikkel1R,Maikkel1R,https://pump.fun/profile/Esi9ziJTCwApufLeGnAyoEg3nQ6ExSVVVp7bMJhXVUnv,Maikkel1R,https://x.com/Maikkel1R,"Maikkel1R4,510 followers"
memekingpin,memekingpin,https://pump.fun/profile/BpyZykPSozXao4RqiQTKRkjfnEEM8C6ERvvoFaMMbBrM,ansemdealer,https://x.com/ansemdealer,"memekingpin4,464 followers"
Altcoinsherpa,Altcoinsherpa,https://pump.fun/profile/9bp5HxehjiPfNdVAfGeST3CUifhWCC7j6tjNVq8B4KGE,AltcoinSherpa,https://x.com/AltcoinSherpa,"Altcoinsherpa4,141 followers"
Raidmachine,Raidmachine,https://pump.fun/profile/Cpsj1hcaz5XEFb3uGBDnTAHKNr6Pg2pY3fJPkHiMJaFz,raidmach1ne,https://x.com/raidmach1ne,"Raidmachine4,106 followers"
FVCTCRVPTO,FVCTCRVPTO,https://pump.fun/profile/5X4honU6CewcaXDvSJxgUvtT9TXAKTz29TWoKQ1TKN5w,FvctCrvpto,https://x.com/FvctCrvpto,"FVCTCRVPTO3,825 followers"
chintufat,chintufat,https://pump.fun/profile/7J6MN9tnFmVJVok8SL5wMoQAJRPrQ8PKkg3jYBodCq9i,ChinTuFat88,https://x.com/ChinTuFat88,"chintufat3,577 followers"
winternomicstv,winternomicstv,https://pump.fun/profile/DoKEEjQmd6CUK7RWKnCVDdZCa4776fYhLGDNPJrf8qVN,winternomics,https://x.com/winternomics,"winternomicstv2,989 followers"
retmex,retmex,https://pump.fun/profile/FvfMvFPUwu4hUnxkon2t5QM1ktuzPjuDnvDP5GebwZZo,retardmex,https://x.com/retardmex,"retmex2,875 followers"
vitalikbutbald,vitalikbutbald,https://pump.fun/profile/GRDknmrH8FCkuuAxugzNUmVoyctrgKKyFrMA2YU5LFTk,aibaldking,https://x.com/aibaldking,"vitalikbutbald2,348 followers"
_HunchoX_,_HunchoX_,https://pump.fun/profile/7FBJEubxFDAJdDWrGwTAF6BcT7N7aB6NFTkdm5bhDxd2,_HunchoX_,https://x.com/_HunchoX_,"_HunchoX_2,285 followers"
gnometoshii,gnometoshii,https://pump.fun/profile/BdW6BipGARwsrBc4kLzBhwWQUBuC3YchesSxSqSbVWxT,Gnomet0shi,https://x.com/Gnomet0shi,"gnometoshii2,024 followers"
dhill0705,dhill0705,https://pump.fun/profile/6GgoXcZHDigzb2NY3bHR4L1rduvKyvAcexgbho43TdfR,dhillhouse01,https://x.com/dhillhouse01,"dhill07051,788 followers"
kevdotsol,kevdotsol,https://pump.fun/profile/9SHHN4YyEW6EJVmqt26FAdWFpMQnaoTXuo95L9QA3f6C,kevdotsol,https://x.com/kevdotsol,"kevdotsol1,719 followers"
kushhhhh,kushhhhh,https://pump.fun/profile/7rZyUQYsMkii33f6zUKQG2dCMy8YTeNv2damjBqpayLe,luckygrind99,https://x.com/luckygrind99,"kushhhhh1,685 followers"
topdrone,topdrone,https://pump.fun/profile/H5T9MYu8SA9PCrhXQ9sjTmPJHiBuuzYLwhn7MtyNPgfz,bandoXBT,https://x.com/bandoXBT,"topdrone1,450 followers"
PhineasSol,PhineasSol,https://pump.fun/profile/64ymeD9XTAkNJgHtXgrG6JCNZmBC9fSVcmgkL54pFikE,Phineas_Sol,https://x.com/Phineas_Sol,"PhineasSol1,374 followers"
horror,horror,https://pump.fun/profile/FBoPirzVLyHwVpHj9LjKx5C2QWZmeTSkEViGSiTNXUQP,horrorosrs,https://x.com/horrorosrs,"horror1,352 followers"
moso,moso,https://pump.fun/profile/7qFB5H9LSrVqty3kNL2y6Msqy3BVhCDshxP9QvkdaViy,mosoeth,https://x.com/mosoeth,"moso1,328 followers"
0xleet,0xleet,https://pump.fun/profile/J1mrKpbLgbYu5EZrVyyBqLYSSYgyNknRqp8N3Spgfvad,0xleet,https://x.com/0xleet,"0xleet1,330 followers"
MatrixHoldings,MatrixHoldings,https://pump.fun/profile/9exjwyTRXjdYSqj3PpQVRtHUckfn4VTFWkZF8NTgG2xP,MiramarCoin,https://x.com/MiramarCoin,"MatrixHoldings1,304 followers"
connectfarm1,connectfarm1,https://pump.fun/profile/8mdoMwNw6GxrHV9j1AKtQmbjcudwTTKC69JLGCTJGByK,connectfarm1,https://x.com/connectfarm1,"connectfarm11,234 followers"
LarpVonTrier,LarpVonTrier,https://pump.fun/profile/4ovLAWnbexHn1HFiKmSdWubPXg2rSJ2sUx46pCNxcTbs,LarpVonTrier,https://x.com/LarpVonTrier,"LarpVonTrier1,195 followers"
do_fre,do_fre,https://pump.fun/profile/ATqUAWgDSZB7yABNiRM9dwnzXuH3X7Kgt7DNZzoecTMx,do__fre,https://x.com/do__fre,"do_fre1,190 followers"
madeitallback,madeitallback,https://pump.fun/profile/54vnTFKNQMerwEMkpLpAMJsUkYu6aELyuwnCsupZDExw,madeitallback,https://x.com/madeitallback,"madeitallback1,079 followers"
trevorchedda,trevorchedda,https://pump.fun/profile/9EwwcJGrpmb1BxuJXA5eYLeK64PF64n7MRvdfoo6wfVL,trevorchedda,https://x.com/trevorchedda,"trevorchedda1,047 followers"
BigSacco,BigSacco,https://pump.fun/profile/BzaxsUXbkqjEJe8JZXjgr4UEnQeLoaWXSA9LjTPNxfZ8,GennyHardaway,https://x.com/GennyHardaway,"BigSacco1,055 followers"
tAg911,tAg911,https://pump.fun/profile/tAg2tgyHmkGTsmq8wBSKsGvUUgoH37cxmCfRUZSXdtB,1ky_1,https://x.com/1ky_1,tAg911881 followers
Arun_14159,Arun_14159,https://pump.fun/profile/4NqDZN9WbMoycg7cCL5GFuX6H6U2U2ZyiGGafmsqKvmH,arun_14159,https://x.com/arun_14159,Arun_14159864 followers
antoinersx,antoinersx,https://pump.fun/profile/DwZB5kz3cd52tUGb8Z2gjZbzHHdYF5Z1aE87sCc2LBsi,AntoineRSX,https://x.com/AntoineRSX,antoinersx818 followers
lonemikol,lonemikol,https://pump.fun/profile/3wGnhVooZB3QVCJ9BEVtgo3ToPpMeJtmcMXN8wZjtqQF,lonemikol,https://x.com/lonemikol,lonemikol810 followers
Daemononchain,Daemononchain,https://pump.fun/profile/7n5pmtMfja74ybgbPGZfzop2xM7oBZ2TDn6rr8XhPjEf,daemononchain1,https://x.com/daemononchain1,Daemononchain804 followers
RumorXBT,RumorXBT,https://pump.fun/profile/GUHwgcFDnPusbqYJ3QEebJN1rcqik552Q1rSGJpq91k9,Rumorxbt,https://x.com/Rumorxbt,RumorXBT780 followers
paraplegic,paraplegic,https://pump.fun/profile/8x9aqMDGfLNC2BfHUcxS1pnUAZMfzimk9gCTDLCkWcTw,paradilf,https://x.com/paradilf,paraplegic707 followers
LowiqdegN,LowiqdegN,https://pump.fun/profile/9cgFTNYYxuJUZcK6Je5Dx94bbjhcFmkwzuPUrx5y7sQa,LowiqdegN,https://x.com/LowiqdegN,LowiqdegN577 followers
kore_x,kore_x,https://pump.fun/profile/5qqkPyScponvE2CkZvj3TMsqPtVCTKNQdfjRTcTUdXFw,k0re__0x,https://x.com/k0re__0x,kore_x557 followers
alphaco,alphaco,https://pump.fun/profile/3bAQgA7SZvKGdbcnooa98ynCVN7x6UuDhNiR2SWAYjdy,alpha_co,https://x.com/alpha_co,alphaco554 followers
pigeonion,pigeonion,https://pump.fun/profile/6SLicJwxNy597craeRd3zTYryZuR3NHsTTx1akKPvopW,404Pigeoncoin,https://x.com/404Pigeoncoin,pigeonion540 followers
sks,sks,https://pump.fun/profile/DDSXKxEv2my3QHwQVtCuARwtPuq7Q449SE4sw9NEW3eH,lowonliquid,https://x.com/lowonliquid,sks545 followers
notjessix,notjessix,https://pump.fun/profile/EvhNmcXCZX6AMzzA9SLZ4Nuf4qkiJvwgFE67m4ukQoWk,notjessix,https://x.com/notjessix,notjessix538 followers
volcanictimes,volcanictimes,https://pump.fun/profile/AGrTGWF5Maef7jyfUcWyH5jcF4n8Ud3k3Uoxw3iFVsEX,volcanictimes,https://x.com/volcanictimes,volcanictimes520 followers
gotdrained,gotdrained,https://pump.fun/profile/2fUQ7gzj5JFU8J4J7mzSBLr9RjH8pCiSkywXV6xPKHDo,RoosterQuant28,https://x.com/RoosterQuant28,gotdrained504 followers
devoidheaven,devoidheaven,https://pump.fun/profile/2FQYtC2Fm49fmm78XAgVVUe4Rz1rk9Gqcqux6SXZoJnL,arigat0x,https://x.com/arigat0x,devoidheaven493 followers
BlueZ77,BlueZ77,https://pump.fun/profile/BLUEZYapTJn89Rq5Mb48gD6XdT2ZJtDMw9iXBeNq8ntx,BlueZ00x,https://x.com/BlueZ00x,BlueZ77493 followers
arnz67,arnz67,https://pump.fun/profile/E7zMtc51EzJZ3AAYJTcJJkdxNxdYFDPCRzfAwUkpmMip,arnzxbt,https://x.com/arnzxbt,arnz67483 followers
LootHitler,LootHitler,https://pump.fun/profile/H2P6zuxHgybQyfxsZxo7Ze1iv5da5rNtHZ5x5yEwtpXy,LootHitler,https://x.com/LootHitler,LootHitler483 followers
0xdopamine,0xdopamine,https://pump.fun/profile/Aj57mtpzp5aEtR93c1KScTeGYxBfvi9UThVXBofcSXfk,Dopamine_delete,https://x.com/Dopamine_delete,0xdopamine468 followers
Bilngineer,Bilngineer,https://pump.fun/profile/HFGiUYGvaAAorLn1Rjyugt8uaXDhTRnEtpdrrwdrPpws,imBilngineer,https://x.com/imBilngineer,Bilngineer464 followers
dzonchain,dzonchain,https://pump.fun/profile/HMBhqsyQ8jc5XPzpxULtaVS2UobGLwAaugi9VdBUVAqx,web3_dz,https://x.com/web3_dz,dzonchain444 followers
haltrez,haltrez,https://pump.fun/profile/39qhitPsM7BQBXK8M494avN5KYsfWv6cs1SvG4LS9RZb,haltdegens,https://x.com/haltdegens,haltrez430 followers
hiraethh,hiraethh,https://pump.fun/profile/2FV4Ud5awjraJRcxpELugBLT8wBZsCv3oc7aB6s39Sxu,WoahWurdz,https://x.com/WoahWurdz,hiraethh417 followers
zzzzzzzzz4444,zzzzzzzzz4444,https://pump.fun/profile/F2onCd3EFFeLfVQHuwSDXa5Ldgh8ZiCnRBmhYWRraK1m,Falcon_zzz4,https://x.com/Falcon_zzz4,zzzzzzzzz4444411 followers
gucciarchives,gucciarchives,https://pump.fun/profile/YvEsBWpHK5PJ6Q8m4YrocwKeWys1NG67pbgi73UPnuX,GucciArchives,https://x.com/GucciArchives,gucciarchives406 followers
Warkes,Warkes,https://pump.fun/profile/6SS8HDTDkwx5jWQWVnEyiqDjJhGCKNQm2t6aYHV5V37a,Warkesss,https://x.com/Warkesss,Warkes384 followers
HanPGL,HanPGL,https://pump.fun/profile/2VwLvk51WbsBvSxSgPCwqJshSBM24pXDfsqH5VGigAbM,HanPGL,https://x.com/HanPGL,HanPGL384 followers
Starb0ySOL,Starb0ySOL,https://pump.fun/profile/2w85VLX4W4qm8SPS7UJ35XwKZuLiNEeJr9MGzArKXkBF,starb0ySOL,https://x.com/starb0ySOL,Starb0ySOL384 followers
brianbanks,brianbanks,https://pump.fun/profile/HckGiAnu4UB3jbFrcYCxP8kcB5mh1RRZzED3R8AtAJqB,BrianBanks08,https://x.com/BrianBanks08,brianbanks343 followers
cryptobeavs,cryptobeavs,https://pump.fun/profile/6dbQZaTRdYZrti3aeBCR72nMtkXK4b7zqN3jaDysFS6X,CryptoBeavs,https://x.com/CryptoBeavs,cryptobeavs333 followers
cryptolegend23,cryptolegend23,https://pump.fun/profile/579Xcu7US31E1DDVyiEVJH5BWdQjP7irh9YivAmgccHf,cryptolegendny,https://x.com/cryptolegendny,cryptolegend23326 followers
monadbull,monadbull,https://pump.fun/profile/Cu1Js5n6jZ1Aey4s2DwKPpwKdmWvNHJ7PzAaZkxmXoQx,monadbull,https://x.com/monadbull,monadbull322 followers
0voxyd,0voxyd,https://pump.fun/profile/2SJdRKd78pRNNpFGU4MfKMzqU9C18V3Se1ViDANrvTAc,0xvoxyd,https://x.com/0xvoxyd,0voxyd278 followers
pianax,pianax,https://pump.fun/profile/FCt3Gyuqcoc4vHrnAYdxVbqSg3m1AyDHtaVZMN8TctPv,Piana100x,https://x.com/Piana100x,pianax275 followers
bigmanrj,bigmanrj,https://pump.fun/profile/6Bqa8e6SXy2GVcmujLajAh5MDQ7AyCAdEtWu8asadWNu,web3rj,https://x.com/web3rj,bigmanrj259 followers
memmerzz,memmerzz,https://pump.fun/profile/CKeM1SSwH9qizSyVfnKh1Rh4YygToKg1z16YDW9WHimE,Memmerzz,https://x.com/Memmerzz,memmerzz267 followers
lilmoonlambo,lilmoonlambo,https://pump.fun/profile/GJyhzLoZAxZHZGPvF3V1wsyGUnoGSQ55n6hN6nHv7W8B,LilMoonLambo,https://x.com/LilMoonLambo,lilmoonlambo260 followers
SnCrypto,SnCrypto,https://pump.fun/profile/6k3PB775sWBqGHtAe9jtMw29b9F1KyyPoSi7i3HQenFz,SNtradescrypto,https://x.com/SNtradescrypto,SnCrypto260 followers
montag451,montag451,https://pump.fun/profile/54DsiK6FgM2WGr4y9sYDSTjTpyfMaDLTUEuWavjjK5vD,_F451Montag,https://x.com/_F451Montag,montag451257 followers
enwardhardr,enwardhardr,https://pump.fun/profile/571uzWpMeRuHEuWFC61FFsnXYV8DbE33QuBjCJhMqXh4,enwardhardr,https://x.com/enwardhardr,enwardhardr257 followers
tuck,tuck,https://pump.fun/profile/8SZcpVRHf5C86J28rWTFMyCuJ7CiAUL3DqhzAHYJA9tk,tuckmeta,https://x.com/tuckmeta,tuck250 followers
SenLessaman,SenLessaman,https://pump.fun/profile/D1NDaz827QGeHvWTy6RbRaqPzUiqmqnqmyBFjhDkrkKf,SenLessaman,https://x.com/SenLessaman,SenLessaman245 followers
whimsysol,whimsysol,https://pump.fun/profile/HxpYW71xJoMTQvy2x27g8eqJ9SzRwz2BxdBKXUSuqWbx,ibewhimsy,https://x.com/ibewhimsy,whimsysol236 followers
padreprints,padreprints,https://pump.fun/profile/4Ff9dbi9L93qMvevpESY4YLHtdqTd8Yj8jXj3VwCNY4g,PadrePrints,https://x.com/PadrePrints,padreprints226 followers
Ozilgreat,Ozilgreat,https://pump.fun/profile/HjeD76yEvzVY4p9vBd2jTc4CxKdgh1f1isqWq1nWr4J8,Ozilgreat101,https://x.com/Ozilgreat101,Ozilgreat223 followers
donniedarketh,donniedarketh,https://pump.fun/profile/8sYLFqmhpacLmfrqynoSPTDbmZdscbABqxN86tAZNcqg,DonnieDarkETH,https://x.com/DonnieDarkETH,donniedarketh218 followers
diegodadon,diegodadon,https://pump.fun/profile/7DJ593tJg7382RTUySEV4viC5NxRmzWBRJsxFZoJDBcS,DiegoDaDon_,https://x.com/DiegoDaDon_,diegodadon212 followers
PerryAlpha,PerryAlpha,https://pump.fun/profile/Cbz7atNyux4JNHJ3nEyuALTcrFmEmwHDZMnZBncxLMwW,PerryALPHA,https://x.com/PerryALPHA,PerryAlpha208 followers
lfrisky,lfrisky,https://pump.fun/profile/EQgDm3M5AsapZa19yTNFrdeX9Q2wmbNctVhkYuhSZRe1,lfriskel_,https://x.com/lfriskel_,lfrisky204 followers
Shaizer,Shaizer,https://pump.fun/profile/7SuW6rkhC1g7BX7XNW8d34jhkQRxx3VaZZfa2tER8C28,ItsShaizer,https://x.com/ItsShaizer,Shaizer199 followers
f0ssi,f0ssi,https://pump.fun/profile/8btHcLD6qMAzVY2bVB5GH2wUbFx57MKwDajYS9QXLFgf,rug_enjoyoor,https://x.com/rug_enjoyoor,f0ssi200 followers
cepi,cepi,https://pump.fun/profile/DX1r4zoHVaDedL8pXt2sYZdqThZVNZ3mBdYbzJTyx7TP,Cepi_grs,https://x.com/Cepi_grs,cepi198 followers
bbcappital,bbcappital,https://pump.fun/profile/9AcQoQtMUiohLtCwtmBfzKTpzRk83fKvjCbWGo54EUut,bbcappital,https://x.com/bbcappital,bbcappital195 followers
PAPA7_,PAPA7_,https://pump.fun/profile/3KKqG71qSsLoYcAbJBjjyCVHUiVyeHb7qKSG2xRhR6B6,papadamnseven,https://x.com/papadamnseven,PAPA7_183 followers
thomasthetank,thomasthetank,https://pump.fun/profile/4nmXukHRqdsEKG1jYxE5NrYSAkrgYLMLNfWXZ9N9oHcU,Thomasthetank_,https://x.com/Thomasthetank_,thomasthetank181 followers
duckpumplfg,duckpumplfg,https://pump.fun/profile/2XUsvRRvLUqqU9rcu4hZH5Xcw56sceyps2VK19vsAqih,duckpumplfg,https://x.com/duckpumplfg,duckpumplfg180 followers
ogzerozeni,ogzerozeni,https://pump.fun/profile/BYeJZ9Gb93Dz5CKDmcANYcuYEYmhTFdwzU2d1atrL3Sf,ogzerozeni,https://x.com/ogzerozeni,ogzerozeni172 followers
matrixsnipes,matrixsnipes,https://pump.fun/profile/5iPqnb6oobZn2u1jYFAMVJUvU1ZFuimaEqo1XUiaPAnN,MatrixTspx,https://x.com/MatrixTspx,matrixsnipes161 followers
crypto_bunnie07,crypto_bunnie07,https://pump.fun/profile/2VAUBroMkJvcFZLLcaa5VNWZWMsJuzBMjuDpUCuCF7bo,crypto_bunnie07,https://x.com/crypto_bunnie07,crypto_bunnie07153 followers
sagexbabyx_,sagexbabyx_,https://pump.fun/profile/PfZTVhV4BarqnQhHscGGpHBF4jnDYGrtPdn3DHDqFdi,sagexbabyx,https://x.com/sagexbabyx,sagexbabyx_155 followers
fudreaper_,fudreaper_,https://pump.fun/profile/7BsUdM5oaXaGLhiGfn2aBy86PSJAGWDbAjYBkzg4RiYk,fudreaper_,https://x.com/fudreaper_,fudreaper_146 followers
Cyptonite_09,Cyptonite_09,https://pump.fun/profile/3BVN1423skGpDf2AabAmm2jTRZP6xGzowPrN2mgNS1WL,Cryptonite_09,https://x.com/Cryptonite_09,Cyptonite_09144 followers
voss,voss,https://pump.fun/profile/4ZQzZZsHN2Nkqtjs7WxVxVgWeU29FzvzM2yr1NzPBvC3,onlyvoss,https://x.com/onlyvoss,voss139 followers
lonely_ceo,lonely_ceo,https://pump.fun/profile/D8tc8WYLNVRsgAzXmNoCejaWD2V5HBsVNreF8XwwWr4n,YayoSchwab,https://x.com/YayoSchwab,lonely_ceo138 followers
oxlgz,oxlgz,https://pump.fun/profile/47MRUaU6DZpH1ydT9sTWYUsxzFZ7APV9JeqTVk1PtNd6,oxlgz_,https://x.com/oxlgz_,oxlgz135 followers
hazymarlin50272,hazymarlin50272,https://pump.fun/profile/5uetnDttLykvifT6EnCbnyeyKmksoY8VEvk8CEEQChKZ,DammahSol,https://x.com/DammahSol,hazymarlin50272130 followers
EdVodkaQuant,EdVodkaQuant,https://pump.fun/profile/5ZBQgjAsRYuk1eQTzJQSLCg7WBQndjQgou2ZMVMaaZBe,degentradersol,https://x.com/degentradersol,EdVodkaQuant122 followers
PoyoEB,PoyoEB,https://pump.fun/profile/3BaBGDqdw9SQsXPHkcW1GNCAS623pEBMokiKQFwPkhNu,PoyoEB,https://x.com/PoyoEB,PoyoEB98 followers
kandzy_sol,kandzy_sol,https://pump.fun/profile/2G7cU2PBJaonWRkEvJWRzm9Acyby2BWxqpz6QsZDPvzh,kandzy_pnl,https://x.com/kandzy_pnl,kandzy_sol90 followers
schizohustler,schizohustler,https://pump.fun/profile/58dubd3m7Q3iozJF282oQwypdxLXvjGQJXYpuZXWB2MV,schizohustler,https://x.com/schizohustler,schizohustler86 followers
Short__Shot,Short__Shot,https://pump.fun/profile/9hwidVNuY2ua6ADtEtFWcemBawPzqXsRwvx9TxyCddNt,Short__Shot,https://x.com/Short__Shot,Short__Shot77 followers
RealHulk,RealHulk,https://pump.fun/profile/EC8soTNHecVXaGpmZuBN57Q1KcktcLpDTL2jD2mziV3x,Therealhulg,https://x.com/Therealhulg,RealHulk71 followers
nategmi,nategmi,https://pump.fun/profile/D5LPgnGybwuRFfy8Eatv93pCoQs94xc7fYUtUPJyZCeo,nategmi,https://x.com/nategmi,nategmi62 followers
hs_819,hs_819,https://pump.fun/profile/4mDumyddQhVomsr1HTUDFpCJqarhGjwAnt9LqxhWtYNB,Haider819,https://x.com/Haider819,hs_81957 followers
ierene,ierene,https://pump.fun/profile/BxKkM87Cyc1uNrjFBWAMMV2fAhXoWxUnwGGrxodYsDkK,ierene,https://x.com/ierene,ierene53 followers
MJcallouts,MJcallouts,https://pump.fun/profile/5DzYYDutX3Qs8ktm7CD992NAvJxkrjYGyn9D4LksmNJM,i0hnt3r,https://x.com/i0hnt3r,MJcallouts44 followers
silly888z,silly888z,https://pump.fun/profile/6rdhPJHTfnS4aXeEUs6Xba5jUp3qsqLFJKfvr2aGoL6d,silvio888z,https://x.com/silvio888z,silly888z43 followers
shitcoinhero,shitcoinhero,https://pump.fun/profile/7TKB5JGQn6btkEqZQmoc5Q8isjQFpqdFjjFeYRLuFoXc,shitcoinheroo,https://x.com/shitcoinheroo,shitcoinhero39 followers
DaSilvafx007,DaSilvafx007,https://pump.fun/profile/EtVwVH4bUNbUeVyoWbr3E6xS3GN7MQZQtV6L1fb9TWEX,DaSilva0076,https://x.com/DaSilva0076,DaSilvafx00735 followers
texaswassie,texaswassie,https://pump.fun/profile/5spxPiadBfqSHYKm4JDnRyqcNmkSw2bWn8TQLGTjPbtJ,texaswassie,https://x.com/texaswassie,"texaswassie1,380 followers"
ocrxa,ocrxa,https://pump.fun/profile/3MNu91fiPyCefHL88aBYntpwfraf3dBrqJ8VYjJQyaqt,ocrxa,https://x.com/ocrxa,"ocrxa1,029 followers"
dolphinsplash,dolphinsplash,https://pump.fun/profile/6xxipzpu7mUPmHCZ2cEakNtQYQunXET5raeR7a1Cn4K,kibosora,https://x.com/kibosora,dolphinsplash500 followers
sadizmed,sadizmed,https://pump.fun/profile/7oREYnSXmL5TKzemYf2XUfoT1ZVa1rfdp2q3TfBSzuDJ,sadizmed,https://x.com/sadizmed,sadizmed246 followers
rex6s,rex6s,https://pump.fun/profile/DKdUg379qBwtRqruUwAq6Z9jACUXae9peBgXQxd2kX3m,rex6s,https://x.com/rex6s,rex6s69 followers
JACK4SS,JACK4SS,https://pump.fun/profile/DgXVwhDRi6gDJg3XZ37jYnP1oaDmyGTa67AmJkyTwMCU,Eddie3964368851,https://x.com/Eddie3964368851,"JACK4SS5,334 followers"
Purps911,Purps911,https://pump.fun/profile/CVvJnDPcWdmUJN6YC4cHwBS2cJ9T8KoVh3xEwGquHYz1,Purps911,https://x.com/Purps911,"Purps9112,612 followers"
novabonds69,novabonds69,https://pump.fun/profile/54yAKtNUBDi4VPNzcSr6qXxA86ZYKBCiHB2MgzrfMrpK,MrNovaaaa,https://x.com/MrNovaaaa,"novabonds692,180 followers"
filerscrypto,filerscrypto,https://pump.fun/profile/AtjuqTgjpekWnPFiii9R1pQfHgVjvPFkYnNWop7W75wL,TSoumillon29231,https://x.com/TSoumillon29231,"filerscrypto2,194 followers"
cooldevbro,cooldevbro,https://pump.fun/profile/5SW7p56x22LKj8gYcE8DVVd1S59UJUGR9jKq2PFdKiKg,cooldevisback,https://x.com/cooldevisback,"cooldevbro1,979 followers"
itscatito,itscatito,https://pump.fun/profile/potATmnzzDozwPJQqCHRJE3wgw5d4CXow2WuewzS6oW,FriedCatito,https://x.com/FriedCatito,"itscatito1,431 followers"
bobo77,bobo77,https://pump.fun/profile/AMRsSeU5JpqwQWJGNLMpZzRCZSFEwYQYbMnms3dD4311,Bobonsol9,https://x.com/Bobonsol9,"bobo771,234 followers"
nofe,nofe,https://pump.fun/profile/24XmpY1Xk2miETKYwFpLnHyqKLyewcQujMWXcfz6hHiv,Nofelinesss,https://x.com/Nofelinesss,nofe942 followers
milero,milero,https://pump.fun/profile/8T9ychy4shZUYRu6LFjgNYDWPEQ14KEwyNXsr76fcNZy,milerozu,https://x.com/milerozu,milero933 followers
nelli,nelli,https://pump.fun/profile/EtYLDByTayY5tBTyS4Nf6jxsFNHM9eYfGrtoHn4UzYUp,bansheewaves,https://x.com/bansheewaves,nelli750 followers
darthvgems,darthvgems,https://pump.fun/profile/6BcQGZ9JN5JRihuVjdukhiFg1H4yGgq5CY9LkMqism4x,DarthVadorsGems,https://x.com/DarthVadorsGems,darthvgems623 followers
swaynfa_,swaynfa_,https://pump.fun/profile/HZhCar35LKxULFq3rVRmF78r9m1eaMrDzw6d9KX2DwHe,swaynfa,https://x.com/swaynfa,swaynfa_522 followers
SolAddic,SolAddic,https://pump.fun/profile/Dish4gFLsbyWQ81yEn384t521Vr77sgyvR5xf8BRZd2T,SolAddixun,https://x.com/SolAddixun,SolAddic464 followers
hehim369,hehim369,https://pump.fun/profile/GihG1WciMf5JMmKBpkCiBqwYLvkX5D8Sayof2TQAB5GQ,Kimbazxz,https://x.com/Kimbazxz,hehim369410 followers
isthatmystic_,isthatmystic_,https://pump.fun/profile/F62FPC23961GyCxnhL4Lr8GP32KvkBdVVfUmg7SsDGRC,isthatmystic_,https://x.com/isthatmystic_,isthatmystic_353 followers
captainhaole,captainhaole,https://pump.fun/profile/4dmGMP2uayu9Ka3EAnNyGsniSghjLSHPNGkLVjRwZog1,CaptainHaole,https://x.com/CaptainHaole,captainhaole290 followers
digii,digii,https://pump.fun/profile/4PG3gQ7ahqYKuteAtN3EuivWTQztWEEFk399SHRhXkB4,digiii,https://x.com/digiii,digii280 followers
maxamaillioneth,maxamaillioneth,https://pump.fun/profile/F6jwNY2adyGCJrjvSA397RhdJMQXYVoC2ZMRpofzY3gR,maxamillioneth,https://x.com/maxamillioneth,maxamaillioneth175 followers
wildfishcivilia,wildfishcivilia,https://pump.fun/profile/8eXHCKpBKYT6G4W3gf7q4D44FLvGY5SV8uwzd5Fp2nPf,itslvxry,https://x.com/itslvxry,wildfishcivilia14 followers
Revulation,Revulation,https://pump.fun/profile/HC5bEjyEkMb4B6AD2ibq7iqNLQTuUpqqbyYQgP9HW5cm,Revvulation,https://x.com/Revvulation,Revulation145 followers
Polite_Seller,Polite_Seller,https://pump.fun/profile/EPjMC11TMkmof494c5y1dAcriSqyFXohCh7hs7URJJTw,Polite_Seller,https://x.com/Polite_Seller,Polite_Seller125 followers
Sue_xbt,Sue_xbt,https://pump.fun/profile/AUphTU4AVDof4Ttw3SLTRoEsuEtS4cr1jCXhnbswLyuW,sue_xbt,https://x.com/sue_xbt,"Sue_xbt1,765 followers"
0xvidocq,0xvidocq,https://pump.fun/profile/3UWAFvjYCXo6w2PUa2ZD6zqYSa7W1GeW3wtGMTq6oNfP,0xSpeedyG,https://x.com/0xSpeedyG,0xvidocq102K followers
wenZoo,wenZoo,https://pump.fun/profile/D1abSKJj7FAucjEj4hLDrLA5mpk2bmQvwr3XpvRK1dwe,WenZ0ooo,https://x.com/WenZ0ooo,wenZoo12.3K followers
hennioso,hennioso,https://pump.fun/profile/EzwMnmwGmWaNbqbsJVTrLVUCJK9WWJjnkr76kKAXp5vG,hennioso,https://x.com/hennioso,hennioso12.2K followers
gaston_levai,gaston_levai,https://pump.fun/profile/9fasCqz4yRErTZPEWBUuoYoKZzzSziEGSjAjnj1YHoGh,gastonelevai,https://x.com/gastonelevai,"gaston_levai4,029 followers"
pinkprinter,pinkprinter,https://pump.fun/profile/CXeBCjnGAc9rnDA6mHgGLhUAEnCNWsvVtXgjiamZi33x,pinkprintersol,https://x.com/pinkprintersol,"pinkprinter3,866 followers"
retardcaesar,retardcaesar,https://pump.fun/profile/6dKbP3YZv1K5kojZvgjgpnLV6d3uUvvT9nm7rKauPGYJ,retardcaesar,https://x.com/retardcaesar,"retardcaesar3,366 followers"
treasuryahhh,treasuryahhh,https://pump.fun/profile/9oCc1vpHFwxXb9sLJPeDQbZMzeMFJGiuS7nUSmsgrKsh,NAKIboiDEV,https://x.com/NAKIboiDEV,"treasuryahhh3,346 followers"
raredot,raredot,https://pump.fun/profile/8H7PKqqvyPf1DXk3ZExgqPWCENQymmubWXbbe4FJFtzm,rareblacjag,https://x.com/rareblacjag,"raredot3,267 followers"
funlousymood,funlousymood,https://pump.fun/profile/5y2ex68L41UiPjZXRrxsZJfPcTjkdQEKLexXvwXcq6Wo,ManuelR66514464,https://x.com/ManuelR66514464,"funlousymood3,237 followers"
jamezer0,jamezer0,https://pump.fun/profile/56u3Rs4UtuoQB7seR4Yw9jXQXvyNWTVmCBW7FoqS44P1,ajamezer0,https://x.com/ajamezer0,"jamezer03,129 followers"
slingoornigga,slingoornigga,https://pump.fun/profile/2JVS8JukUBSiKJmXJ3KvJFQymsRL681538otAcLQkNRP,pumpdartt,https://x.com/pumpdartt,"slingoornigga3,080 followers"
franklinisbored,franklinisbored,https://pump.fun/profile/Dgak1jbnCBSyVbHdW5y3BmpHwnfxQ2avUtL9XxXvzqC8,PumpDotFunGuy,https://x.com/PumpDotFunGuy,"franklinisbored2,190 followers"
pepedrt,pepedrt,https://pump.fun/profile/7K7itu678xAaUcuPQ2f3c2DcjirRjBY4HMTW1dx6hiL6,pepeDRT,https://x.com/pepeDRT,"pepedrt2,046 followers"
sfumato,sfumato,https://pump.fun/profile/897bxFATvS4uPvEqxSZxrCCvt8n6dxkYfMkYDuoUSw57,sfumato77x,https://x.com/sfumato77x,"sfumato2,029 followers"
miladyspice,miladyspice,https://pump.fun/profile/9dKTnUGx1Nx4kxjN461QYJUVTWiiogNsW9oLg8jjGim2,MiladySpice,https://x.com/MiladySpice,"miladyspice2,013 followers"
knightstemplar,knightstemplar,https://pump.fun/profile/B8v5aiU7jjASVoWdbePpjwptfwSx71VLAt6qfa73Aupr,AlphaGlobalInc,https://x.com/AlphaGlobalInc,"knightstemplar1,981 followers"
zuno,zuno,https://pump.fun/profile/2WMjPMozEHBuw4WzwcVg1XpMArLAjnT2MFB98DQtikYS,ZUNO__Sol,https://x.com/ZUNO__Sol,"zuno1,925 followers"
Cope,Cope,https://pump.fun/profile/BFx6LQHkgcvdQ3ySxZBDBigii4fDQvn7yw5pfWRdVAgm,CopeCoping,https://x.com/CopeCoping,"Cope1,911 followers"
memo070,memo070,https://pump.fun/profile/DZNWkzGUh4d7sftp8x9TR4iEjJHZXT1TnoqrQpE2MZQT,singularit4345,https://x.com/singularit4345,"memo0701,837 followers"
fluxonpepetides,fluxonpepetides,https://pump.fun/profile/94wZzYQQmZpdqCvV6JwmtAf9TCExVefKaAFz7DxjahyC,Fluxtat,https://x.com/Fluxtat,"fluxonpepetides1,789 followers"
bluen0tes1,bluen0tes1,https://pump.fun/profile/AN4WBjGdg2KuXHXmfLqehJ2GXkDu5DntdUQ4uibjeyob,BlueN0tes1,https://x.com/BlueN0tes1,"bluen0tes11,727 followers"
diinero,diinero,https://pump.fun/profile/CTMD1gcbQbuR5JdcDM6qmjEbhFXYqyUxN8Wboy9xQDTz,DIINERO___,https://x.com/DIINERO___,"diinero1,657 followers"
levicryptoguy,levicryptoguy,https://pump.fun/profile/8UrMcr7LazNCNq1s7chvNwCms5gxCS4V2CbLiG7L65Z8,LeviRietveld,https://x.com/LeviRietveld,"levicryptoguy1,535 followers"
p0ppy,p0ppy,https://pump.fun/profile/7FiS8Wxf9ntZ3JuoSEu2RLjT2oNVUETNhvdy897xfXkC,p0ppyDev,https://x.com/p0ppyDev,"p0ppy1,426 followers"
olgreg,olgreg,https://pump.fun/profile/H29VN5f1JY7SfFwcjGrvdfNQTH8z3CBKrWnQLTxptz6a,HoesFoShos,https://x.com/HoesFoShos,"olgreg1,306 followers"
legendtrader,legendtrader,https://pump.fun/profile/6mgU4qZyuL6JQyht7fkNEMBwvA5j2fJgZC36G3RieFmh,chrishansemsol,https://x.com/chrishansemsol,"legendtrader1,284 followers"
wolf,wolf,https://pump.fun/profile/9v9Xsxxu2pi4cDkTHtyL1Rg417uga48R2VcCP4L1Pe9R,fl0wjoe,https://x.com/fl0wjoe,"wolf1,274 followers"
africatopteam,africatopteam,https://pump.fun/profile/4bMqPQQ92Ju2pVRioNcD6VQfhvNr6ucpSH4DqwP7gnDd,AfricaTopTeam1,https://x.com/AfricaTopTeam1,"africatopteam1,261 followers"
hyperoctopus624,hyperoctopus624,https://pump.fun/profile/6GdNFSzqToF7ADpbskbEmAV9Cg6dkkqfMvMXpms1FCX,oneshot_OST,https://x.com/oneshot_OST,"hyperoctopus6241,193 followers"
porky9999,porky9999,https://pump.fun/profile/9S6Pbx7o6CuygNon1PG8UH8ANierbUBECeGvP5KNvyqK,Porkymunoz,https://x.com/Porkymunoz,"porky99991,177 followers"
sir_bassie,sir_bassie,https://pump.fun/profile/BXS1vyJEBRYuAbsCHiCxc1Vfbonn4n38GwdEMVTAUtg4,Sir_Bassie,https://x.com/Sir_Bassie,"sir_bassie1,151 followers"
yinyangcoindev,yinyangcoindev,https://pump.fun/profile/2owQYtveAXf2v5sKSMSnLMFN47zhF6AdNWRTbSQLPtx7,RWerkaccount,https://x.com/RWerkaccount,"yinyangcoindev1,117 followers"
coreythex,coreythex,https://pump.fun/profile/9Aq7No2C4QfKuDmuye3KnaC2Bk95RK4nM2ehPU6GeEyM,CoreyTheX,https://x.com/CoreyTheX,"coreythex1,114 followers"
haddenouf,haddenouf,https://pump.fun/profile/B3ZSJaxg3fmrZJaphu5D1PjzMJH9dKP25AJNjgY3uzTv,HaddEnouf,https://x.com/HaddEnouf,"haddenouf1,105 followers"
user01938282828,user01938282828,https://pump.fun/profile/ECrJKLivdm2hA3e7Bb9yB7VRmR93ZSeVwfXbY7V3t6tw,LolaLifelkz,https://x.com/LolaLifelkz,"user019382828281,099 followers"
Viper_3D,Viper_3D,https://pump.fun/profile/CwBBq73tF76dbqnuwwbdKtXzRfySJZtaPPUXsHHT9mQ2,Viper__3D,https://x.com/Viper__3D,"Viper_3D1,089 followers"
x0x00x000x00x0x,x0x00x000x00x0x,https://pump.fun/profile/BzXPEoP73DqGJNGfiUfY1T5AMmUxRFhDf2hPZQNQ7kj8,TORTUREDsol,https://x.com/TORTUREDsol,"x0x00x000x00x0x1,037 followers"
megasharkendear,megasharkendear,https://pump.fun/profile/7eo6bpRys29ViHDcT4PizC6RZBqW6yALmoCBjBADKect,zeetootee,https://x.com/zeetootee,"megasharkendear1,036 followers"
MemeWhispererrr,MemeWhispererrr,https://pump.fun/profile/CiWkZ3DowVbnfVr9mh4tPQTZHNr4aL8LSvt5RCQg3D6G,JasonLavigne12,https://x.com/JasonLavigne12,"MemeWhispererrr1,017 followers"
royaljakie,royaljakie,https://pump.fun/profile/8zebnNHY2T4xxJwWKDiK7GrEiNAiiaExxFEeBdrTGpTe,royaljakie,https://x.com/royaljakie,"royaljakie1,008 followers"
alwaysmaxbiddin,alwaysmaxbiddin,https://pump.fun/profile/3tdjAk9kkD1SnwDMnHnDW2PwkQSA6CZEUR6W9v8n95uW,Alwaysmaxbiddin,https://x.com/Alwaysmaxbiddin,alwaysmaxbiddin882 followers
CreatorFinance,CreatorFinance,https://pump.fun/profile/G4q7d1fckiQ4uXxtQpEfgddzBVrXs28yr7VEP2xdRi4p,TROLLOWENNSOL,https://x.com/TROLLOWENNSOL,CreatorFinance860 followers
kollector,kollector,https://pump.fun/profile/86Ha42wNFF4bZMTkcdhG4TNZ8mhGFapDhjCbmZjeNnMU,kollector77,https://x.com/kollector77,kollector804 followers
wagon,wagon,https://pump.fun/profile/G8Mwidta8NkRKqg47fiEJ2inoFkVJneoHfnVy24c99Xt,swaginawagon,https://x.com/swaginawagon,wagon779 followers
ommakbtc,ommakbtc,https://pump.fun/profile/49nSpmxwnTTyXujNm3zHqoin1mg1y1rKd1THXwJjYdLa,ommakbtc,https://x.com/ommakbtc,ommakbtc777 followers
WannaBee,WannaBee,https://pump.fun/profile/CNrpaeztufrbpL6rWZVxM2W8bbzejveARJnV1cjqMfKG,jfbr96,https://x.com/jfbr96,WannaBee772 followers
Suit_,Suit_,https://pump.fun/profile/3xw7oVwJQJymxC8Zg1iMQbypKodPAMQHPucucim4bhGh,SuitMetaX,https://x.com/SuitMetaX,Suit_760 followers
Cal_culatedKaos,Cal_culatedKaos,https://pump.fun/profile/7xnWTrQ1sMd22DL5hkxxWvexLfbx1Dh3wHnGnAadGwVc,Cal8480,https://x.com/Cal8480,Cal_culatedKaos748 followers
kafreelion,kafreelion,https://pump.fun/profile/Hoo3sDoPs6Lyn5FSjpH38i1273Wk9XKnXz3WXAVfuY4G,nick_dmx,https://x.com/nick_dmx,kafreelion742 followers
nowimawinner,nowimawinner,https://pump.fun/profile/BQ2oAQuaUhqNitwpo58ZEzho7n3xrYAx2hf6pr4Pvq9K,DrSchillmusic,https://x.com/DrSchillmusic,nowimawinner733 followers
callmechad,callmechad,https://pump.fun/profile/2X8ZmJrRwsy4uxNS8tzHkLhHWRjZ1tde4v8byr3c34UN,johnwickiiiii,https://x.com/johnwickiiiii,callmechad739 followers
AlphaWhaleHunt,AlphaWhaleHunt,https://pump.fun/profile/4UNWjuDdv1h89JqanRjZhsP1vhfzSAaM1pbQu6Ac7U3D,alphawhalehunt,https://x.com/alphawhalehunt,AlphaWhaleHunt726 followers
kandiikitten,kandiikitten,https://pump.fun/profile/AzwuTUR7Dhmb6vE9S93xHkzpMnQqHb6guMUTz36dmZ3p,Kandii,https://x.com/Kandii,kandiikitten726 followers
sharttoshi,sharttoshi,https://pump.fun/profile/DjvDJ2tZ1MLpEC8sRVWskfHyUAtyc9ck8YmPC2iWEVjN,JayZonBilodeau,https://x.com/JayZonBilodeau,sharttoshi730 followers
cryptus_deus,cryptus_deus,https://pump.fun/profile/BC3WCXZi6eXKLKt72Yx4tZ9n7wHxaEG1dN16djvvjAGU,numeris24,https://x.com/numeris24,cryptus_deus706 followers
ARGENTA,ARGENTA,https://pump.fun/profile/6Xu6smEJSp2F56VdhYcm2fLpN2n6bufP4ASmobfjzjDw,RUSHrshh,https://x.com/RUSHrshh,ARGENTA684 followers
kukoobara,kukoobara,https://pump.fun/profile/5AeM9snspo4ko5rTQV95Aiq4QRzRpTwXGYRwy92mFvTn,aos_nft_artist,https://x.com/aos_nft_artist,kukoobara666 followers
Josephonnsol,Josephonnsol,https://pump.fun/profile/HvuphGmz1zy9zdFni5Lk8iGPLEhd84v8hndD9DoWpqpq,Josephonnsol,https://x.com/Josephonnsol,Josephonnsol651 followers
boutet,boutet,https://pump.fun/profile/C9mKhEAxcxprZrfC79AT29eEoubTzWMq6k23qRVte16t,boutet222,https://x.com/boutet222,boutet647 followers
cryptodegen8888,cryptodegen8888,https://pump.fun/profile/4H2XjAMCQvKBFBfhT9KkCcgCdHgFpW7YYiJuMxCCiaiy,CrypOnSol,https://x.com/CrypOnSol,cryptodegen8888638 followers
CASHBURN,CASHBURN,https://pump.fun/profile/CBLAitjrYadh9L5doaJGnkznbWdueuRW2APPZFudSXjz,cabellos15007,https://x.com/cabellos15007,CASHBURN626 followers
buttcoindev,buttcoindev,https://pump.fun/profile/5qZv2x3VDTfoawYeSitGtEb43T525aTCbckwzSSoywP9,ButtCoin,https://x.com/ButtCoin,buttcoindev629 followers
pre16z,pre16z,https://pump.fun/profile/CanX3m49uKGrLGnBQGbhGD33NBhHHCjgZdKKvvbLzWHZ,pre16z,https://x.com/pre16z,pre16z617 followers
Zghire_,Zghire_,https://pump.fun/profile/HevxBLE2uwbvcjUrsohR68E2GJaBLtoZQ11qPtMY6npf,Zghire_,https://x.com/Zghire_,Zghire_610 followers
ilovemyfrenchie,ilovemyfrenchie,https://pump.fun/profile/CuH9uwZ9WkNU4WqXsUgVxqaxEC24nhh6gLWyCE9aXWP2,ilovemyfrenchie,https://x.com/ilovemyfrenchie,ilovemyfrenchie606 followers
suleymanuncus,suleymanuncus,https://pump.fun/profile/GUJh1QxWpHNk6rTUJhkQhvatXDDhdi4hVFK3QXx3Ze79,SuleymanUncular,https://x.com/SuleymanUncular,suleymanuncus600 followers
stacker,stacker,https://pump.fun/profile/HbCxe8yWQJWnK3f3FX4oohgm87FZuPYD4Ydszqxgkwft,Stackeronsol,https://x.com/Stackeronsol,stacker605 followers
captivatesol,captivatesol,https://pump.fun/profile/Bbu3yr3Y5pHNX2ZxkaHgckhMPSB9VXgQiUX4kbSTdmNG,viewsfromeazy,https://x.com/viewsfromeazy,captivatesol595 followers
lastmemegod,lastmemegod,https://pump.fun/profile/2jyzWdSrTcTynrWR5GqPjH8psNM5Dehs3rT4vycKbADY,Bdon12845109,https://x.com/Bdon12845109,lastmemegod576 followers
0xKyros0x,0xKyros0x,https://pump.fun/profile/B5bnBwoAwJjKH52WjjD4XMXyeM6EwsEi6bxpSDoYAkdz,Kyros0x,https://x.com/Kyros0x,0xKyros0x569 followers
kior,kior,https://pump.fun/profile/F78fUfVKkhcMjtmqxofe2nNfHAZ4JFNXweEZbuHThSi,goodthesis,https://x.com/goodthesis,kior570 followers
xevotwgx,xevotwgx,https://pump.fun/profile/DrHhB9HafNUGqNv1JHHQH1aju2HKnV98vTfLtvwjcpFY,Xevotwgx,https://x.com/Xevotwgx,xevotwgx558 followers
Guber1111,Guber1111,https://pump.fun/profile/4vgPkzx4niv61jnKWcSr78pD5J6prAr25swVBGnooDPQ,RaisingTrades,https://x.com/RaisingTrades,Guber1111554 followers
dxtcalls,dxtcalls,https://pump.fun/profile/5KusWxmuo1qDUFV3TXgLECpZhvzAvsJJXRGM1YURtfCb,dxttools,https://x.com/dxttools,dxtcalls545 followers
johnny2pockets,johnny2pockets,https://pump.fun/profile/2t5FoQLpeDz3wMy9f45j4ooeGcjZswHhZHgE8Mghkkt1,2Pockets29,https://x.com/2Pockets29,johnny2pockets540 followers
itsshilly,itsshilly,https://pump.fun/profile/8fKgd4gDFX8r5y3WUkWxoNwvnxN8SMMbPoHD2PgBFywb,ItsShillyInHere,https://x.com/ItsShillyInHere,itsshilly529 followers
Anonymous_Bull,Anonymous_Bull,https://pump.fun/profile/2og6TTUaGvN9QwHwM8wYtNspx9Jug9CcdnQ4tt4A3hQG,m3ist3r_m4rc3l,https://x.com/m3ist3r_m4rc3l,Anonymous_Bull493 followers
admun,admun,https://pump.fun/profile/bjxwpm8RUcvYAw2Z7aZky26xwXeUcPsxazdNNLp7j5x,whoiskabu,https://x.com/whoiskabu,admun493 followers
zeus_tha1,zeus_tha1,https://pump.fun/profile/9NFPthUzuQntaZodopawBerAV99thAv6J2MaoRobtHGv,sexinsvj,https://x.com/sexinsvj,zeus_tha1486 followers
justmarcos,justmarcos,https://pump.fun/profile/3heHDK9dhctN9hiGWjTGAJR8oNEv4bgSjBfEoTuy7uwE,just_marcos_,https://x.com/just_marcos_,justmarcos484 followers
ashmix,ashmix,https://pump.fun/profile/7rtHNBMynJMVTmLeUndL75bVCAXU1Dz4uJcxh2WoFowN,Ashmix__,https://x.com/Ashmix__,ashmix476 followers
jstashcrypto,jstashcrypto,https://pump.fun/profile/F8zu2Ghh1kqpn3J1P7rzTpUnNWZ9EfoPq4kgPa9k5gLA,J_Stash_Sol,https://x.com/J_Stash_Sol,jstashcrypto479 followers
Levarage,Levarage,https://pump.fun/profile/7tsFkP44KfSjJduKx6BWpxLZJRnhDNfvcLZerjNeso7L,DavidGordo44507,https://x.com/DavidGordo44507,Levarage460 followers
risegm,risegm,https://pump.fun/profile/DaDHJHhHKyaFqFe6RRuS31o5giFghK99hKouuTwM9f4M,Jowmetax,https://x.com/Jowmetax,risegm446 followers
BlueNova_,BlueNova_,https://pump.fun/profile/7gijTQx4rc8jyZLhjen55CyTBFhVu8WMPokbQfXCZyF7,BigWhoaBTC,https://x.com/BigWhoaBTC,BlueNova_438 followers
solanapunchdev,solanapunchdev,https://pump.fun/profile/ABvdn4SBRb8dczvvhrjJub6AUAjfsnGK5a7UNuBQXF9f,Marx198440,https://x.com/Marx198440,solanapunchdev434 followers
henre,henre,https://pump.fun/profile/D9q15oATTWXRTa16Ko3PBMwUYEsUDmwTMRAEzny9JELs,hfransoo,https://x.com/hfransoo,henre426 followers
themememechanic,themememechanic,https://pump.fun/profile/3U5ywBij3PwckrBTYSNJJSs2Lc3rVyRd1JfedADLQhwt,ZACH_BONDE,https://x.com/ZACH_BONDE,themememechanic431 followers
h398,h398,https://pump.fun/profile/8bQW59r8Y6HoNuUtGVQayHVZEKUBCx9edbkb6v9Tb6EG,gogetsummoneyh3,https://x.com/gogetsummoneyh3,h398416 followers
motherofgoddev,motherofgoddev,https://pump.fun/profile/FApPmPm1qTSKjj8C6uZkZXn71N1fEjCNJedrd1HSHNtB,Pumpin_Pies,https://x.com/Pumpin_Pies,motherofgoddev415 followers
poordoggo,poordoggo,https://pump.fun/profile/7SUaoUawMJzLr2zj8FJkTZPG3yoiaTDxKnN55XjMxYTj,OcioIlCane,https://x.com/OcioIlCane,poordoggo395 followers
hayestlova,hayestlova,https://pump.fun/profile/J2oxFunP9fFgrNHP9LRxQ8jYKU9gmpfVxXU7oJehXR3H,orthodoxspx,https://x.com/orthodoxspx,hayestlova370 followers
clouduneo_o,clouduneo_o,https://pump.fun/profile/5XS2Rg7Mnz86HgoLwwQhweEBhGTehpu6D4f8JDVbC66o,Cloudunetworks,https://x.com/Cloudunetworks,clouduneo_o366 followers
Janggy,Janggy,https://pump.fun/profile/GXvRY5T8qZuSb5QNwiVXAsgiBBVKDnFGVRTiox1Ly7AM,RahiwanY,https://x.com/RahiwanY,Janggy362 followers
dazedpettyupset,dazedpettyupset,https://pump.fun/profile/6xRygqxWpX75cM7QZDnpxn9FKpukVkDknf7nFSo8fzxx,SeBe_BOI,https://x.com/SeBe_BOI,dazedpettyupset356 followers
daddydeviouslcc,daddydeviouslcc,https://pump.fun/profile/DQtHrFkcj1zLWzj9GPJ8b3seyG25PHAJeXAHNW2Te6Wh,speedy_x65o,https://x.com/speedy_x65o,daddydeviouslcc356 followers
solana_goblin,solana_goblin,https://pump.fun/profile/HgY8ypQGnrEqU2dsJ372BEW4C8PQBK8DkjGbu2K69CsZ,kiran76746253,https://x.com/kiran76746253,solana_goblin348 followers
kodathebear,kodathebear,https://pump.fun/profile/BBegm1GJuNDFQ6EigT8hJFdC2Ud5tkdsYkEGwfBhWNSy,NamLe854078,https://x.com/NamLe854078,kodathebear334 followers
tokenmotion,tokenmotion,https://pump.fun/profile/EAGFHSUmncCRRprV38PWuCjva96eTbNuCXEQwCpoBB8G,LokoHit,https://x.com/LokoHit,tokenmotion319 followers
level941,level941,https://pump.fun/profile/7GYcUWLcZW64GbGR6Z1jkzV8x8ukPcw9c9t6upycrUiR,level941,https://x.com/level941,level941294 followers
rackkzz,rackkzz,https://pump.fun/profile/5LMMGZWGA22yk6snCza3GNsCfpY4jWDTg9QDFWGpkEmZ,rackkzz,https://x.com/rackkzz,rackkzz277 followers
joker3666,joker3666,https://pump.fun/profile/35x3cYRkJPPTVm5E1FRqY95YPCTAT3yKqDFqhvzqiZAT,Jokerchimp,https://x.com/Jokerchimp,joker3666267 followers
Boru_crypto,Boru_crypto,https://pump.fun/profile/8CkHee39fdeYUzih4QSsCjsVoLUr9z9LBaGKwyAmD5sW,boru_crypto,https://x.com/boru_crypto,"Boru_crypto5,287 followers"
meelo,meelo,https://pump.fun/profile/4zNLjg1Tfsgtc3KzTanA944YV1MBDQaQeQdnFnhvhW8v,meelothepup,https://x.com/meelothepup,"meelo2,915 followers"
cryptorap,cryptorap,https://pump.fun/profile/8moN5yPwX6DL7MsuYW6AaG5mmcpjgpWSERtiwd8t7s81,cryptorapcalls,https://x.com/cryptorapcalls,cryptorap936 followers
tils,tils,https://pump.fun/profile/EHg5YkU2SZBTvuT87rUsvxArGp3HLeye1fXaSDfuMyaf,tilcrypto,https://x.com/tilcrypto,tils931 followers
huenoz,huenoz,https://pump.fun/profile/FWAmTVsmAjxYZe4Nt5ooLDg6AHHUx3ST3nz89oGSGu59,HuenoZ,https://x.com/HuenoZ,huenoz67 followers
mustiisol,mustiisol,https://pump.fun/profile/3iob9fGyurDYuHvdXvSYDG6BA1iDoczY2YzZ4k1Jq56D,MustiiSol_,https://x.com/MustiiSol_,mustiisol65 followers
Ducky,Ducky,https://pump.fun/profile/7MEPpotvTVUJUA4affxeaL1mhUJAQ34Mu86tUT429NWs,zXDuckyXz,https://x.com/zXDuckyXz,Ducky57 followers
MaximusZ,MaximusZ,https://pump.fun/profile/EF8TfqzVn6LuzZUCWgnLwcW2vijJu3ycXTtsH11dMxfT,MaximuszTV,https://x.com/MaximuszTV,MaximusZ239 followers
MrTcooks,MrTcooks,https://pump.fun/profile/FpVmtZLdMyfZvA2rcgTHJeiAeqEVCjYARsREcLRMPmwz,MrTcooks,https://x.com/MrTcooks,MrTcooks227 followers
the31337,the31337,https://pump.fun/profile/9dtNNDrcpVVjweguPefD2vyFhPCFwx9gkSFCeSWSYWW1,31337___,https://x.com/31337___,the31337366 followers
casperpf,casperpf,https://pump.fun/profile/FXpUf7Pmcq8HGcEMWwPfFYTmRMgsJkw7sUEgUypR9PR1,caspereux,https://x.com/caspereux,casperpf103 followers
kciDyMkcuS,kciDyMkcuS,https://pump.fun/profile/uveKTCxihqgL2E9X6CYBDQoQko69QjtwE4d6FkBFcy1,Paperhands8675,https://x.com/Paperhands8675,kciDyMkcuS546 followers
SauceCooks,SauceCooks,https://pump.fun/profile/AWRR38LSkwphtoTZ8Ymtc9HHESTP8wwvUehCiPJyZaWZ,SauceTradess,https://x.com/SauceTradess,SauceCooks200 followers
r0bin,r0bin,https://pump.fun/profile/DMEDmMZ5WoxvxMwzXj1bTsGfxDzw1z7Vqur2tBh5Xd3g,Robinsol_Crusoe,https://x.com/Robinsol_Crusoe,"r0bin1,420 followers"
ifarmaura,ifarmaura,https://pump.fun/profile/EhUfEXDx9SffVm91zLuaSiCwWGYMggE46LMDWigEMqLH,ifarmaura,https://x.com/ifarmaura,"ifarmaura1,202 followers"
rooundtrip,rooundtrip,https://pump.fun/profile/2tHViQuMEjgFHEExFVZRp3DodtUdZJS9HnAVa6mHUbxp,rooundtrip,https://x.com/rooundtrip,rooundtrip288 followers
Khorls12,Khorls12,https://pump.fun/profile/DEuHqCyezbYdPggwYKiaJ5cP94QF4ypbEuUmNMnxtGUP,Khorls12,https://x.com/Khorls12,Khorls1274 followers
0xbyrsa,0xbyrsa,https://pump.fun/profile/CtvxwwUzsgn3W1sV1a9SpgG63HK2Hgg4UgFD8Rk6DVXq,0xg3ro,https://x.com/0xg3ro,0xbyrsa71 followers
iscantrenches,iscantrenches,https://pump.fun/profile/HMGEReBdQqifsPj3CjyJt96WLr4vWzgKuBc8NbYFXKKa,iscantrenches,https://x.com/iscantrenches,iscantrenches59 followers
wbj,wbj,https://pump.fun/profile/2VhvUrLi5sMd8ZTzFZXbbwD7R96hBcDbvKPE43GdfscW,WBJcrypto,https://x.com/WBJcrypto,"wbj1,308 followers"
MagpieDev,MagpieDev,https://pump.fun/profile/DxEakzg2Vv1Say72m6jW5CsA7xRSA5J68dR9LMrb2L8L,MagpieLoans,https://x.com/MagpieLoans,MagpieDev673 followers
Mad_Cook,Mad_Cook,https://pump.fun/profile/MAdavQA2X8ASNx38hPSmhornNxx2BYhmLeVSfE1CooK,MadSolCook,https://x.com/MadSolCook,"Mad_Cook4,138 followers"
Arcanic,Arcanic,https://pump.fun/profile/57QdKv2QGi91ps7ZGx26ZcB1JxcpLPcB4XdvncnKcpaG,Arcanic,https://x.com/Arcanic,"Arcanic3,829 followers"
Heyitsyolotv,Heyitsyolotv,https://pump.fun/profile/Av3xWHJ5EsoLZag6pr7LKbrGgLRTaykXomDD5kBhL9YQ,Heyitsyolotv,https://x.com/Heyitsyolotv,"Heyitsyolotv1,258 followers"
Markeology,Markeology,https://pump.fun/profile/DDZeB9gy2AXfwG6giQjCVsy2dXmDtA9ki4WnLRWnmmE5,markeology,https://x.com/markeology,Markeology660 followers
dollazbloc,dollazbloc,https://pump.fun/profile/7mjiedwGbxCjUH3sn1jEcj8vTLiergrPZYmjKrAKubiC,dollazbloc,https://x.com/dollazbloc,dollazbloc412 followers
binxxii,binxxii,https://pump.fun/profile/6aAaFRbLNzcVabodXN7zfTnTSenfD4Y7HaU7Vi4Ao3VK,BinxxR,https://x.com/BinxxR,binxxii375 followers
SagardZz,SagardZz,https://pump.fun/profile/CnjMc5DeNmhPSYZ2xFpNqtKGuU8ETTKHqUQwicapboDj,SagardZz,https://x.com/SagardZz,SagardZz313 followers
MTG9T4,MTG9T4,https://pump.fun/profile/8SQJ9Pc8kryYKWmro7wGX5NRpDp3sxJXoShWy9WfMcto,MTG9T4,https://x.com/MTG9T4,MTG9T4265 followers
mikewazoski,mikewazoski,https://pump.fun/profile/XuLyg7z1PuhEi9FokeSQhZXyEjvvZ8dVkdG13Vkf1dt,Jorgezm0z,https://x.com/Jorgezm0z,mikewazoski215 followers
Eigdin1978,Eigdin1978,https://pump.fun/profile/BKVTx1pkj6PqQSfhe2REtkwxVqoknu9VQuKh5qe8tHMq,eigdin1978,https://x.com/eigdin1978,Eigdin1978209 followers
forrestweb3,forrestweb3,https://pump.fun/profile/9iiAJKVkCu8bby4tKzPuoKpNfytVBVF46AYhBeUSsCG1,Forrestweb3,https://x.com/Forrestweb3,forrestweb3191 followers
Obenpoor,Obenpoor,https://pump.fun/profile/6s65o6bpM6oiFKdvBWThYvo8UrZ5u9oLzPkEgo8bsKG1,obensans,https://x.com/obensans,Obenpoor185 followers
shynobikusama,shynobikusama,https://pump.fun/profile/8AjrDEXWwcFXQon71hX4k2KptAMLdqKBiXpnnS8XtDER,shynobikusama,https://x.com/shynobikusama,shynobikusama177 followers
vrilfullr,vrilfullr,https://pump.fun/profile/GcyxPUZ39e43sa4niWmxMytaH2TPZoJoL8hBMdhA61nz,vrilfullr,https://x.com/vrilfullr,vrilfullr169 followers
k99sol,k99sol,https://pump.fun/profile/FfTnpo5a8e8WZEm6bxsdJKKjWZ2pPRiqKmjiQoVPY2ty,K99eth,https://x.com/K99eth,k99sol156 followers
gigawhaleglazed,gigawhaleglazed,https://pump.fun/profile/DbcUr97TTRmDHq86USACFVuyeBsv5JXB2ikKa5yVkm8u,Traveldegen,https://x.com/Traveldegen,gigawhaleglazed147 followers
Norxy,Norxy,https://pump.fun/profile/HmharbsT1sfK18nStwLKpit2apiSCEyTDsfsQTvE4KZA,Norxy_,https://x.com/Norxy_,Norxy127 followers
MazeCookin,MazeCookin,https://pump.fun/profile/CGF5pKQip5XNXKvYJJcQw5JTS3jrS7TppcJwMxftBYVE,MazeCookin,https://x.com/MazeCookin,MazeCookin136 followers
notod1,notod1,https://pump.fun/profile/BXiMW5QxqFtzczMvESLQ1Wn6FhkMhorKQp7qzJkneV5p,notodsov1,https://x.com/notodsov1,notod194 followers
riccorosas,riccorosas,https://pump.fun/profile/7Gi4H4wugm2n3rRWa6BijsQPJV7sMardawTi2tXDL9zM,ChillHouseSOL,https://x.com/ChillHouseSOL,"riccorosas3,217 followers"
capyquant,capyquant,https://pump.fun/profile/9RG3YAuiQBDdG1esnzSXQ55o265to8nVriQhpwcbK6S2,CapyQuant_,https://x.com/CapyQuant_,"capyquant1,151 followers"
Qzoomer,Qzoomer,https://pump.fun/profile/5if9BdpVtp3RFGGVKyvoN7J5oTqouNNvJMjK5nP3y2uh,Qzoomer1,https://x.com/Qzoomer1,Qzoomer476 followers
marksix,marksix,https://pump.fun/profile/BtLa4za8Xh6sThnCHk6XrL6tbt363ym8P4rTFHRLc7oc,MrFreemanO,https://x.com/MrFreemanO,marksix377 followers
vonz,vonz,https://pump.fun/profile/AmKqD7FcuG5zHUNzLxK7CpADiCjRqgxRmHfNg9e44D4q,bu13877,https://x.com/bu13877,vonz373 followers
HyperProphet,HyperProphet,https://pump.fun/profile/FBjPG7G46E35r3jr3iXfC8utDnf4XALKeEuX7Ufiniga,HyperProphet,https://x.com/HyperProphet,HyperProphet346 followers
gigafishfrequen,gigafishfrequen,https://pump.fun/profile/DQ9PAXu4yBrMAW2roDxnKyBoLP6vunGMBoLAm84nDWwt,robtmb1,https://x.com/robtmb1,gigafishfrequen314 followers
adebola,adebola,https://pump.fun/profile/DNyA4HRP65X1FB8HnqsyT1ZAvvb5ng8eZq4b1oAiWesC,Noir_Adebola,https://x.com/Noir_Adebola,adebola258 followers
cryptocldhy,cryptocldhy,https://pump.fun/profile/7nfdUe4h9UsauN5KkML6gxBFuoNpbruSSmVGFMPbi6Xq,cryptocldhy,https://x.com/cryptocldhy,cryptocldhy186 followers
moonmantanuttyd,moonmantanuttyd,https://pump.fun/profile/3a8DRpcrwf2TCLv88UKEAMVdGmbCSyjW1S8NJBYegLVj,qqjieming,https://x.com/qqjieming,moonmantanuttyd185 followers
fastdolphin1156,fastdolphin1156,https://pump.fun/profile/63S6ATGLLUcHw8ScFC2uEs6oZ3hqzbjjpDvrHkXnktiK,cous1ngr3g,https://x.com/cous1ngr3g,fastdolphin1156135 followers
Marmot_project,Marmot_project,https://pump.fun/profile/BZ9sDkpbwKWL1GEP2fxyVA2i8GQjM5mvTt396RVBtgGN,PrJulienMartin,https://x.com/PrJulienMartin,Marmot_project127 followers
karim5g,karim5g,https://pump.fun/profile/A6HL9XuF69R6z3TSsWSZWiPNfvKbkXGYdWr47hrK7g6A,ChainTalkeuhh,https://x.com/ChainTalkeuhh,karim5g55 followers
Zeeko,Zeeko,https://pump.fun/profile/5htGpHK2oV9g2BcDqLdRBqjCLdy8mc3fsESfR5DU73eM,ZeeekoSol,https://x.com/ZeeekoSol,"Zeeko1,334 followers"
Jalennnnn,Jalennnnn,https://pump.fun/profile/F72vY99ihQsYwqEDCfz7igKXA5me6vN2zqVsVUTpw6qL,RipJalens,https://x.com/RipJalens,Jalennnnn149 followers
ZakidgePF,ZakidgePF,https://pump.fun/profile/8jzjtxPdisdLhY9CoknF2M6t3WcH5EE969pLhcVqdqo,Zakidge,https://x.com/Zakidge,"ZakidgePF1,449 followers"
bihoz,bihoz,https://pump.fun/profile/An68XCxJvfXc9NRWjNXGSFY55dyFVKjfgtpt8AKGJ2dE,bihozNFTs,https://x.com/bihozNFTs,bihoz185 followers
endbosss,endbosss,https://pump.fun/profile/5DYk6WUDN33fuZiRTAbPeNqYb3DE8aB6uKG5BojpzQxs,endbosss,https://x.com/endbosss,endbosss69 followers
Dov7,Dov7,https://pump.fun/profile/Ezr4TVSjYtp9fvLuBgkw1B9pKxdrhgVcbRKGLigyfvtM,dovvvv7,https://x.com/dovvvv7,Dov752 followers
pullup,pullup,https://pump.fun/profile/H5oNXFoQ75Dfgn5coig7A6KmzjAL9LKtCV6Nz6Uw6gij,pullupso,https://x.com/pullupso,pullup99 followers
88888888888888,88888888888888,https://pump.fun/profile/CTq57AvvQmcwxaM8sMtDPWjFcCSre7iJSu3p36mZQmhM,oldlady_07,https://x.com/oldlady_07,"888888888888882,049 followers"
SolSnatchinFr,SolSnatchinFr,https://pump.fun/profile/23Ltopfensg1rSsCdoc1M8rcp5cB5bkqbmogMGmH63yW,solsnatchinfr,https://x.com/solsnatchinfr,"SolSnatchinFr1,948 followers"
priorato,priorato,https://pump.fun/profile/6kBupayboxXdeLU4LHd5s2Esof4XoWUbDiLPmueWQyCT,jlvarela249,https://x.com/jlvarela249,priorato980 followers
mr_chronic74,mr_chronic74,https://pump.fun/profile/EpDdvC85vCHBXEJF4Pn2nejkinAN4bP62sQzrznfoEdR,flabby111,https://x.com/flabby111,mr_chronic74959 followers
vernalsm,vernalsm,https://pump.fun/profile/3SGzvHrKByBShvvYRVoNPq47ZP1LRN6EUVFkfUotWSAx,newagecycle,https://x.com/newagecycle,vernalsm709 followers
raziel1355,raziel1355,https://pump.fun/profile/DyEQRqVt7rqsWQ5nQJQHggAgQSqWExcrnhppvtoa694N,raziel1355,https://x.com/raziel1355,raziel1355638 followers
jeanphilanthrop,jeanphilanthrop,https://pump.fun/profile/BTit6htDygKPSpEgvpjeovSvyeQT1WQxXfin1NN4pSBf,SiK3UVgodaSS,https://x.com/SiK3UVgodaSS,jeanphilanthrop604 followers
vlonecooks,vlonecooks,https://pump.fun/profile/5cGzEDK9D7yHUiSYHt2ZN2PVpupSU8CK3erHnCb4ZYAs,vlonecooks,https://x.com/vlonecooks,vlonecooks561 followers
lemonsqueezy,lemonsqueezy,https://pump.fun/profile/HYaPMSHoiJuPkjGvwPmF87EbwmVXpcSoJ8sf8ixe2iHZ,0xl3mon,https://x.com/0xl3mon,lemonsqueezy485 followers
FENRIRWOLF,FENRIRWOLF,https://pump.fun/profile/GgGbVHf8LLnPPXAAmrLy428AghsmxGKisodNoZEyEKh3,GRV86K,https://x.com/GRV86K,FENRIRWOLF472 followers
MapleSyrupp,MapleSyrupp,https://pump.fun/profile/7Fg2zRkDQnjuW5vjKfoQPncjmdb2t2cwy9VaPmtRbkjS,Maple943910,https://x.com/Maple943910,MapleSyrupp452 followers
kineythor,kineythor,https://pump.fun/profile/DRftwqG9Yea7uyqistBC8HFxQ4vnf5gHvSkQzy8ggqbP,kineythor,https://x.com/kineythor,kineythor386 followers
b69,b69,https://pump.fun/profile/3iNpHZrcE45FPR8pKhz7g4KXEZNHoiic7eG9bRwrBJ8b,B69___,https://x.com/B69___,b69368 followers
agentpuffle,agentpuffle,https://pump.fun/profile/BEQGnzXPeaLsbk8Vc7Eo3a9rHUr1si53aQU6F8MXvcDZ,AgentPuffle,https://x.com/AgentPuffle,agentpuffle368 followers
The_Swole_Dev,The_Swole_Dev,https://pump.fun/profile/E4zAtVvDr3WocFYh3Aei3fgCQvMsJnsvPKc6YfLZTvJZ,Sir_Lord_Baki,https://x.com/Sir_Lord_Baki,The_Swole_Dev356 followers
psychosheyts,psychosheyts,https://pump.fun/profile/5n82BA6v3z6GgaMPsc4LhxdXo6qVPpaqqRY7QbsMmCtm,psychosheyts,https://x.com/psychosheyts,psychosheyts353 followers
ImPushingSOL,ImPushingSOL,https://pump.fun/profile/G1BYLZHZNPAcy7fRR9qp4fmWoWwaT3NprHHp2Ra89t6o,ImPushingSOL,https://x.com/ImPushingSOL,ImPushingSOL350 followers
unknownlove,unknownlove,https://pump.fun/profile/5cnQdp1yo4hk46J7HyEYJZkzRNKkL6sLxTkWxBjxNXWL,BashirThanha,https://x.com/BashirThanha,unknownlove342 followers
dtntimbo,dtntimbo,https://pump.fun/profile/4B8utxJpQobvfADiYfz19Nd1r7iKUSistGN4LqKfpXq4,cryptslic35,https://x.com/cryptslic35,dtntimbo334 followers
calldoctor6769,calldoctor6769,https://pump.fun/profile/FDoiwUrxBwaHszZJ7jVMv86cwnUn6zRPh4LLs9hnHq9P,User9N007,https://x.com/User9N007,calldoctor6769327 followers
MasturChief69,MasturChief69,https://pump.fun/profile/8719BzheNciszZsvJnuFoM3opWt8i7HwALMdTKjzrNxg,Mastur_Chief69,https://x.com/Mastur_Chief69,MasturChief69320 followers
rohwhale,rohwhale,https://pump.fun/profile/8YaLrz1edFZatWd48XERNFGbVHpcegNUExmYUuoT4X4M,rowhale,https://x.com/rowhale,rohwhale306 followers
pluie,pluie,https://pump.fun/profile/Epu4GfPC4cSo24j1veApEHuASZGgLQxWZPdKcWr1GKGd,Reeeb00t,https://x.com/Reeeb00t,pluie290 followers
ItsAyooTone,ItsAyooTone,https://pump.fun/profile/926cT9ACmyVZ3o7it23xtYUEK6iRiY8qaVvGVKoZEux6,ItsAyooTone,https://x.com/ItsAyooTone,ItsAyooTone268 followers
AirdropWallet,AirdropWallet,https://pump.fun/profile/HhGwhBNHNgtSSBhzexejDGyRuvQNxeiPEEeqGUxmAkB3,0xPromiser,https://x.com/0xPromiser,AirdropWallet267 followers
TittieCoinDev,TittieCoinDev,https://pump.fun/profile/HxtnjZfHRvPkeJa4MWwT17C4oQuVLdSMDEbwqhENZ7vS,Tittiecoin_,https://x.com/Tittiecoin_,TittieCoinDev222 followers
XBIN37,XBIN37,https://pump.fun/profile/3WR8ZSFnhJhEB4wg6KJaRKnqi143mjHbzwwJ9tamFNSk,dimas31476735,https://x.com/dimas31476735,XBIN37216 followers
Memefy07,Memefy07,https://pump.fun/profile/52DvHbCfXMXSsbFoXixQL3iJ6rF5C8eUjGgxc2BedsLj,FofarGoFar,https://x.com/FofarGoFar,Memefy07183 followers
poompwr,poompwr,https://pump.fun/profile/AhmkQqNefn2GCcx9F25gy49zHDK63k9G5sHDdhozBxba,Com3backid,https://x.com/Com3backid,poompwr178 followers
Tower07,Tower07,https://pump.fun/profile/BZptEXcfHNBtrszoFwxbGQLXKqQFmwrWMGsEdiw2jZvo,maskboy99,https://x.com/maskboy99,Tower07164 followers
mad0,mad0,https://pump.fun/profile/Hdz1ioxZYrvMnedkhibGtoe8CREMSuTMhyp2Ljw9FwRA,madopxl,https://x.com/madopxl,mad0154 followers
piratestreet_x,piratestreet_x,https://pump.fun/profile/Hqb8Xa7nnJdY8yS8oEwNCkfCQR5eDvPz93zCfmxrgSJz,StreetPirate_X,https://x.com/StreetPirate_X,piratestreet_x139 followers
bambaclaat,bambaclaat,https://pump.fun/profile/Gc8ofx7Ptv7ks8TjhNwssguFASgFK1UJWkZeLP2LGRAQ,dope223345,https://x.com/dope223345,bambaclaat136 followers
MandoBear,MandoBear,https://pump.fun/profile/GzSZGNguoh7TwZWX48yKm5YTZYPASRu6in1hJj2Hbj7C,ASha40732,https://x.com/ASha40732,MandoBear120 followers
thebutterman,thebutterman,https://pump.fun/profile/ELQNJM7p4DX58PoJajhjjgiKsZyqVswLmPL9aBKcp9Je,awaretweeter,https://x.com/awaretweeter,thebutterman119 followers
kedmal,kedmal,https://pump.fun/profile/43yvWjUHkC8zQxYKofvxbTFsk949gV14suBbUbrX7B35,NKedmal,https://x.com/NKedmal,kedmal114 followers
shagvisions,shagvisions,https://pump.fun/profile/AExXfr54o1dPJwfZHDS56nRLnniQmP1T4RGYcPTShUMe,shagvision,https://x.com/shagvision,shagvisions108 followers
_user_name_,_user_name_,https://pump.fun/profile/FjwDkYbwkSfmHKh9iZMovE4CBQNco5Wko17PWzh374B2,sugafr3ee,https://x.com/sugafr3ee,_user_name_108 followers
premierfish5431,premierfish5431,https://pump.fun/profile/ELNn3iUuyRnKq3CHofAyfnom9E2FYH9GS9TrL5SWmt32,J4V1SX,https://x.com/J4V1SX,premierfish5431108 followers
Jan007,Jan007,https://pump.fun/profile/ER1t769QmQsiHqY5X3spPufBQo5NDwSZBYv54T6zp7DW,mjan1992,https://x.com/mjan1992,Jan007107 followers
zashin,zashin,https://pump.fun/profile/FUTPo3bR96us74KAndkQS2Ld3cN5KveFhfKwi1fLRv3R,Dhrasian,https://x.com/Dhrasian,zashin102 followers
chinosLOVER,chinosLOVER,https://pump.fun/profile/2AGXiSc8a5f2juyC4CPezfEaaSrSrcY8UMLEcB7xeRys,ZadeMatta,https://x.com/ZadeMatta,chinosLOVER102 followers
NurseAide101,NurseAide101,https://pump.fun/profile/DEfZDM6svqM3hEvvKWAp2ShKm1CkMYg6uj8KGChMadsd,nurseaide101,https://x.com/nurseaide101,NurseAide10192 followers
NH97CAPITAL,NH97CAPITAL,https://pump.fun/profile/NsQyQbbZGntM7aVqbDB8a554rynv5urC7w4hBxmbKqT,NH97Capital,https://x.com/NH97Capital,NH97CAPITAL81 followers
fiveseven77,fiveseven77,https://pump.fun/profile/6xGbWSahXa4zDqMEd4nu5Wt7nRjoGq2GprEoH4DMYYi4,Fiveseven_sol,https://x.com/Fiveseven_sol,fiveseven7780 followers
BobDilly,BobDilly,https://pump.fun/profile/DDnWxmURkBWD6KA9zrXHcHkxEFWb7SDn1trihVTCeAFd,BobDilly125,https://x.com/BobDilly125,BobDilly75 followers
jbmeta,jbmeta,https://pump.fun/profile/DN44pnMxN7QmbipuJNGmRPotu2UyEP2sqTNayKhDJjdp,JBmeta,https://x.com/JBmeta,jbmeta62 followers
achillesxbt,achillesxbt,https://pump.fun/profile/4HQX3V7g7sTGtkghDt3LCR6qo1Tdk8SHiMSC1JwewqvP,AchillesXBT,https://x.com/AchillesXBT,achillesxbt60 followers
Rubens_03,Rubens_03,https://pump.fun/profile/3KVD3LAuFmGYBpXU7k5LAHGD5AwN8dkJ2sprKpvU4WZb,RubndeSantiago6,https://x.com/RubndeSantiago6,Rubens_0358 followers
richardnoggin,richardnoggin,https://pump.fun/profile/NKHCGbuCSjk88CgnQBjFZFcRoUUFo1bYBdfNx2c26oU,darrenleister,https://x.com/darrenleister,richardnoggin55 followers
brainrotwhisper,brainrotwhisper,https://pump.fun/profile/Eredqv9wP34dtnC52ZyKEqfwK817SFz39YzgYz5fM67M,Bryon_browning6,https://x.com/Bryon_browning6,brainrotwhisper55 followers
tinypenis,tinypenis,https://pump.fun/profile/6yN2Fn7b4329SPEGwDVByKes7Kfc8bJ5AQ9ibsHE4dMf,mistertinypenis,https://x.com/mistertinypenis,tinypenis53 followers
ShamoneMofo,ShamoneMofo,https://pump.fun/profile/HtjF1EKHsDR6i8tDjYLNihXJvoWvGkxZ2tbJwifFsEi1,shamone_mofo,https://x.com/shamone_mofo,ShamoneMofo51 followers
saneoctopus6812,saneoctopus6812,https://pump.fun/profile/HvwwJurhH1cA8Em5RU5gYEpJtLbRBt3dg56apHFxmaqs,ZeWhiteBull,https://x.com/ZeWhiteBull,saneoctopus681223 followers
Wafflesxbt,Wafflesxbt,https://pump.fun/profile/8veKXzptieuGQt7uJ1E2KR12EcPXFdj9GnhYvhZz65fv,Wafflesxbt,https://x.com/Wafflesxbt,Wafflesxbt20 followers
BIGDOGMOE,BIGDOGMOE,https://pump.fun/profile/D6y9jFZn1ZbNHRtX3Kz8HoPsXqu7iKzcwbTzBqpCiaPG,moe_dameron,https://x.com/moe_dameron,BIGDOGMOE15 followers
Mr_Abukhair,Mr_Abukhair,https://pump.fun/profile/TDJrrNNw8zGz9jgHsdyeNgYhyE9GsJvZJ9jtWKzN3qX,Web3_Abukhair,https://x.com/Web3_Abukhair,Mr_Abukhair9 followers
Mrrobot,Mrrobot,https://pump.fun/profile/3c9GBRFiKcoL8uHbaS6QXstZdhALpot2N7Morf8hkimg,ZahidQu77902566,https://x.com/ZahidQu77902566,Mrrobot9 followers
jenairo,jenairo,https://pump.fun/profile/829qhQTEoUEPz1JptyiAAHaXn9DXVQVgKjz1zcWnR1db,Jenairo112,https://x.com/Jenairo112,jenairo9 followers
bezigrajskivolk,bezigrajskivolk,https://pump.fun/profile/Cj6rkk41G5vxF7BCYaAq4eoAhRyGUXvAQr9zXoR3HJts,Shacho1993,https://x.com/Shacho1993,bezigrajskivolk7 followers
serpintaxt,serpintaxt,https://pump.fun/profile/72Ynf335QktDvdFEwNHJqoYmzGQpTzmj6wfZuB4puBGT,serpinxbt,https://x.com/serpinxbt,"serpintaxt1,879 followers"
VeloceSVJ,VeloceSVJ,https://pump.fun/profile/2W14ahXD3XBfWJchQ4K5NLXmguWWcTTUTuHDhEzeuvP3,VeloceSVJ,https://x.com/VeloceSVJ,"VeloceSVJ1,631 followers"
leave95plz,leave95plz,https://pump.fun/profile/3idduYUkGUHjsm8EW2aESnHtvfqcTkHLCD1hi7r24i4V,Leave95plz,https://x.com/Leave95plz,"leave95plz1,203 followers"
MoneyMike_,MoneyMike_,https://pump.fun/profile/7s98K37yqAc22rxNJK5YwaDkcDsHFKMqNH1EnG8fJBVW,Moneymike_813,https://x.com/Moneymike_813,MoneyMike_452 followers
vrillion,vrillion,https://pump.fun/profile/4t9bWuZsXXKGMgmd96nFD4KWxyPNTsPm4q9jEMH4jD2i,vrilbull,https://x.com/vrilbull,vrillion157 followers
tooslive,tooslive,https://pump.fun/profile/AuHrD7NAtHrDhTKLSh6TDaqi6FA6wjkszfGqjngNXruj,tooslive,https://x.com/tooslive,tooslive139 followers
segzy2,segzy2,https://pump.fun/profile/339egKLrfQZcPYcaqNfTrR53s9Z5daKCUKmPjR7w7Lin,sam_crasy,https://x.com/sam_crasy,segzy252 followers
deltacorp24,deltacorp24,https://pump.fun/profile/A7yT1f8gqEPBnTHXNNUMQd9ubp8bpsyq6Rqo5hTk8qnN,Deltacorp24,https://x.com/Deltacorp24,deltacorp2426 followers
melxprt,melxprt,https://pump.fun/profile/36A6mEN5rYJdVTb6fMqVvG6ez8g2mTYdr1omWcQ1kDKG,melxprt,https://x.com/melxprt,"melxprt1,162 followers"
swaagsol,swaagsol,https://pump.fun/profile/E5KPzhc3NdWztE6qg1juWfZKTUHLdhD3efFCzBZUXWka,swaagsol,https://x.com/swaagsol,"swaagsol1,050 followers"
bluey_,bluey_,https://pump.fun/profile/6TAHDM5Tod7dBTZdYQxzgJZKxxPfiNV9udPHMiUNumyK,Blueycryp,https://x.com/Blueycryp,bluey_713 followers
parsiiix,parsiiix,https://pump.fun/profile/7cQjAvzJsmdePPMk8TiW8hYHHhCfdNtEaaNK3o46YP12,parsiiix,https://x.com/parsiiix,parsiiix424 followers
fozzy,fozzy,https://pump.fun/profile/B9oKseVKRntTvfADyaUoH7oVmoyVbBfUf4NKyQc4KK2D,fozzycapone,https://x.com/fozzycapone,fozzy335 followers
Banf,Banf,https://pump.fun/profile/Fv8byBKV8jK8jxoUtgB1A1dqGcxSoN8x7bUZobP8Xn1d,BanfSol,https://x.com/BanfSol,Banf197 followers
kiryusol,kiryusol,https://pump.fun/profile/DQEuA1XbLZPaqX2RMkvMAGvvpZsxohJiRSqszSVXDpa4,kiryusol,https://x.com/kiryusol,kiryusol97 followers
bishopxbt,bishopxbt,https://pump.fun/profile/GS5BRzqttg2ctJvs9JWb8ZVfny4DtWpKmafHufayotCE,bishopxbtt,https://x.com/bishopxbtt,bishopxbt47 followers
zexrayn,zexrayn,https://pump.fun/profile/Bbw6B7G29vCaKTH7Tawi6NaoYjTiuU42oivFuBJXqdmi,zexrayn,https://x.com/zexrayn,zexrayn254 followers
Jikkk,Jikkk,https://pump.fun/profile/jnY1cTCZ9JzWRmesJtRyA3d6gfcQW35XaRg8BWdd5x7,jikksol,https://x.com/jikksol,Jikkk312 followers
imViriOfficial,imViriOfficial,https://pump.fun/profile/EMUhe45GKfaxo7EoHGPADz28VzKxFSAEweFtm2VsdPor,imviriofficial,https://x.com/imviriofficial,"imViriOfficial1,771 followers"
judethadd,judethadd,https://pump.fun/profile/EBUn1VG6aEFHdSEoFSJTC62MTyLuG3TfxLh5uGmkYSUw,judethad,https://x.com/judethad,"judethadd1,583 followers"
boi,boi,https://pump.fun/profile/822M5AWvaFZXooMerYrZfwaXMuNTSYKSuRbtoBMzoKRQ,cryptoboi,https://x.com/cryptoboi,boi347 followers
turbosalmonsoli,turbosalmonsoli,https://pump.fun/profile/whamNNP9tHoxLg92yHvJPdYhghEoCg1qYTsh5a2oLbx,lol89237,https://x.com/lol89237,"turbosalmonsoli1,832 followers"
lanicor92,lanicor92,https://pump.fun/profile/FxPiSs4iXHVGeHhGwMdofKu3vjJ5MBAkKBeAR3hM2C9D,PulseTrendTrade,https://x.com/PulseTrendTrade,lanicor92631 followers
TheInsiderGambl,TheInsiderGambl,https://pump.fun/profile/mMDEBMuK63NH3c1g8wzb5KNF9NZbP2FaFz3L18QBnnm,SmeYouknow39096,https://x.com/SmeYouknow39096,TheInsiderGambl328 followers
rugradardotfun,rugradardotfun,https://pump.fun/profile/3wEfLyV8yxSMdwc52KhfBf5r1Y8HS9TqzNPszoVUV61L,RugRadardotfun,https://x.com/RugRadardotfun,rugradardotfun298 followers
bigjase772,bigjase772,https://pump.fun/profile/5BTTLMHHkzcS6uYGVsTfKPT4iKmpoowhg2jChEQHqodx,JasonAbram60005,https://x.com/JasonAbram60005,bigjase772289 followers
onemillion,onemillion,https://pump.fun/profile/DAAEjnN2TJDwmSxkyyMefiwEgEEVUgAKkdQvqUiXNsH3,ultra974,https://x.com/ultra974,onemillion190 followers
The_Dev02,The_Dev02,https://pump.fun/profile/2rBq5n6kvLQQ7tCd1h8kYYMhEPs27n2ZB65ju3TAJ9Bn,The_Dev02,https://x.com/The_Dev02,The_Dev02154 followers
chungolive,chungolive,https://pump.fun/profile/7e9F2Amj5ZhvQZnwiPYnj3grBjdhLxU6xxjAqNgXY3KM,ChungoLabs,https://x.com/ChungoLabs,chungolive139 followers
pfantom,pfantom,https://pump.fun/profile/CkEATAKodqhy6WFDepP8rQHu6CqmoNZmwH7k1MGSJSuY,pfantom26,https://x.com/pfantom26,pfantom132 followers
jaybaby333,jaybaby333,https://pump.fun/profile/3zHBSRZFENPxQguA1A7635qGwFVxeT4vpRBBtSuRtUot,ClavDexularMAXX,https://x.com/ClavDexularMAXX,jaybaby333121 followers
thefreshprints,thefreshprints,https://pump.fun/profile/ETeWqUhT3YfQthsAyA5wa7zUXTaMcyutbGnBu5sRgKD3,TheFreshPrintss,https://x.com/TheFreshPrintss,thefreshprints118 followers
0xlemuel,0xlemuel,https://pump.fun/profile/4DiW7Bwure1Gh6vdMEzCFiniGFEjfzuPai3bUCM18Y2t,0xLemuel,https://x.com/0xLemuel,0xlemuel115 followers
MistOnChain,MistOnChain,https://pump.fun/profile/2B6ksj26g8ZBXHXpGrUqFS9yncBbZVoeknmgPsbBxbNe,KingQuantavio,https://x.com/KingQuantavio,MistOnChain112 followers
bigg8ch,bigg8ch,https://pump.fun/profile/4buwLZgdMbZxgpRrsjErjdgm3oM4Xxhf9N33Yeii8y2J,Big8chh,https://x.com/Big8chh,bigg8ch108 followers
Nickysi6,Nickysi6,https://pump.fun/profile/DZdrEgrfN3a1nkuY78y6ag9u8vUoDRNsGAz2q7dqC1J2,NicholasCrossm3,https://x.com/NicholasCrossm3,Nickysi698 followers
locatee,locatee,https://pump.fun/profile/A8JStPEVDWWLQWFrjkucVEYciFxLVUZ1Lu1UzzsjX6Ac,ryland_holder,https://x.com/ryland_holder,locatee75 followers
oneandonlytrade,oneandonlytrade,https://pump.fun/profile/EVvLqFQHpUeFPUywfb1wjTH5NzPr2srMcvqyKyxtHj1V,willem_krouse,https://x.com/willem_krouse,oneandonlytrade65 followers
4u7zthj8zzuikbi,4u7zthj8zzuikbi,https://pump.fun/profile/HKAw6jkecM7tZKp4fZo3SUwPR6f3EcY4t8Ma4YeQWyy9,Ronny257765,https://x.com/Ronny257765,4u7zthj8zzuikbi57 followers
mrconan0x,mrconan0x,https://pump.fun/profile/3i1Dz1VcVzgJ25gk2b28P3otBWv4Wiw2KRUtDCEaMtMg,mrfrogis,https://x.com/mrfrogis,mrconan0x27 followers
harryohh,harryohh,https://pump.fun/profile/F8qsmzafRre31btE5pTMecszghXf9LUsemwEFpQxj96F,Harryosborne34,https://x.com/Harryosborne34,harryohh20 followers
k4ned4,k4ned4,https://pump.fun/profile/6Y8zBv6LwjkMQ83CmobMRBfZoP3mm5BUvTdVbQ9NDg9T,_K4NED4_,https://x.com/_K4NED4_,k4ned411 followers
asparagoid,asparagoid,https://pump.fun/profile/BaBs78fpWkkuBntv1vKsUxmKdwvYjkfUPPxTy4GS4fKT,asparagoid,https://x.com/asparagoid,"asparagoid1,901 followers"
Orly____,Orly____,https://pump.fun/profile/C5FXTcQhn2cfWLA25rLznywy79uqnaX434QrvGtQAnuv,orly____,https://x.com/orly____,"Orly____1,162 followers"
andy8052,andy8052,https://pump.fun/profile/AjmmrnMkd4FHe7HZULcof2WZaR7x2ivdvNJwGcLJz2YS,andy8052,https://x.com/andy8052,"andy80521,161 followers"
mpgbrrr,mpgbrrr,https://pump.fun/profile/9KjaBdDUuTB81KTAvxV9fz8t7cTQLLnLrRLShJ4S8vZZ,printer_brrr,https://x.com/printer_brrr,mpgbrrr278 followers
jaxx_,jaxx_,https://pump.fun/profile/5a8QucjFd4qSU5jsw8cAEyDFnVtWhxpDUmHU9keBS4Fx,jaxxtra,https://x.com/jaxxtra,jaxx_799 followers
TheMyspaceTom,TheMyspaceTom,https://pump.fun/profile/4sVLJjDQVeUvVMNn14xabDXr9gbWNz9zkZXnDNdrMLid,The_myspace_tom,https://x.com/The_myspace_tom,TheMyspaceTom712 followers
zynsocks,zynsocks,https://pump.fun/profile/8F2DUURVNC1wALB3ifyJvCuiKuDMjZhU2WSAAk3sd19X,zynsocks,https://x.com/zynsocks,zynsocks380 followers
pillgates,pillgates,https://pump.fun/profile/Ta8HRVrbGEFhxwcEFKa86rtPuC8J7baSRgcGCiV4bRf,pillg4tes,https://x.com/pillg4tes,pillgates254 followers
mensakid,mensakid,https://pump.fun/profile/3CuNF69JCVDEtvjVBiPPNtjXYe4ArMQr2TZZN7S35Qu2,MikeyMoonPay,https://x.com/MikeyMoonPay,mensakid118 followers
Prop_Joe,Prop_Joe,https://pump.fun/profile/8xyReC3YxHiW9nxuSdRWGuBoQ22SLwBa6A1CQXxqxQYj,Mhthagreat,https://x.com/Mhthagreat,Prop_Joe111 followers
vanshueth,vanshueth,https://pump.fun/profile/6gzRgfy8pB6MvfZN1AenB47CT2xe3kYSoTpJrDbP2H1S,vanshuETH,https://x.com/vanshuETH,vanshueth42 followers
maverickdotsol,maverickdotsol,https://pump.fun/profile/AjvJBP8mYqsXb8L1GrpEPG4aWh7zwpxd86hZTDHDqEv5,Maverickdotsol,https://x.com/Maverickdotsol,"maverickdotsol2,708 followers"
nft_god,nft_god,https://pump.fun/profile/HC7et6X1QHH9fvTS2fYoEDu3doaZqHNRNEb6cZKZGot2,Nft6od,https://x.com/Nft6od,"nft_god1,280 followers"
HuskyOnSOL,HuskyOnSOL,https://pump.fun/profile/5PPuZGWLtm9wtvmdsh4idZoBxk9KzXab1jq9Vh8ix53x,Retirememe,https://x.com/Retirememe,HuskyOnSOL695 followers
bigwarzeth,bigwarzeth,https://pump.fun/profile/7bsTkeWcSPG6nzsbXucxV89YUULoSExNJdX2WqfLHwZ4,bigwarzeth,https://x.com/bigwarzeth,bigwarzeth597 followers
a1lon9parody,a1lon9parody,https://pump.fun/profile/FQpu9hW7C5p7irsXYRDHjtBKFc6ooNWni2TX1S6VHxRz,a1lon9parody,https://x.com/a1lon9parody,a1lon9parody432 followers
DrQv3L,DrQv3L,https://pump.fun/profile/DrQv3LfP6MNhJ6zi7WA2yV6p6YnY49wEfMBMRXPY1yDW,Harrisbigboy89,https://x.com/Harrisbigboy89,DrQv3L143 followers
miresolana,miresolana,https://pump.fun/profile/4jeNT88jhca5xrV3pV4MqddJUpdDd5ZDqPADWBQK4Y6W,miresolana,https://x.com/miresolana,miresolana99 followers
lagx,lagx,https://pump.fun/profile/98irnitC3HDqDHuuoAKedxwiaGDXQJk5RVnndMQLUinr,LagxSol,https://x.com/LagxSol,lagx93 followers
LivXfun,LivXfun,https://pump.fun/profile/Gf3s1aS6Gbgo4RkpW2qTCEuqMpmeo8KK27UEEC3Su6wy,LivXfun,https://x.com/LivXfun,LivXfun79 followers
wilddolphinupst,wilddolphinupst,https://pump.fun/profile/DKMqtxwiWT7He3NpmKQ5U3fvLAA7ceHmrMK2LpMfjDxJ,upup231,https://x.com/upup231,"wilddolphinupst1,957 followers"
pdgasman,pdgasman,https://pump.fun/profile/8WYFEPFxbzgg1BmfWRfjjvTqf3PJ6ni9PiMqTit8tZB6,PDgasman,https://x.com/PDgasman,"pdgasman3,012 followers"
NIGTMARELOBO,NIGTMARELOBO,https://pump.fun/profile/2zLmEtNSNvbD59T8boCdgJwVUUVYdTZ3mManNZLBu6BR,Papbgd5Antonis,https://x.com/Papbgd5Antonis,"NIGTMARELOBO1,572 followers"
SAIYANSIGNALs,SAIYANSIGNALs,https://pump.fun/profile/DBGTvGxuFqftzgLD3xAeu87UcBjPXETdcHQq9gKKVd6c,saiyansignal6,https://x.com/saiyansignal6,SAIYANSIGNALs557 followers
DaddyGhost,DaddyGhost,https://pump.fun/profile/Ccs9wSrEwmKx7iBD9H4xqd311eJUd2ufDk2ip87Knbo3,DaddyGhost,https://x.com/DaddyGhost,DaddyGhost506 followers
RachidsWorld,RachidsWorld,https://pump.fun/profile/GSgcSp4u5DdGCykRXgJdyrJPTwZAPzmjjyWDCaMniVWa,RachidsWorld,https://x.com/RachidsWorld,RachidsWorld257 followers
pattyicewife,pattyicewife,https://pump.fun/profile/fJtyoBUaeLejhhz57FokdxkfHVbB7sTTknVuAK9MDK7,PattyIceWife,https://x.com/PattyIceWife,pattyicewife168 followers
N0ZEBEERS,N0ZEBEERS,https://pump.fun/profile/ATEUP96MKEPyWThpQ2HxDSngGusvqtuKu6TEiyAyh4Bn,N0ZEbeers,https://x.com/N0ZEbeers,N0ZEBEERS60 followers
leoncalls,leoncalls,https://pump.fun/profile/63jFKud97xD1WcT8ti9XZzQe5ewqcNfewcb2gH43hyqo,cryptoleon,https://x.com/cryptoleon,"leoncalls1,366 followers"
Esee123123,Esee123123,https://pump.fun/profile/EQ5Ktmd6BUvF3ttDrXkxVTrQX8krcnbigdkyE1HnyRmN,Esee06257,https://x.com/Esee06257,"Esee1231231,323 followers"
pumpameta,pumpameta,https://pump.fun/profile/6rmzLZQedYgyA95ccRxXe8o6Pa8fMQVbhrwEZtNQiKYB,PumpaMeta,https://x.com/PumpaMeta,"pumpameta1,186 followers"
megacrabtopaxio,megacrabtopaxio,https://pump.fun/profile/gVDXhoGbePACvSqN7CZBtQXFW9eyJwsgudPEwSydAkx,esotericpigeon,https://x.com/esotericpigeon,"megacrabtopaxio1,110 followers"
TeddyxROO,TeddyxROO,https://pump.fun/profile/teddyYXw7aiNpDuQCeLb2YiBJhqthBid4C54BuWcPxm,TeddyxROO,https://x.com/TeddyxROO,"TeddyxROO1,030 followers"
bon_g,bon_g,https://pump.fun/profile/DB8srMNYiifrgKJyAuDzj8RvNvw8PLKruWcRevGhUQYW,bon_g,https://x.com/bon_g,bon_g991 followers
karsh,karsh,https://pump.fun/profile/CTb1tqfCSBKmyGEka7Bo6oPbxnfZzABvJK29ys49x7FD,karshtrades,https://x.com/karshtrades,karsh838 followers
HBAcrypto,HBAcrypto,https://pump.fun/profile/4rJVuXBgH94giakRzL78AJMP9i4kYojUXKNcWp5RTsTd,HBAcrypto,https://x.com/HBAcrypto,HBAcrypto775 followers
evee0x,evee0x,https://pump.fun/profile/8FPfK3JK67ur5AKMfs4jBWEz8hUWgByHptF7dndjAkoX,evee0x,https://x.com/evee0x,evee0x545 followers
getrekttoshi,getrekttoshi,https://pump.fun/profile/8uK71GZntrMfbQMUDcgZgZieMM7V6KXkYpALBH2ninFS,getrekttoshi,https://x.com/getrekttoshi,getrekttoshi518 followers
benjitrades,benjitrades,https://pump.fun/profile/D6s534HfwzEiGzejRppsTzuqTVzHVJczQVvn7uvC7rYg,BenjiTradess,https://x.com/BenjiTradess,benjitrades357 followers
Senscr,Senscr,https://pump.fun/profile/EvYj3FatqAKGZMotDQ42fQUwkogZauhSrkRmvT8Su365,Senscr,https://x.com/Senscr,Senscr160 followers
Tekz100x,Tekz100x,https://pump.fun/profile/Fj9ebCoXaa2WCM8LYQ6UMjWfXYrtMQfAvq7QjpsqX1ES,Tekz100x,https://x.com/Tekz100x,Tekz100x79 followers
Angelious,Angelious,https://pump.fun/profile/8oJw6oNsS86xSmMautAVWiR4BpmmAcT4UQfvcfrgiZ6N,AngelonSOL3,https://x.com/AngelonSOL3,Angelious59 followers
thumbsupguy420,thumbsupguy420,https://pump.fun/profile/G5P3Ecr161iocWPt8V5RzEh6v4wsKAWUidVFEoqJELKn,notthumbsupguy_,https://x.com/notthumbsupguy_,thumbsupguy420465 followers
Wigglz,Wigglz,https://pump.fun/profile/Hv6zhscegkD2kL66jgMZy8dmVFUCfDkzswoHA7UkxZPB,WiggLZing,https://x.com/WiggLZing,Wigglz411 followers
TheMemeMannn,TheMemeMannn,https://pump.fun/profile/5JtTxicM9xH267ZdRdR57KgvHHaYuaJRM21DC57NC18M,themememanTM,https://x.com/themememanTM,TheMemeMannn261 followers
jpgjunkie,jpgjunkie,https://pump.fun/profile/DQXMGPJv3Gi6FP6CyyHKG68s27w2tZgpH9jttxGGQZD2,thejpegjunkie,https://x.com/thejpegjunkie,jpgjunkie187 followers
degendaisy,degendaisy,https://pump.fun/profile/BTeQ17yYWQLUNdLMUcRsESWPRY6CqjjZaLqE5rNm1AN4,degendais,https://x.com/degendais,degendaisy136 followers
king_cultre,king_cultre,https://pump.fun/profile/oGXp2vgfV7h1jMm4A9kUfhWSFA9QiP1JNcwpFw5PnEe,kingcultresol,https://x.com/kingcultresol,king_cultre544 followers
Ed_pumper,Ed_pumper,https://pump.fun/profile/9dEvJtYQUkhVok53sXh3Pobc97bMi2j7njUz1PEVwKYz,Ed_x0101,https://x.com/Ed_x0101,Ed_pumper405 followers
Silver_,Silver_,https://pump.fun/profile/AeSbBAmcyVeXjB4uYux751Z8PtV8Y9WzyNNv1pNQqWsu,lootfi7k,https://x.com/lootfi7k,Silver_297 followers
realizedpnl,realizedpnl,https://pump.fun/profile/7ANtxJEnojrw1bebwH9dYEDM9yad9L3wab2PkD4qkLP9,jxck_eth,https://x.com/jxck_eth,realizedpnl81 followers
chit,chit,https://pump.fun/profile/BvvX2CQjnCQfsy8riHVsYnxYyZ56TitSSuDbqNHW9fR6,2442lll,https://x.com/2442lll,chit301 followers
OliverForslin,OliverForslin,https://pump.fun/profile/3gVjtERKxKe3ZQeT6k1jp16ZBYRreZ6YibGvVt6iVuPX,oliverforslin,https://x.com/oliverforslin,
okay,okay,https://pump.fun/profile/GSzBUftVp9n28236EzCESxp23tCSKG3MuAEdjGe5Gi3F,ramashass,https://x.com/ramashass,okay34.9K followers
benjistillbroke,benjistillbroke,https://pump.fun/profile/6p6CJmg2sEYsFZC42w9bkdwo4tFY1YTjWynf2Hyb3ajR,solbenjix,https://x.com/solbenjix,benjistillbroke30.8K followers
JPsollivan,JPsollivan,https://pump.fun/profile/FTHatHbsBCTFCfa4eue1ocACekWcA9mQF2kJuAXB2Hq2,JPsollivanx,https://x.com/JPsollivanx,"JPsollivan2,901 followers"
nira10x,nira10x,https://pump.fun/profile/9X1VTHyNdLcZNG66QkCRJVQinohBpPvktbxAxJAVQpu8,nira10x,https://x.com/nira10x,"nira10x2,344 followers"
Chill_Devv,Chill_Devv,https://pump.fun/profile/C7zPnA5sUjJXXVE2wKTz41xdFXEFJZR7LFM4QiYtaR4E,funny_moneyy,https://x.com/funny_moneyy,"Chill_Devv2,167 followers"
maghrebi,maghrebi,https://pump.fun/profile/Dgehc8YMv6dHsiPJVoumvq4pSBkMVvrTgTUg7wdcYJPJ,maghrrebi,https://x.com/maghrrebi,"maghrebi1,815 followers"
LoveYouAllNFT,LoveYouAllNFT,https://pump.fun/profile/2CM5JGj2qNjKY8bSLPPAvqJ2VU45x3Qhrra2dn5ZU4QX,LoveYouAllNFT,https://x.com/LoveYouAllNFT,"LoveYouAllNFT1,294 followers"
gudroundtripoor,gudroundtripoor,https://pump.fun/profile/HZyJNKiMYYgpvd7xK36tGkdG1xf9SkNQjNy8koSDcGyA,prismehulkata69,https://x.com/prismehulkata69,"gudroundtripoor1,262 followers"
Warplol,Warplol,https://pump.fun/profile/BkduPnSrWhLAz51872rJ48ExozgQaQkRJxpPbWxrUV8g,warplol,https://x.com/warplol,"Warplol1,069 followers"
real_rango_coin,real_rango_coin,https://pump.fun/profile/8Kj5PX4XoZTQQCqJh3KoaQwqSVuMkd76b5cCRzGhCbFx,douglasewing17,https://x.com/douglasewing17,"real_rango_coin1,034 followers"
BeefyOx69,BeefyOx69,https://pump.fun/profile/EFrwj8VxGJtzqrLCUCfczGU8UqqpgNmcggbbBVLxaptU,beeefy_0x69,https://x.com/beeefy_0x69,"BeefyOx691,011 followers"
MasqueradeJoker,MasqueradeJoker,https://pump.fun/profile/EMuWBX9yE4Bu3bGmieh9E7E97tJP8u13ycuro8cMB3j,MasqueradeJoker,https://x.com/MasqueradeJoker,MasqueradeJoker974 followers
8mopump,8mopump,https://pump.fun/profile/HBYzRFKRHGdd6N7UkY4QkGU5Vmt26qZu9pTV8mopump,8mopump,https://x.com/8mopump,8mopump946 followers
NorthStackCrypt,NorthStackCrypt,https://pump.fun/profile/6RUZdgDa56W5qfvHEJsr5FnQzAy5rcjGsYVBXJAX6DZ4,NorthStackCrypt,https://x.com/NorthStackCrypt,NorthStackCrypt900 followers
Fistedpickle69,Fistedpickle69,https://pump.fun/profile/9ziY2cJCk7anukSwbM8Fy7s4sxjpQWPceitM6TL2GzE1,FomoDeployer,https://x.com/FomoDeployer,Fistedpickle69893 followers
moneytalks13,moneytalks13,https://pump.fun/profile/AeCfWrKr3RA1y3BNmqoGiGZFrvKD1GStRKX6Rw9kZxFW,ultravioletaur4,https://x.com/ultravioletaur4,moneytalks13878 followers
bman527,bman527,https://pump.fun/profile/BNiZPs2CFv5iyjanP7WugbpVdZ5uxKsmzAw1kjfSb76M,brussell527,https://x.com/brussell527,bman527879 followers
mamba___,mamba___,https://pump.fun/profile/GKeoZ6tAhPUuXBsYZNSMy343f8by1m5yHvEb6ojHLWqP,mamba_100X,https://x.com/mamba_100X,mamba___864 followers
JustinOnchain,JustinOnchain,https://pump.fun/profile/DJxrsWVoEmzK5rPJ9GhGoqsNktUG7441TW7MR9aAFarD,DuckseyDegen,https://x.com/DuckseyDegen,JustinOnchain847 followers
imissmycalls,imissmycalls,https://pump.fun/profile/AxuGbddfipSRMG14gptdyCDLJB5qaaP8jTRcc2pLmFnv,Imissmycalls,https://x.com/Imissmycalls,imissmycalls796 followers
Eristitle,Eristitle,https://pump.fun/profile/4pMSni7HXNVFyZeWUKXUjEaEUV8y5Z5PwYgh8fnB7DKc,SirChadonis,https://x.com/SirChadonis,Eristitle775 followers
Nosino,Nosino,https://pump.fun/profile/8vA3RhCdi7S7i2uP9MWYntfo9CXcVnc4v3sPGLVpQTi6,Makingit7digits,https://x.com/Makingit7digits,Nosino713 followers
sigmamantapatie,sigmamantapatie,https://pump.fun/profile/BEmzgy3jr84yqrpAR5fERwSr9n5woF3TyupqqHfQL2gZ,Elamaxi1,https://x.com/Elamaxi1,sigmamantapatie720 followers
basilda_a,basilda_a,https://pump.fun/profile/8Wkgxn2BRTWQctutvuCtLhRdcWjcbjGLxxrd4E8BQyqb,basilda_a,https://x.com/basilda_a,basilda_a705 followers
Itzx_Bash,Itzx_Bash,https://pump.fun/profile/GpwbW4ErcUyXFTZW4ozMCtMJSVaony9HFYNrxQjKhXj6,bash_itzx,https://x.com/bash_itzx,Itzx_Bash701 followers
1017kyro,1017kyro,https://pump.fun/profile/B9kJYdzb4gB9AC3aFChReDhJ2D5YDCaR4UrEoen2NcyC,kyro10k,https://x.com/kyro10k,1017kyro681 followers
vwfest,vwfest,https://pump.fun/profile/DV4gtG2VpnDtFUVFnnrE5YM3A6LrV5qAcdfaaUwLFRok,VWFESTLIVE,https://x.com/VWFESTLIVE,vwfest670 followers
justforthememes,justforthememes,https://pump.fun/profile/EYSBahi9PCrsxJ2f32EQJQohCEdgcNnXDmsj8KTVAeD,HeightInflation,https://x.com/HeightInflation,justforthememes649 followers
jonniec4sh,jonniec4sh,https://pump.fun/profile/6QgScWRg1hpsreRpUnrdrC5h2zr1A2abQ9gq3mzWxBHH,Jonniec4sh,https://x.com/Jonniec4sh,jonniec4sh617 followers
lwgetritch,lwgetritch,https://pump.fun/profile/CSHb98DPwjPRoJsQgpFL4x2Mvp5BMHRCPUsztop6A2Mz,Kerstman0,https://x.com/Kerstman0,lwgetritch614 followers
daxbt,daxbt,https://pump.fun/profile/EtFUaydA6AdkawtkXLtpeszhjLpFiDccsvhCjT9qjpY4,daxbt_,https://x.com/daxbt_,daxbt434 followers
DucksTrade,DucksTrade,https://pump.fun/profile/8GHk7X8oCAkNco5eXiGFCzS2wV91UiX2roiCQmHpUJYM,duckingnator,https://x.com/duckingnator,DucksTrade230 followers
Tarzan,Tarzan,https://pump.fun/profile/ZK9wkZYz5fk8XyqZPEV87V2tDz1B8HWAd6M4P1DT1dT,tarzan,https://x.com/tarzan,Tarzan232 followers
minwage777,minwage777,https://pump.fun/profile/BwUFW6Usn5fXyiqZYT4GJY1dku5J6QSu6FZLCLVyzr43,minwage777,https://x.com/minwage777,minwage777533 followers
collema,collema,https://pump.fun/profile/BcRX2DcPXNJhLo4AK1QPZEsnnxGJAT3zJCP4vPYxo2ym,collema,https://x.com/collema,collema260 followers
basedhank,basedhank,https://pump.fun/profile/FDP2J5Rohy5Z9CszViSTMgqMZbZ7iSJ6JhtjSFnRnzEF,basedhank,https://x.com/basedhank,basedhank224 followers
conko,conko,https://pump.fun/profile/HzX5ErSgqZUQPyK1PiJqGxpWc6a7tLkAdZzmaRJo1ykj,conkernasa,https://x.com/conkernasa,conko119 followers
amirakitten,amirakitten,https://pump.fun/profile/Ez7b8bLm4MNFeFxuMW7u4oCtY64eMhHynCbGCix2fcfq,amirakittencx,https://x.com/amirakittencx,amirakitten91 followers
lawdri,lawdri,https://pump.fun/profile/39qYDFYEDNMLr6h5WyzL7Yz9CqDkBwbofiP3uqNFmbs1,lawdriDP,https://x.com/lawdriDP,lawdri92 followers
BunkeeMunkee,BunkeeMunkee,https://pump.fun/profile/2n3TGQyYGd4dTTTsj6cS9c4rjWtA6tvCcPZ4fLSS85bm,BunkeeMunkee,https://x.com/BunkeeMunkee,BunkeeMunkee67 followers
shaggywitabeard,shaggywitabeard,https://pump.fun/profile/Eg6pwfWq8BUFyyqivuUdTRydquTuTCHTZ8p4KKF4WNS6,shaggywitabeard,https://x.com/shaggywitabeard,shaggywitabeard35 followers
xfilesboy,xfilesboy,https://pump.fun/profile/DtjYbZntc2mEm1UrZHNcKguak6h6QM4S5xobnwFgg92Y,xfilesboy,https://x.com/xfilesboy,xfilesboy454 followers
giann2k,giann2k,https://pump.fun/profile/GNrmKZCxYyNiSUsjduwwPJzhed3LATjciiKVuSGrsHEC,Giann2K,https://x.com/Giann2K,giann2k582 followers
bestdevicook,bestdevicook,https://pump.fun/profile/CRchcPJtoUDJNor4nSBRDGEkWVnMyCHecQkoa8GFwcpX,bestdevicook,https://x.com/bestdevicook,bestdevicook532 followers
lars55,lars55,https://pump.fun/profile/HDcPRSzvcH6RsNFotx2uYYgY3dFcC9if52DgWKzu1s6h,LarsBeissel,https://x.com/LarsBeissel,lars55356 followers
alkhemetal,alkhemetal,https://pump.fun/profile/DrPcUZoZA8u2k8L29uKuDBi25Km7gjrZkPKCt78w9gy7,notmetalface,https://x.com/notmetalface,alkhemetal334 followers
mrsometimes,mrsometimes,https://pump.fun/profile/5aEGb8CS7VCQJ4fN3gxBgis2Rb4PYyN8YQFCJ6Ejkh1L,jaymakingtrades,https://x.com/jaymakingtrades,mrsometimes233 followers
Yev_G,Yev_G,https://pump.fun/profile/E5KyaNXohftpmj17Mh8dptStcL7KNJiLJaTyu5TkZg5Y,YGuryev,https://x.com/YGuryev,Yev_G197 followers
ctxp,ctxp,https://pump.fun/profile/H98dEWncKKiDs7MdfH9VrfAJHnRMuteAKQaoFztupCqo,TheRealCTXP,https://x.com/TheRealCTXP,ctxp170 followers
harust,harust,https://pump.fun/profile/2FS2yU2uUtQUcF2aLxwoASZ3dTNweH4mTHTmSHt3PFYz,S0VATS,https://x.com/S0VATS,harust143 followers
milfrider,milfrider,https://pump.fun/profile/5cu4XpijtDatXo6uVKn9y3eevi5YMoWCeYJ6d29Zbref,StirkTech,https://x.com/StirkTech,milfrider122 followers
IlIlIIlIIIlIIlI,IlIlIIlIIIlIIlI,https://pump.fun/profile/8d1fV7gxeNk4DvzYxAY3xHAoQ9Ct1nK8kqUY7cnMiFBW,SosrcOfficial,https://x.com/SosrcOfficial,IlIlIIlIIIlIIlI111 followers
jaleozzz,jaleozzz,https://pump.fun/profile/jjWXBS5TxCSBKobzarijSDz4sfmj682aoQUQ2Hp9dd6,makeawish_pump,https://x.com/makeawish_pump,jaleozzz111 followers
ogplays,ogplays,https://pump.fun/profile/7wzeDZFpP7hvSAJpratax9kMDuiHzjvD7YYATmcW2yYt,dogwifhoodX,https://x.com/dogwifhoodX,ogplays79 followers
unbrokenwill,unbrokenwill,https://pump.fun/profile/HceN4EGhviPxtXDPcDsiQtAN3Q3djnXtb6BUpzMoyFTj,muscularmolusk,https://x.com/muscularmolusk,unbrokenwill68 followers
pzagate,pzagate,https://pump.fun/profile/2i6UDXfnK5fDZb6agvDGbokh8DVPLkcJKsWCDQvryQCW,gabagool_eth,https://x.com/gabagool_eth,pzagate49 followers
nummus,nummus,https://pump.fun/profile/5i4qBYvdVZ6imZ63Xgcwm44x1JehjhdUJ4NiwXge1gDG,memedev9,https://x.com/memedev9,nummus34 followers
vibedolphinicyd,vibedolphinicyd,https://pump.fun/profile/Da1H2PTbBqjiZ6hns3ffCGQpxATxrkKyTZ3UUjujBeFH,justaslowpoke,https://x.com/justaslowpoke,vibedolphinicyd7 followers
motionhris7o,motionhris7o,https://pump.fun/profile/89rBotvrnK4jSQWxfZ2taF98zEGkxbYUGWNP89LkDhoA,hris7o,https://x.com/hris7o,motionhris7o125 followers
marsh20,marsh20,https://pump.fun/profile/8bsVfbM3hjPVfdDvyMeEy8SyWf9KjhNRU6R5s19NaPCe,xxxxmarshxxxx,https://x.com/xxxxmarshxxxx,"marsh201,189 followers"
macintosh777,macintosh777,https://pump.fun/profile/9q6M98G9LMvT9ZmaDh6brHc54KeqZGLqiF9WUKp4e7vS,DomPixells,https://x.com/DomPixells,macintosh777457 followers
WaddlesArk,WaddlesArk,https://pump.fun/profile/Dvq87SXmye3tB7qnCoJzBcfcb1WrbBMWQPfSjgRaAvbC,DogeSanta9830,https://x.com/DogeSanta9830,WaddlesArk210 followers
nervozan,nervozan,https://pump.fun/profile/DUVjuFoi3FeCmDPbw82yfuR9qf6tr41HZQCDHWuUusQL,ApeX90703496,https://x.com/ApeX90703496,nervozan31 followers
OneMil19,OneMil19,https://pump.fun/profile/5TTW4vXikTux7vTBtCvdB26rSdNQmxqbhXL8aCsRU4hP,ruman1000000000,https://x.com/ruman1000000000,"OneMil191,063 followers"
solananerd,solananerd,https://pump.fun/profile/AWr1gkz19aGuWm2p3hYCuL2Hq2oHwuMK4rF6w3VctQAZ,SolanaNerd,https://x.com/SolanaNerd,solananerd492 followers
_notyeti,_notyeti,https://pump.fun/profile/CJhf7uawjdHmxb3nrpLBcUcDzgiy1TWWiBbXtEjyjtRQ,_notyeti,https://x.com/_notyeti,_notyeti448 followers
himmothhyy,himmothhyy,https://pump.fun/profile/HhnmsSzzXHZpWrxQYRHBW7KWuiuRyefSA8skVRUBDSPC,theprodaniel_,https://x.com/theprodaniel_,himmothhyy408 followers
ticketss,ticketss,https://pump.fun/profile/82B72gXYjKW7pWn4BJ8kUaWBnjW86JKWrCYKQgMbWXMy,bradyhomie2,https://x.com/bradyhomie2,ticketss289 followers
starlord,starlord,https://pump.fun/profile/pMH58BTV1VQtzKtsg7ACcEcWHRH8HEjHpe3tHVPcUfW,SOLuckyDuckDev,https://x.com/SOLuckyDuckDev,starlord220 followers
1988,1988,https://pump.fun/profile/GgBUq7GZV7aY8BMruFMhJtJAjToDU6R8yp9GZrjDhkkV,Iapebigbags,https://x.com/Iapebigbags,1988127 followers
the_chosen_one,the_chosen_one,https://pump.fun/profile/Gts4x6Z7L47z5BKZzbPivd6iS8jn1y7o9RMALDFesrFg,0xMashiach,https://x.com/0xMashiach,the_chosen_one66 followers
Genya,Genya,https://pump.fun/profile/BuP5gyr8nzoBVedN3nnkYKHZuF7iDDZVemtcYvVbxCbt,GenyaSol,https://x.com/GenyaSol,Genya53 followers
cruddyy,cruddyy,https://pump.fun/profile/67M5avi9EtKhqzgvVyiMMaKw7A2p8QHotSd5pnU7GgHU,cruddyyyy,https://x.com/cruddyyyy,cruddyy36 followers
shoalstone,shoalstone,https://pump.fun/profile/FRFNUo17HJpS1397UQdRXLsg8T5cxtHzNhmPPV57Dkpm,Shoalst0ne,https://x.com/Shoalst0ne,shoalstone32 followers
0105000x,0105000x,https://pump.fun/profile/3mbErVQCXmC4C7tfMFFWAhhTH2EceMg3FKbVen4WMUvv,0105000x,https://x.com/0105000x,0105000x29 followers
heaa,heaa,https://pump.fun/profile/5bCbrhXdQNhoiFiv4tH8EXKhdfoHybctKjvJJaAmGyEh,HEAAProtocol,https://x.com/HEAAProtocol,heaa25 followers
jennieisborned,jennieisborned,https://pump.fun/profile/FNY7kp2QuEJY38wY95hxhWwHe54ZDe3oardKYjiuNqcE,jennieisborned,https://x.com/jennieisborned,jennieisborned490 followers
cademarket,cademarket,https://pump.fun/profile/5RQXPWPaLZ7kE8X29BkWeYknV3CMoZ6e7dVRNGkmak8i,PopPunkOnChain,https://x.com/PopPunkOnChain,cademarket429 followers
OGCryptoG,OGCryptoG,https://pump.fun/profile/5tXRPQQUqf9hSJES1S7KCwvypMNcHGdD1XfEfwWN3STm,ShaneConnerly,https://x.com/ShaneConnerly,OGCryptoG397 followers
gigaoctopusgrot,gigaoctopusgrot,https://pump.fun/profile/8gxNUi3uDnqPdpVciCAf8EDD6Bc1e5spQijXBzwGjRsW,derpserk_ai,https://x.com/derpserk_ai,gigaoctopusgrot357 followers
froggyfroggy,froggyfroggy,https://pump.fun/profile/5VcRaB6ymZRG7JyvRHsJ3ph9PT9gSbcYmBidPXMzsQLH,froggyhopsol,https://x.com/froggyhopsol,froggyfroggy317 followers
x0dpool,x0dpool,https://pump.fun/profile/G95y6PrrocwLJHYM1n6FYaR4cGxErTjMKwnYhjRbTzyH,x0pool,https://x.com/x0pool,x0dpool281 followers
Dspence,Dspence,https://pump.fun/profile/DrEQULUsZCesWinBh7dinDG4RjZhup8iQB4tCRnsrZsu,Tbirddave07,https://x.com/Tbirddave07,Dspence232 followers
zonkthedev,zonkthedev,https://pump.fun/profile/7pKUwa3MZjcw3vFbW1UDAuAKEQtz8T8n82SCRXPkz4dU,zonkTheDev,https://x.com/zonkTheDev,zonkthedev194 followers
apenig,apenig,https://pump.fun/profile/J3Q3oE2NyJB6SFedU6wTs4qXBQwQZ6yfFb4gZBkhcu9T,blissfulape,https://x.com/blissfulape,apenig184 followers
vibhu,vibhu,https://pump.fun/profile/5BwiEignXhUgJETjuq975SjwpL7yT7gP7SmYC15kwDVV,vibhu,https://x.com/vibhu,vibhu163 followers
TrollFather,TrollFather,https://pump.fun/profile/8romDdXEXD7A6ytTNiLz2FkRgnrCizjzeVvTTRCLmc7z,Trollfather,https://x.com/Trollfather,TrollFather154 followers
Baslar,Baslar,https://pump.fun/profile/98Wvmw2NEqQuVuhjmeHNWF1dMhA9quNdDai91VMM33UC,brkbaslar,https://x.com/brkbaslar,Baslar122 followers
boldkraken558,boldkraken558,https://pump.fun/profile/GWEY6vqWqBb3F24YM4rriDSEFckqvQ6E9eGqEyV4GDd4,sonwukong55,https://x.com/sonwukong55,boldkraken558117 followers
XxTrencherxX,XxTrencherxX,https://pump.fun/profile/7siNJx6MBGF7Rh1vaN62Y4b9rTYwkmmWiZJmRvc7ddLb,_XxTrencherxX_,https://x.com/_XxTrencherxX_,XxTrencherxX101 followers
qqpqpp,qqpqpp,https://pump.fun/profile/DzH8a54n1vp6Js8r3pkBQrGXrgv2KmMrxrpxYgSyjrVJ,MAlabdulla50901,https://x.com/MAlabdulla50901,qqpqpp67 followers
OG_Dr,OG_Dr,https://pump.fun/profile/2Cco7eajC7V6o7u7Zt4iQeGKtQwZC2j2vfVSJvaEzhFL,fivo_dot_com,https://x.com/fivo_dot_com,OG_Dr22 followers
OUTLAWszn,OUTLAWszn,https://pump.fun/profile/GjKVKnGkNiMr7Gt9dSz9KCj3LQARS2eTpdMQEdi3b9Lb,3mmanuel_O21,https://x.com/3mmanuel_O21,OUTLAWszn16 followers
Sadiq_jiks,Sadiq_jiks,https://pump.fun/profile/6EABFzFKKMCkBUAujBjHY41bhWG2wVuCx9LXVveG4wv4,_Sadeeq____,https://x.com/_Sadeeq____,Sadiq_jiks13 followers
mrsolmoon,mrsolmoon,https://pump.fun/profile/4ZHgfdgnhkD6ZATdkD78p63rW8U57qugKVysiD3McpXz,MrSolmoon,https://x.com/MrSolmoon,mrsolmoon147 followers
FloorBuyer,FloorBuyer,https://pump.fun/profile/B43QSd3M3FA8c7H3mNxAP7EuHxms9VGcmegxK9dBpHdp,Floorbuyer21,https://x.com/Floorbuyer21,FloorBuyer335 followers
GK_,GK_,https://pump.fun/profile/GxifJqkZv6CvgLVpcv5Z8tkqcCyVSWfUyvr2zCCjpEmV,Ygktgk,https://x.com/Ygktgk,GK_247 followers
lunar77,lunar77,https://pump.fun/profile/kkqiX8UefMWqyf5cPyvRiS18BBtoxZszhjByvXDWCpB,Lunarc1pher,https://x.com/Lunarc1pher,lunar77224 followers
Kubo100x,Kubo100x,https://pump.fun/profile/3zFdYxbjMiVJfbop2pxZSj8YauituW4sYqSAaY6bT7hT,Kubo100x,https://x.com/Kubo100x,Kubo100x118 followers
MaybachCalls,MaybachCalls,https://pump.fun/profile/6RMkSJqUchMu7QZKfp5mQ5mGWQjNL1CUowdcPYUJtPkq,MaybachCallsX,https://x.com/MaybachCallsX,MaybachCalls129 followers
mightydylank,mightydylank,https://pump.fun/profile/BUY6tNe1SJppHR3TjSCb53kYrwzdgpuieqys37dNFo3w,MightyDylanK,https://x.com/MightyDylanK,mightydylank131 followers
MaxPainMaxGain,MaxPainMaxGain,https://pump.fun/profile/2E94st2NZnzA943HBceijgkw75gXTTxch39yquMBfeQk,MaxPainMaxGainX,https://x.com/MaxPainMaxGainX,"MaxPainMaxGain3,680 followers"
govnovaril,govnovaril,https://pump.fun/profile/81Q6qy7BWhRiWQ4dpyFvgbnZBJZZVWCpKBsaCZuqxpRS,lobotomytoken20,https://x.com/lobotomytoken20,"govnovaril3,103 followers"
Video_Assist,Video_Assist,https://pump.fun/profile/G9S2pLMa1EA4364GcY5V6Z57mMJsAi8Rt75zjfmrnAxq,rizQ_dudulz,https://x.com/rizQ_dudulz,"Video_Assist2,986 followers"
percolator1969,percolator1969,https://pump.fun/profile/AhcywRbUz31HGBdZCpHYLqKaQtE4s6DMSMJxYAJxBb9r,AIFutureOG,https://x.com/AIFutureOG,"percolator19691,779 followers"
PetalS0l,PetalS0l,https://pump.fun/profile/4HXb7ivgvjbHC3TBesmmD9LovH8tmTv9DZsq12GMvEpU,PetalS0L,https://x.com/PetalS0L,"PetalS0l1,413 followers"
criptobluewhale,criptobluewhale,https://pump.fun/profile/Fif8Jhi7vGUatvt3j7WxwbX9nD1gVdQgUyeBwCHm9k5S,Silver000us,https://x.com/Silver000us,"criptobluewhale1,345 followers"
megaoctopusfear,megaoctopusfear,https://pump.fun/profile/DC99qH3jXiq5pPWQd6PjjJcCxTV593s58CLPxWGpEywt,RisetheMascot,https://x.com/RisetheMascot,"megaoctopusfear1,183 followers"
fadedentry,fadedentry,https://pump.fun/profile/D8n8Dy6DWC9691mR4NroSA9TdxXBxDV6Rr639RapanS4,fadedentry,https://x.com/fadedentry,"fadedentry1,065 followers"
real_spiderman,real_spiderman,https://pump.fun/profile/2griikJDBj2uJnjZ47s86tRn1XVTrLu2hMGS5UZto4sf,AxTrades32,https://x.com/AxTrades32,"real_spiderman1,021 followers"
chopchops,chopchops,https://pump.fun/profile/2SssDAZBovyY7bnTYH2wFLDL2tpAvQBpAcEywUfbE8GN,bondoorrrr,https://x.com/bondoorrrr,chopchops996 followers
justmanta03702,justmanta03702,https://pump.fun/profile/6hcX7fVMzeRpW3d7XhFsxYw2CuePfgSMmouZxSiNLj1U,ataberk,https://x.com/ataberk,justmanta03702996 followers
ogbaseddev,ogbaseddev,https://pump.fun/profile/A1jmc6mZGgCEJSSyj2BULXgYTHvAEShZERSiDQmnkufX,0xSavior,https://x.com/0xSavior,ogbaseddev965 followers
0xsilver,0xsilver,https://pump.fun/profile/67Nwfi9hgwqhxGoovT2JGLU67uxfomLwQAWncjXXzU6U,0xSilver,https://x.com/0xSilver,0xsilver884 followers
jobs1,jobs1,https://pump.fun/profile/6WCkVkJFig5FUoQjbH3sm24bQLrTcPbvZHSxrkqu3kPv,rodotfun,https://x.com/rodotfun,jobs1876 followers
sharedshark3983,sharedshark3983,https://pump.fun/profile/7eStM4BgV5e3AvE1DXHwvGh5M9PoRvExNAYS98LjeSym,neil241512,https://x.com/neil241512,sharedshark3983850 followers
Astrochad,Astrochad,https://pump.fun/profile/8YksWVhoZMMUSDU7QMvRuR1ANSPbvzEfRbUPoCxrq5q9,BigSuperiorh,https://x.com/BigSuperiorh,Astrochad734 followers
vi5i0n4ry,vi5i0n4ry,https://pump.fun/profile/G4krkerMkeYw7ffTUgdf7qXEXnuMGHpWUESBQpYqvtwU,V1S10N4RY_,https://x.com/V1S10N4RY_,vi5i0n4ry726 followers
ak3xvf,ak3xvf,https://pump.fun/profile/AK3xvfDFtVGqhnyc6f9FMbk2CmcdJXPdPcaHteX7gs3F,s0vali,https://x.com/s0vali,ak3xvf725 followers
bosssol,bosssol,https://pump.fun/profile/6YCQcp4SfJbwkz8rrENYy26FAtCR2jqkTxZKTymeC7tC,GabbyMarteutg,https://x.com/GabbyMarteutg,bosssol650 followers
pnmoney8,pnmoney8,https://pump.fun/profile/DdZG8dw12CsHjj2Ytfo1vKNPPoU4DEYSMSxdhPjo5U6N,pnmoney888,https://x.com/pnmoney888,pnmoney8629 followers
existinthewired,existinthewired,https://pump.fun/profile/66yBpFLVuWBKZVdUYjJuHQr55a4N1WarVz1nLMdH9bjv,ExistInTheWired,https://x.com/ExistInTheWired,existinthewired572 followers
realflikero,realflikero,https://pump.fun/profile/7hmGyLvVgjiZf2uMRAMWwvATKfgswtxF1SUYWhaT3sE2,flikeroo,https://x.com/flikeroo,realflikero543 followers
frog_princ,frog_princ,https://pump.fun/profile/FKRXBSFagutReTQQVAXYV9TcGKJuYx8H2Yafey3FpAyh,jianlu6868,https://x.com/jianlu6868,frog_princ538 followers
villeainx,villeainx,https://pump.fun/profile/3VTnXBSJs14mC2eVVXU3ujyqCy75TpAn5gZVTeNqF63i,villeainx,https://x.com/villeainx,villeainx527 followers
langgou,langgou,https://pump.fun/profile/BvfBzvANqz2g92yrdHRSucpmk3bTsn4C9bepeoo7wo18,OFCSharkguy,https://x.com/OFCSharkguy,langgou527 followers
zenoctopusstabl,zenoctopusstabl,https://pump.fun/profile/9Ptwet9yRMDC3T1PRcLna8c6eD6eEpDGKB8LmFR8azVj,AhamadAli718864,https://x.com/AhamadAli718864,zenoctopusstabl497 followers
SLNDR3000,SLNDR3000,https://pump.fun/profile/2sK7gtAGoHsBKPkTY8pXnmEBoCYnyPrLrZjBr4SXp96E,slndr3000,https://x.com/slndr3000,SLNDR3000497 followers
leetpumps,leetpumps,https://pump.fun/profile/8P3DiQgQgJvARzrDk8jxwy8mTU4g6JxvJ94khUJoVVRg,leetpumps,https://x.com/leetpumps,leetpumps483 followers
r4yan,r4yan,https://pump.fun/profile/Cv5GgkpXvtXcsrMcKCJvx46BpMjiM61mpPU1j8RbbbVL,r4yancore,https://x.com/r4yancore,r4yan474 followers
yugenutz,yugenutz,https://pump.fun/profile/6MLnrZxw9FYrxNZ25gQRdvPu74dnB5MeSW4sG2d4HcGH,YugeNutz,https://x.com/YugeNutz,yugenutz467 followers
S1xwyacheDEV,S1xwyacheDEV,https://pump.fun/profile/3Apkykzmkq14A2penK9kQ79VYCLBiMaJ75VhrDEeCvzK,Vasea51,https://x.com/Vasea51,S1xwyacheDEV442 followers
drama92825,drama92825,https://pump.fun/profile/stWMvjzixeXPqb7d79xYRC5MFttZBBWWq9RkwHGdkym,drama825,https://x.com/drama825,drama92825439 followers
tallxy,tallxy,https://pump.fun/profile/JAmx4Wsh7cWXRzQuVt3TCKAyDfRm9HA7ztJa4f7RM8h9,tallxyyy,https://x.com/tallxyyy,tallxy439 followers
kemp208,kemp208,https://pump.fun/profile/AvQsqk6WdQYofihiUFKNN78qpPyGvn4wFbQfBTmX3915,kemp208,https://x.com/kemp208,kemp208437 followers
erikmm,erikmm,https://pump.fun/profile/E1VMXq3bq4V4CGtK7mbQfDgTyWV41mCqfoYzaBEuGHs4,erikmolder1,https://x.com/erikmolder1,erikmm413 followers
liquitittyusdc,liquitittyusdc,https://pump.fun/profile/5yh7CQnyiRV2MnocgWJRLq8w8kpdB7p7HbutxC9Eieqn,Liquititty_,https://x.com/Liquititty_,liquitittyusdc410 followers
tjackinho,tjackinho,https://pump.fun/profile/BZRFYAg3e2DjAkCWjALn4Ebu5oC8PgSDenJJwm2HC93,tjackinho,https://x.com/tjackinho,tjackinho400 followers
Al4n,Al4n,https://pump.fun/profile/2YJbcB9G8wePrpVBcT31o8JEed6L3abgyCjt5qkJMymV,Al4neu,https://x.com/Al4neu,Al4n379 followers
thewhitehorse,thewhitehorse,https://pump.fun/profile/4DUcpdsM76F2A8J9NXhGeYC6MtDkQoVU2LtpM1dVa2p9,HusseinElbanha2,https://x.com/HusseinElbanha2,thewhitehorse372 followers
Five6Sol,Five6Sol,https://pump.fun/profile/EYG3urvLQyKx65LYCL67tbAMnsNAfJUbBKRFWpTBbK6G,Five6Sol,https://x.com/Five6Sol,Five6Sol367 followers
nobodykoleater,nobodykoleater,https://pump.fun/profile/H3pqkyqukcsJqLQheHoFhRbrDECmv3MLy9dGD5njyUzr,NobodyKOLeater,https://x.com/NobodyKOLeater,nobodykoleater319 followers
0xzyaf,0xzyaf,https://pump.fun/profile/F5TjPySiUJMdvqMZHnPP85Rc1vErDGV5FR5P2vdVm429,0xZyaf,https://x.com/0xZyaf,0xzyaf315 followers
guidusty,guidusty,https://pump.fun/profile/B799XD2RtgkxYRvv5Q9CFnSpVifrsJErWz6MpvBdYFdR,guidustyy,https://x.com/guidustyy,guidusty286 followers
classicsucks,classicsucks,https://pump.fun/profile/DsqRyTUh1R37asYcVf1KdX4CNnz5DKEFmnXvgT4NfTPE,classictradez,https://x.com/classictradez,classicsucks284 followers
yeekidd,yeekidd,https://pump.fun/profile/88e2kBDJoN7eQCBj2sxT15etUZ3jPNzD4ijCs1TNySWJ,yeekiddd,https://x.com/yeekiddd,yeekidd256 followers
codename005,codename005,https://pump.fun/profile/FmYxx4umdZvu3G5YXspPAsg2uokD7tvTH9aSWiJm87Uh,KillaMicWizard,https://x.com/KillaMicWizard,codename005254 followers
raymond_red,raymond_red,https://pump.fun/profile/2eS19wFTp4S6mAhGXGQPnMvniHMfd8TiC1DLcMfidy2b,DanekSwoboda,https://x.com/DanekSwoboda,raymond_red251 followers
amply,amply,https://pump.fun/profile/GDNBN2LGiar39ZRqgD2HCDvdphbLRjx3omHG1Fh67eqT,SoheilA81684203,https://x.com/SoheilA81684203,amply247 followers
EatPrayLove22,EatPrayLove22,https://pump.fun/profile/CNh68YKV926nmYBqoCZzV7XiaAd57Li3im9Qsjh3EMs5,WeyattaT70255,https://x.com/WeyattaT70255,EatPrayLove22248 followers
TGMetricsio,TGMetricsio,https://pump.fun/profile/HjUaQ8vFoHuHrvScy4ZeTjsbdxJbZS1BRJkGk3uZdFvN,TGMetricsio,https://x.com/TGMetricsio,TGMetricsio244 followers
ogdevfr,ogdevfr,https://pump.fun/profile/H5Wh4EDvWQT4mShH746V5VDqxHQkaQZyPWfuhy1PRVBg,AscensionAcc,https://x.com/AscensionAcc,ogdevfr231 followers
whiskywhale,whiskywhale,https://pump.fun/profile/AQtQvfZYESRA4UYFCmwqkVwBWeQQp7LyzqjQgwP8tYHd,pureswamp,https://x.com/pureswamp,whiskywhale226 followers
soldmysol2pf,soldmysol2pf,https://pump.fun/profile/6wcTgQBJmnRdQWDbrLFgk45JSW7LQ9cej3TtcFCvrape,soldmysol2pf,https://x.com/soldmysol2pf,soldmysol2pf220 followers
SolanaMemeRadar,SolanaMemeRadar,https://pump.fun/profile/ChXtCgy46c9iG3LFxfjJ3UU8yXyCc3TigqmRaxdFZgM6,MeTruthy,https://x.com/MeTruthy,SolanaMemeRadar214 followers
ultranarwhaleme,ultranarwhaleme,https://pump.fun/profile/DtTN9jqpE2J4jYt4M8XX2uCEXg2WLpzBxvc4rdiNsQgo,SgtWingflapper,https://x.com/SgtWingflapper,ultranarwhaleme212 followers
beantownlegends,beantownlegends,https://pump.fun/profile/7yDj6oQRZDbTjhjQVzyFvLthG6L1MSdF8yQD617MrrUz,BeanTownLegends,https://x.com/BeanTownLegends,beantownlegends206 followers
downacunt,downacunt,https://pump.fun/profile/BMgh6drkRtvdHJX9EBSgztvby6UEVL1yKzQvS4DkqsaT,hommatittur1,https://x.com/hommatittur1,downacunt185 followers
leeviral,leeviral,https://pump.fun/profile/BNw11s9rc6f6jyi9zKDoXCkGX7JSB5hRDVorR5Wq2EEZ,Nemosideye,https://x.com/Nemosideye,leeviral182 followers
flippingprofitt,flippingprofitt,https://pump.fun/profile/fSeZ3YZQjVaN56FXRgWmT6wfvEJAvm8PaQbyq3JSwEc,ShanoTesumole,https://x.com/ShanoTesumole,flippingprofitt177 followers
iamcalledkevin,iamcalledkevin,https://pump.fun/profile/DD1fybGZSNJNwSKXHKyvDb3jHANB6x4XEj47GPqEwJgL,IAMCALLEDKEVIN_,https://x.com/IAMCALLEDKEVIN_,iamcalledkevin173 followers
bigmikenj,bigmikenj,https://pump.fun/profile/7LQuo1JFKyuSrGpbNAG6HXnzuSizDdXgT1sANuwBY1VS,BigMikeNJ78,https://x.com/BigMikeNJ78,bigmikenj174 followers
knveth,knveth,https://pump.fun/profile/A8LoNPpF6ovHVr16sBEWfMBwvbAbUZrwr8Mjy4LBh26G,knveth,https://x.com/knveth,knveth964 followers
jeetsbyNav,jeetsbyNav,https://pump.fun/profile/4s3Ktgb431yWWt3RhEiTKxG6zz54KMuGEopWrHE45F7x,jeetsbyNav,https://x.com/jeetsbyNav,jeetsbyNav270 followers
Vitamul,Vitamul,https://pump.fun/profile/C73N9RvCT7sacypRGb3e7JS5CwehvyVGfRoYCXnFNL3U,Vitamul,https://x.com/Vitamul,Vitamul94 followers
notyourbighomie,notyourbighomie,https://pump.fun/profile/7yDMgrdZaFGegFBEeA6iRjKQPW1N8z9rFhwZv1pFZ4h9,OnChainPat,https://x.com/OnChainPat,notyourbighomie159 followers
BlackJackCA,BlackJackCA,https://pump.fun/profile/D8nHDVqDhUQZUz3oP2zZJzUiLT3cJtJ1pvLXsuL358Cc,BlackJackCDN,https://x.com/BlackJackCDN,BlackJackCA106 followers
rev,rev,https://pump.fun/profile/HcwYbNJGmwqBvav4j1qHrqAM3ndG13jmdunWHFLMAk1X,solrevv,https://x.com/solrevv,rev87 followers
hadescooks,hadescooks,https://pump.fun/profile/4W1W4qGoFnrUhignZMhPxPxcdxaTJRbAPeSfdGWm2pmg,HadesCooks,https://x.com/HadesCooks,hadescooks29 followers
0xhold7,0xhold7,https://pump.fun/profile/8UetkrLq68HA4dW9K5JL3MVCbbMidWJ5xhYdBCYGoGsE,0xHold7,https://x.com/0xHold7,0xhold7495 followers
1000xCALLER,1000xCALLER,https://pump.fun/profile/8B7X27jw5UutQxAgMKcBGjzCi5eNwkGkkCyaCJswapzN,Jimmy17470106,https://x.com/Jimmy17470106,1000xCALLER428 followers
OGMeal,OGMeal,https://pump.fun/profile/CAuygcSzv3pKWhdX3jwwHaQK5TZCkCBA8WQNWKQkmwpQ,DFENSHQ,https://x.com/DFENSHQ,OGMeal420 followers
ilovejesus4lyf,ilovejesus4lyf,https://pump.fun/profile/AFrLHFHs7DkQx88ixgxMa9yXwBr4a6jNaUf7KsMGQqL1,frontrunkingggg,https://x.com/frontrunkingggg,ilovejesus4lyf406 followers
MageArez,MageArez,https://pump.fun/profile/HnUi9LY8Gq5t7FSuUBua1rvZUSYmdzGxnBYdB8akPXu,MageArez,https://x.com/MageArez,MageArez391 followers
gcr_shader,gcr_shader,https://pump.fun/profile/8HiY5Fs63c3ZFCmRDSkn2zj46K3a1t9SsS1UaN1homxV,gcr_shader,https://x.com/gcr_shader,gcr_shader382 followers
PrimeElias,PrimeElias,https://pump.fun/profile/7QwFhbQYwa77hPAVFymPv8Tes5Nox6TGhBXkyQyEH2Vt,_PrimeElias,https://x.com/_PrimeElias,PrimeElias332 followers
sullicrypto,sullicrypto,https://pump.fun/profile/A2rPFCsu81xrWhf4d3LstTLnGhdcZX48gGt5Atny4qBo,Sullicrypto,https://x.com/Sullicrypto,sullicrypto246 followers
aped100x,aped100x,https://pump.fun/profile/2ANSfghqP66UHHEe4s3B7ZRNNdNHTLrRsiGPCeuzfaWu,aped100x,https://x.com/aped100x,aped100x133 followers
djheat,djheat,https://pump.fun/profile/D4Vx8mEt2RgKJuKDDceAM2uq2zjLGo3dPwZT3bz2hboX,DJHeat,https://x.com/DJHeat,djheat113 followers
pwincess,pwincess,https://pump.fun/profile/4Xoxtp3x69kYKxVqU2HVXPvonFGXyeNGwVfX5MT586z2,lifebyprincess,https://x.com/lifebyprincess,pwincess72 followers
chr0mium,chr0mium,https://pump.fun/profile/GGnhC2rojEngFGf4B2mGWsDD5nzVdFdAU1eKmuaoxWsZ,pmaker247,https://x.com/pmaker247,chr0mium63 followers
Euphoriaaaa,Euphoriaaaa,https://pump.fun/profile/57xj7ayknij52DhxoJEiyzX3md7ctU2rqubokuUkZvnG,1inchchampion,https://x.com/1inchchampion,Euphoriaaaa361 followers
thedefimetro,thedefimetro,https://pump.fun/profile/FGAjxQpdBL17A3FuzpWpR88LHAXGQp4zwxLX3WHfnLrt,thedefimetro,https://x.com/thedefimetro,thedefimetro322 followers
kabirunner,kabirunner,https://pump.fun/profile/3o43n1fKdzBBX5tbFUhRHvzetQrdhYPEHF6cvpCuXAC9,kabirunner,https://x.com/kabirunner,kabirunner164 followers
grip_sol,grip_sol,https://pump.fun/profile/EGLhxVyqRFF9gTMMhSJfN1n12mW31GJe1ZjZZnR9oxM2,Grip_sol,https://x.com/Grip_sol,grip_sol124 followers
NidoOnChain,NidoOnChain,https://pump.fun/profile/sL2vYRMujZ2gCBSb4D1xPdhGubRXX3rzb53J9fVXgsf,NidoOnChain,https://x.com/NidoOnChain,NidoOnChain84 followers
bitguide_,bitguide_,https://pump.fun/profile/8DS3p2UTuEiNK5XywKdaZUYNkPQNUncFA1Aqh7vx5qDR,bitguides,https://x.com/bitguides,bitguide_361 followers
some1onchain,some1onchain,https://pump.fun/profile/DeZviQM2XJMv36niovPeXvbbKTEEyZaEKzrpFxZfbGsM,some1onchain,https://x.com/some1onchain,some1onchain126 followers
mesastream,mesastream,https://pump.fun/profile/8wRUbrU34fnPCy76L73ti3VAhzBkFZXL79BQn8H1tEmh,mesastream,https://x.com/mesastream,mesastream212 followers
LawDawg_,LawDawg_,https://pump.fun/profile/HXpnANHEQ5bt9PzYoMgV9VWwaBfXVxt5UYX58rEyfzZy,LawDawg1210,https://x.com/LawDawg1210,LawDawg_64 followers
MarsTheHippoCTO,MarsTheHippoCTO,https://pump.fun/profile/G5WHuDMjouw9ksEPQKMjmz1ndwPYJ2WXBkcsBJBmgjXa,MarsTheHippo,https://x.com/MarsTheHippo,MarsTheHippoCTO23 followers
rockifiedspirit,rockifiedspirit,https://pump.fun/profile/3W9zwsCRTR1r1As85CigeeVmhWKe77T78BebDUJNVBBV,rockifiedspirit,https://x.com/rockifiedspirit,rockifiedspirit21 followers
pala_sms,pala_sms,https://pump.fun/profile/sxHz5KG8Hjzjsi5YU6KhfdTaFUkbXdkjYRkHdskJQwY,palalfonz,https://x.com/palalfonz,pala_sms142 followers
eeelistar,eeelistar,https://pump.fun/profile/7KJxyBykeCDbLnpXrBR8atVWCPr1P56vTrDUTpHw2ycB,eeelistar,https://x.com/eeelistar,eeelistar427 followers
ogrish,ogrish,https://pump.fun/profile/Hev42TYQfkJEjkZbQpn82JpW5SJRBVKYToNBYQzQdj8E,rishimittal,https://x.com/rishimittal,"ogrish1,068 followers"
neonburro,neonburro,https://pump.fun/profile/Gn4M8Z6YVqJfz5VJ7zixoyYp69naKN1K9zV9sJtbUHV5,neonburro,https://x.com/neonburro,neonburro889 followers
Zookieman0,Zookieman0,https://pump.fun/profile/4A1XcHDn2vHzcrZs5g5ZDxZSEWDPVXQMAqi5hrXbrwCs,Zookieman01,https://x.com/Zookieman01,Zookieman097 followers
nutsacka,nutsacka,https://pump.fun/profile/4hSXPtxZgXFpo6Vxq9yqxNjcBoqWN3VoaPJWonUtupzD,PortaPog,https://x.com/PortaPog,nutsacka560 followers
Unaboys,Unaboys,https://pump.fun/profile/CGKe71hQ65sajSmCEBYiP1M5eMvvwGnLZ3SzmaQubc7B,unaboysweb3,https://x.com/unaboysweb3,Unaboys529 followers
yashhsm,yashhsm,https://pump.fun/profile/GdZLJgVfcedTzu3k9qbn9URFiToNR8RB1bXMdYRbALZn,yashhsm,https://x.com/yashhsm,yashhsm239 followers
stonemacc,stonemacc,https://pump.fun/profile/Gh1f1L1zRjjg2CEGEWphdGg7KWuK3KgknGNYvafDQU8c,stonemacc,https://x.com/stonemacc,stonemacc197 followers
broom0x,broom0x,https://pump.fun/profile/4LTJU2qfJdmDuEQAmWXcf5hvkpomYrLebuTBz2svwRd4,Broom0x,https://x.com/Broom0x,broom0x141 followers
Buyer,Buyer,https://pump.fun/profile/5r1hCHpZ7p9JivY3dHoL5iKbNFf9gaqYkrYyTNrkpM8Q,buyer,https://x.com/buyer,Buyer177 followers
Blosom,Blosom,https://pump.fun/profile/3fSYET9Nd2HniMvtQy4f7PcfC8oPkeWxFqMLdGESCLfa,BlosomCrypto,https://x.com/BlosomCrypto,Blosom35 followers
milk0nchain,milk0nchain,https://pump.fun/profile/BLtpLryrbYCxA1dteSq1qwkLAfT8ogYLrPKzojhKhwUg,Milk0nchain,https://x.com/Milk0nchain,milk0nchain327 followers
odysseyyy,odysseyyy,https://pump.fun/profile/74xVT9FWhn5fGNgHAGmipmUU4W5nUvskEotcDhEuwJqC,johnarchived,https://x.com/johnarchived,odysseyyy141 followers
starchief,starchief,https://pump.fun/profile/5LSbvCd3thpKKjiHxxkARhgkfeNZmuTR63ePHhpFDiyv,StarChief94,https://x.com/StarChief94,starchief26 followers
afrocroc,afrocroc,https://pump.fun/profile/6besVe4jijvzuuxfSu8J3R3o8RdK5kWpDNxRFoUMi6iK,afrocroc,https://x.com/afrocroc,afrocroc24 followers
bigfrugwoski,bigfrugwoski,https://pump.fun/profile/CDepVGc1dNgnK8fj7h73P6voDApgfj3KYVzPVPyx2n99,bigfrug,https://x.com/bigfrug,bigfrugwoski362 followers
whodatjoey,whodatjoey,https://pump.fun/profile/2LKxUpao2eme4P9X58b6SZuGw2VnEJsTmCJErApYtyoH,WhodatJoey,https://x.com/WhodatJoey,whodatjoey246 followers
AuzCryptoTrades,AuzCryptoTrades,https://pump.fun/profile/DmvyBVbrsU275XMY2dfiX3xub6JPU2QWF7WRWHVhKGnf,AusCryptoTradez,https://x.com/AusCryptoTradez,AuzCryptoTrades170 followers
topblastrrr,topblastrrr,https://pump.fun/profile/5bE6GP5mmfnfDtzia9GBp1g8MiJ9YToNmbmKKcPBsBXX,topblastrr,https://x.com/topblastrr,topblastrrr132 followers
Bitbellaa,Bitbellaa,https://pump.fun/profile/AW5wqcZHAzcnFTY2RbDQqUfFzmNnVH9P8zYXHa3b5uVs,bitbellaa,https://x.com/bitbellaa,Bitbellaa119 followers
topholdersol,topholdersol,https://pump.fun/profile/CKVGncJKzKEeYTFah2dNFbaSfF2VZg9Uri4yMem7oU9W,0xtopholder,https://x.com/0xtopholder,topholdersol78 followers
0xforeverblind,0xforeverblind,https://pump.fun/profile/NfZVVbLvCvSHGHqevRP85fu1pg5VoJQJHTB5vdo2Q17,0xforeverblind,https://x.com/0xforeverblind,0xforeverblind63 followers
NotJohnWif,NotJohnWif,https://pump.fun/profile/2UcGQZtrH77uDVbw5XBtF56AxgNJmXh1haj6U4G5KY6k,RealJohnWif,https://x.com/RealJohnWif,NotJohnWif34 followers
zaimiri,zaimiri,https://pump.fun/profile/GpcjUQo7xGBgyBK3HX4VnZjK6h8obHvAtKZaLPGcMLMz,zaimiri,https://x.com/zaimiri,zaimiri461 followers
TLowNFTs,TLowNFTs,https://pump.fun/profile/GFHyYGrvQ2dTTRyTAi9dgKyEP5rgegCAduPnS3nAHJ8t,TLowNFTs,https://x.com/TLowNFTs,TLowNFTs309 followers
Poods444,Poods444,https://pump.fun/profile/PoodzmocyYnFLKgRNp84RLnvrEQpsUmUMbn95PsnTdY,Poods444,https://x.com/Poods444,Poods444186 followers
vibefisharidazu,vibefisharidazu,https://pump.fun/profile/7Cv2fVtWP49LNxjy5HDzE1WwQuxwxpideCZT24jS8nnu,Basedevetap,https://x.com/Basedevetap,"vibefisharidazu1,500 followers"
scamlikely209b,scamlikely209b,https://pump.fun/profile/9aK37KHSwjsHf8992msH2btshKoNCfrjmwq385SZybnz,ScamLikely209,https://x.com/ScamLikely209,scamlikely209b893 followers
rrcastro22,rrcastro22,https://pump.fun/profile/At3fZFFiWoZVW9DtSzhQaUTM6xKxGh9hbAr9dC2vc49f,RuiCastro565740,https://x.com/RuiCastro565740,rrcastro2231 followers
reaIDoanldTrump,reaIDoanldTrump,https://pump.fun/profile/Cs5mHHW6KxKmYr5VesXpJA2drke1NuZtQLMZfJsSpwqt,crackrecipe,https://x.com/crackrecipe,reaIDoanldTrump586 followers
victur,victur,https://pump.fun/profile/9U6mX9nWAHZfg1uBjr8oJFyJn2P8DGkdn8XxqyMQGu4N,11_NFTS,https://x.com/11_NFTS,victur146 followers
trenchwars94,trenchwars94,https://pump.fun/profile/J925Cw3etiiv3Pk1xHSJ8HA9Siwr7Pe3CMQSwm8fmLuH,ScripcaMar43663,https://x.com/ScripcaMar43663,trenchwars94139 followers
WEDSoapy,WEDSoapy,https://pump.fun/profile/34RtKtHXNHxNUVZKQSGw94AmUn1NDZsbe4nNqtGbjFgG,Keyganup,https://x.com/Keyganup,WEDSoapy612 followers
ghost734,ghost734,https://pump.fun/profile/BPWG71U7HyyPMydEfqBCBwqCcs23YXEBbGbndB6EKSE,dstahla733,https://x.com/dstahla733,ghost734353 followers
misterggg,misterggg,https://pump.fun/profile/3QnHSzjfVDLWMGtPCPWoQXx9D5NscrUaTRkzXJyz9FdE,BanysVidas,https://x.com/BanysVidas,misterggg44 followers
crazy,crazy,https://pump.fun/profile/GfbmALuG6uhCHfs7J6jDVYRZcWPyE9Rqp2vEn3DNBgpi,Crazyy,https://x.com/Crazyy,crazy813 followers
solengineer,solengineer,https://pump.fun/profile/4YxyRTLsK88uQ83bWoanu1x2FHo312b7JrcRqYPudD4p,sol_engineer,https://x.com/sol_engineer,solengineer426 followers
soulonroam1,soulonroam1,https://pump.fun/profile/FiDMDmjb52PCbQFFerikkfY5J7dx4JGprcMiKwBusjr1,SoulonRoam,https://x.com/SoulonRoam,soulonroam1322 followers
BobbyGlass420,BobbyGlass420,https://pump.fun/profile/7Vp2zMBQnaCHPfHoyACtyEx6BgHyqhagah9pSH7h9zzq,Hydraze420,https://x.com/Hydraze420,BobbyGlass42035 followers
Dango_sol,Dango_sol,https://pump.fun/profile/CwzXrbvJ7KNR2UHWx5mHS8h51byX4Yo142xoCCPUV56T,dango_sol,https://x.com/dango_sol,Dango_sol4 followers
rev_run,rev_run,https://pump.fun/profile/6tKC6eLoU7ndTxyJzfZ3xPWLZr3NKsAQJSZLSYa29KT1,JLKHatesYou,https://x.com/JLKHatesYou,rev_run71 followers
Cache100x,Cache100x,https://pump.fun/profile/3N1paMNqznPueTFsTWDA7hzmgMkBohKhQ39uA2CAxZEw,Cache100x,https://x.com/Cache100x,Cache100x459 followers
Solamance,Solamance,https://pump.fun/profile/EjgNevdaemf2FgKxKh4vsXa3BXpPZoMARjaeBjoKgAVf,Solamance69,https://x.com/Solamance69,Solamance394 followers
Canissolana1,Canissolana1,https://pump.fun/profile/9JcHHnDCcfhPEBRfHWvcsJ4QkDPSxc36FvHJCmW4sh4U,Canissolana,https://x.com/Canissolana,Canissolana1176 followers
_deaegen,_deaegen,https://pump.fun/profile/DMDtTss6AoxuX1eqcL9mLJZAJyTFXmfWKy6ZD8AVMUsq,deaegen,https://x.com/deaegen,_deaegen73 followers
slaxx_sol,slaxx_sol,https://pump.fun/profile/9QTHeFTWysTe4NEriJoQSbMP7enGFGKKUkrD4JJUFDxx,SlaxxTrades,https://x.com/SlaxxTrades,slaxx_sol287 followers
J3f3,J3f3,https://pump.fun/profile/8RRLgVo4HPaQKTkks2GKTg5B115hVPtTtAN98fCfzTVZ,j3_f3_,https://x.com/j3_f3_,J3f3275 followers
maxxingmillion,maxxingmillion,https://pump.fun/profile/GnRFaSetevBTirajbLhh8GDXvJT8nBbHZ9mMguvdUDk9,MaxxingPegasus,https://x.com/MaxxingPegasus,maxxingmillion221 followers
brianjesposito,brianjesposito,https://pump.fun/profile/LdAtNgFho3gKdHLHmCXGqrpgpMqeeSYR9xwKh1RD7Ww,brianjesposito,https://x.com/brianjesposito,brianjesposito85 followers
fadudee,fadudee,https://pump.fun/profile/FDmeAN3tPBHwNd4rdWFu9Ro6QYAjsyu1G5VSNUL54M7b,fadumbasss,https://x.com/fadumbasss,fadudee48 followers
missionsol,missionsol,https://pump.fun/profile/44pWPFpZAw1nr51do4yg2ruxyfLaZLifrCaaAQgvgfKW,missionssol,https://x.com/missionssol,missionsol20 followers
VendetaBest,VendetaBest,https://pump.fun/profile/A3mpwM9XzgQhkGmPuahSiP788qhjtpwhT93Py8yf4EhY,VendetaBest,https://x.com/VendetaBest,VendetaBest53 followers
S0lz,S0lz,https://pump.fun/profile/FgXQhBHdAWf7UMKA82eUwD7rYjLZfa6nvRpq2dU3UXJY,rsolzem,https://x.com/rsolzem,S0lz169 followers
beatle,beatle,https://pump.fun/profile/GqFgMUkKMVCLQgYtLvePh2TZZv28XVDZySz1RNYdakyG,AyyBeatle,https://x.com/AyyBeatle,beatle205 followers
ggs93,ggs93,https://pump.fun/profile/GgYzXzCLccDuhUaTPjtAnCZ86rtqVzfLbZYuQAApuHsi,TheMagician3690,https://x.com/TheMagician3690,ggs93116 followers
Menace,Menace,https://pump.fun/profile/5EFkhAJmJrHtHy424NUbeZfQzwUQzQgK52PpgVNJgyC1,NFTsAreNice,https://x.com/NFTsAreNice,Menace182 followers
aizendyor,aizendyor,https://pump.fun/profile/6rxbtrx37tEgHKCpidzzFNpJgvipnkuNBnBi4Fst2bn4,aizendyor,https://x.com/aizendyor,aizendyor207 followers
okarun1120,okarun1120,https://pump.fun/profile/Div6cVovWmtPsoWH5PENUqwTxPgDtHEhfDZUbzZJP32T,okarun1120,https://x.com/okarun1120,okarun1120114 followers
theFatherof3,theFatherof3,https://pump.fun/profile/DqHPUXhPBTcMe2uf6YJh2rRNewJDBgDL9bxoXtqaHzFe,Fatherof3Degen,https://x.com/Fatherof3Degen,theFatherof3109 followers
NEETOCRACY,NEETOCRACY,https://pump.fun/profile/G77czCsSF4ASq6aZJi3EWTiFoK3dTszJB7y88qAAq2ha,NEETOCRACY,https://x.com/NEETOCRACY,NEETOCRACY46 followers
degenmaya,degenmaya,https://pump.fun/profile/5ag79bRWanFskQU8F7dtnCiTLSuxHdzCY9KURsMAwqQU,degenmaya,https://x.com/degenmaya,degenmaya27 followers
sukunainvesting,sukunainvesting,https://pump.fun/profile/BN55QSaYdmthM44mm9E5Nbujpa2F4nnjt3Qg4oT5nHQB,3eyesbetter,https://x.com/3eyesbetter,sukunainvesting19 followers
JoshCalls,JoshCalls,https://pump.fun/profile/GD2HftrhuJJ2ogWZ3puYKwuf6ThqVy5zr6VfFCdLqvQP,josh_sol_degen,https://x.com/josh_sol_degen,JoshCalls18 followers
Hankusun,Hankusun,https://pump.fun/profile/37ktTsxvszS6ZaemURszorguFjhY7nNTFGkRM56TqshQ,Hankusun,https://x.com/Hankusun,Hankusun9 followers
earlysendor7,earlysendor7,https://pump.fun/profile/5dGnaoogGFBrKpAUq1mP7LtdDCXwFZbhtuhbWm2L9Q85,EarlySendor7,https://x.com/EarlySendor7,earlysendor7568 followers
skayle,skayle,https://pump.fun/profile/3g9XZb8rzTagQRQ8wCTtFD3mY8HjWANTeH2n1CjyYjye,0xskayle,https://x.com/0xskayle,skayle108 followers
abuaniks,abuaniks,https://pump.fun/profile/67ac4QD3N9GwfKN7jdcNmeEyPHeQ2mjnH3pfeX64VxcC,AbuAniks,https://x.com/AbuAniks,abuaniks247 followers
_smokey,_smokey,https://pump.fun/profile/3kDGnCvAmUF3EjdbMkF42ocL1SStNDKxaUNPA1WpRf5z,smokeyy_sol,https://x.com/smokeyy_sol,"_smokey6,012 followers"
Stigman,Stigman,https://pump.fun/profile/8fsKLLtvKNanL4ginCaiRS6UfeemY11rSf8U8fN1dJw4,Stigman__,https://x.com/Stigman__,"Stigman2,705 followers"
Jampzey,Jampzey,https://pump.fun/profile/Fc9Vc525qRcbpRoC6cyzK47s9HU79v9f2A4egdne4pY6,Jampzey,https://x.com/Jampzey,"Jampzey2,223 followers"
going_parabolic,going_parabolic,https://pump.fun/profile/AAgeUpYYFfDQ42wZLFdejMfdssf9rVCVMeZfWzceGA2w,GoingParabolic,https://x.com/GoingParabolic,"going_parabolic1,951 followers"
cupseytoken,cupseytoken,https://pump.fun/profile/ATp2cipw8TgLVGWQXGyV3pURUDfg6sVkVEkvPxRnB8BM,CupseyToken,https://x.com/CupseyToken,"cupseytoken1,897 followers"
tojijunior,tojijunior,https://pump.fun/profile/FuT5Q1abbbawoKszRSEQqZHPre28Ue477z5yxLxHSUcB,Tojijunior,https://x.com/Tojijunior,"tojijunior1,356 followers"
jackfriar1988,jackfriar1988,https://pump.fun/profile/BviLcXe7BztXKJ3UbmmSMwU4o23etn6rWyUNkitHq53p,jackfriar1988,https://x.com/jackfriar1988,jackfriar1988836 followers
dali,dali,https://pump.fun/profile/32oeNetDHd7X4GSaA8eX2jnanHmDeJWJUeGFsSGBwKnE,SolanaDali,https://x.com/SolanaDali,dali800 followers
Sizeyon,Sizeyon,https://pump.fun/profile/DxQ1iNidsGap2kr14VdEzA8NheqXabfh6fRkvZQbnZVY,Sizeyon,https://x.com/Sizeyon,Sizeyon739 followers
earltrades,earltrades,https://pump.fun/profile/F2SuErm4MviWJ2HzKXk2nuzBC6xe883CFWUDCPz6cyWm,earlTrades,https://x.com/earlTrades,earltrades736 followers
sloanketamine,sloanketamine,https://pump.fun/profile/ATD8xVwSKkJ1yfHTfKztnNcdHYaZshZjtw6TGXxXoBsd,ParisxDevoe,https://x.com/ParisxDevoe,sloanketamine621 followers
BroskiDudu,BroskiDudu,https://pump.fun/profile/EPfymziwqwYD3CcKVcS2LC3UDbyAitR6MHzX4MVUTA6K,BroskiDuDu,https://x.com/BroskiDuDu,BroskiDudu563 followers
memeologist99,memeologist99,https://pump.fun/profile/EkfjKqMYSjEukG91YJdEmLFtMWVcUpdx5gMoGZvd1eGQ,memeologist99,https://x.com/memeologist99,memeologist99499 followers
mumuthebull,mumuthebull,https://pump.fun/profile/2fhgj6FKz5g8wAsn3DUegXx8ovRpwScHVHGGNv5rCAW9,tranc3y,https://x.com/tranc3y,mumuthebull488 followers
RichsHQ,RichsHQ,https://pump.fun/profile/ADr3ctNmpGY2tU1qkccSccBH1Hi58hZmEWvYFytYPfun,RichsHQ,https://x.com/RichsHQ,RichsHQ481 followers
senoxe,senoxe,https://pump.fun/profile/5LgsMBSnCjC46S2WQwqiE4Ne59BZZp6HAntsqKQDedTJ,senoxe,https://x.com/senoxe,senoxe421 followers
card100x,card100x,https://pump.fun/profile/5RvgJSmFPzeoJ6NfRqHMAh2NuvJ649N1pYB9cmz1WsYL,card1000x,https://x.com/card1000x,card100x419 followers
dontcopytradee,dontcopytradee,https://pump.fun/profile/C9acVNtta41oJjQMbye5W7hqEzZ9uK9cGAQASCBKKMWi,dontcopytrade,https://x.com/dontcopytrade,dontcopytradee405 followers
Gorillapanic,Gorillapanic,https://pump.fun/profile/6kPn3FEAUxMP5t8Ed5Y65GyZkWMNKwcCMRSqKeMWSfPq,gorillapanics,https://x.com/gorillapanics,Gorillapanic373 followers
frontrunpromax,frontrunpromax,https://pump.fun/profile/F2ysh3Jm2m7rCBHjYDcnvt2GMX74nqDtzgjcRWfX111,frontgensi,https://x.com/frontgensi,frontrunpromax357 followers
degen_DFR,degen_DFR,https://pump.fun/profile/CoFfU83sK5rs67yikwPavNzCExX6pA3oouKP1Wwmpvkb,dpindus33,https://x.com/dpindus33,degen_DFR346 followers
Potatoken,Potatoken,https://pump.fun/profile/FWvKFyYDhFy53PLUAs4ZL78YBjEJRAF3rkfBcaPc8XY8,Potat0ken,https://x.com/Potat0ken,Potatoken341 followers
humansquid52967,humansquid52967,https://pump.fun/profile/DLN1VCfS3ZtnXEw4kQoTRcKzqtVESHu6J1W4JifKAiJD,crypto_adem,https://x.com/crypto_adem,humansquid52967325 followers
flachinho,flachinho,https://pump.fun/profile/Ac8TaeaXvyD3N7dpibKjcRbEm8qYjPo7psgqwWhAaeoW,flachinho,https://x.com/flachinho,flachinho306 followers
Vet_Labs_Crypto,Vet_Labs_Crypto,https://pump.fun/profile/6v8KH7gSqJGush1SNjwAjVb5XzBBmjcUHgKqjb3PBcpQ,cryptoeemcron,https://x.com/cryptoeemcron,Vet_Labs_Crypto305 followers
anononchain,anononchain,https://pump.fun/profile/2xExrYLh3LENUPvvrkWeyagUFxfMC3UqpnA2bVqxmXoZ,AnonYouTrust,https://x.com/AnonYouTrust,anononchain302 followers
killerd,killerd,https://pump.fun/profile/HXxvMubVFYFSmiVZpaGNJiz7SGTmKPvqsws9eq4qGJDc,Newworldnewsd,https://x.com/Newworldnewsd,killerd267 followers
MrIDontSell,MrIDontSell,https://pump.fun/profile/FR61Qpf4QyBrvM4UkDbnSAD6WFTksZBKgSo3NE8eXYnD,joshkelly97,https://x.com/joshkelly97,MrIDontSell262 followers
benjamminoshi,benjamminoshi,https://pump.fun/profile/8Enzd7kbqUzwdVcV1dFvoefaud5g7Lg61RsWX9xdrH1g,Sutty_cliff,https://x.com/Sutty_cliff,benjamminoshi262 followers
CryptoCavallino,CryptoCavallino,https://pump.fun/profile/E5UsaLnxiF7zgUCSTuw4HiFERFzFPk69eTr1MQE9nG2k,CryptoCavallino,https://x.com/CryptoCavallino,CryptoCavallino256 followers
craksy,craksy,https://pump.fun/profile/8w13dqaMfMmGCfKBf1cuw7bSL3ojrGP5C28jTgYAecbi,craksytrader,https://x.com/craksytrader,craksy259 followers
fable_7887,fable_7887,https://pump.fun/profile/F77gU9m4ooxJXgKtnqaonAic4uzoCea6k1S27LGtHxtu,fable_7887,https://x.com/fable_7887,fable_7887192 followers
yeti_j,yeti_j,https://pump.fun/profile/CEhXie1UcSDezZBEQu4ZkzSphbr3kVSRcEpo2vkSLeY,Yeti_J_,https://x.com/Yeti_J_,yeti_j189 followers
Xav99x,Xav99x,https://pump.fun/profile/Ds4SNt8tBu6JHfhbFJSb9bZdBvNzuzFz1VEpTzZhyRn5,Xavvv08,https://x.com/Xavvv08,Xav99x173 followers
Twinxx,Twinxx,https://pump.fun/profile/3XVUMiwxMqraBsBCVaM1TChbsBhXMjjVp6FjhDErHzkX,txtintt,https://x.com/txtintt,Twinxx174 followers
Wiretappp,Wiretappp,https://pump.fun/profile/AuxGoTD71MMY6NSTZFrEJ95fkhRn2DGEZgEuZuF5ovBH,wiretappp,https://x.com/wiretappp,Wiretappp160 followers
ShesWatching,ShesWatching,https://pump.fun/profile/BC1JytGPfwRDDcpwY8FeR3P1YjB37sbeeUo3T2eS5s8X,thatnightowls,https://x.com/thatnightowls,ShesWatching137 followers
ethennow,ethennow,https://pump.fun/profile/Cvmo9SmWvBabC6ssW5uwThNKWipYJ6UUycBf4dibdQ97,ethen187,https://x.com/ethen187,ethennow137 followers
S3LFMADE_,S3LFMADE_,https://pump.fun/profile/5dKQyrMQzWLm3jUewWtUgJeEQUd8cv5Mn4cTWxJ5bf9z,PiciTheCat,https://x.com/PiciTheCat,S3LFMADE_132 followers
anjsdnlaksmdkln,anjsdnlaksmdkln,https://pump.fun/profile/3LqqQtjR9F7BJfvAAzHixJhCKHpNVxuRoRnanRdJ1pTS,Manicdyor,https://x.com/Manicdyor,anjsdnlaksmdkln131 followers
vibesealdrugged,vibesealdrugged,https://pump.fun/profile/ADXBUVzQgfg2YFhKdnK8T8NMBVvVTxK3p3PhTa5yKkka,sten_danie23594,https://x.com/sten_danie23594,vibesealdrugged128 followers
Wheny510,Wheny510,https://pump.fun/profile/DUDrgSUqrAdWiX25RV43kFNSAhaDKWAfu3pp8HPCTmp5,ClientLabsIO,https://x.com/ClientLabsIO,Wheny510110 followers
imsambba,imsambba,https://pump.fun/profile/BHLG85Nb1B8UDbofPbxv71qUTM1nbPTPoCA4DmBJbcvg,imsambba,https://x.com/imsambba,imsambba98 followers
mememillionair8,mememillionair8,https://pump.fun/profile/5YV9BAxBd78w1dmEhW41zfdsTitoPbMhZ2AXQiiGZpV3,Memebillionair8,https://x.com/Memebillionair8,mememillionair891 followers
RippleEffect,RippleEffect,https://pump.fun/profile/KcaJ2ZWdwESzVcMqhsEiE212m66WB1C12kBSbPpNFmb,ShockwaveAx,https://x.com/ShockwaveAx,RippleEffect87 followers
fuzZ136,fuzZ136,https://pump.fun/profile/A7K7doXf75Rws2oBipXGBWhHJjKdhYFZeyuFGU74jtKk,doctorscalls,https://x.com/doctorscalls,fuzZ13687 followers
misterblast,misterblast,https://pump.fun/profile/E8JD544Y2ixkSzXm8EffTjvYxyc18L16N3C1dSUT5vze,otb_blast,https://x.com/otb_blast,misterblast82 followers
mufasacapital,mufasacapital,https://pump.fun/profile/F3KS18UyKMGxpvLaNEXvyayMbAftPW8Fan3tfA1gsBVj,Mufasaterritory,https://x.com/Mufasaterritory,mufasacapital53 followers
svmtechxyz,svmtechxyz,https://pump.fun/profile/svmFTZjPQVjni5R4RLuGoacmCYSTdTSWshro4QmB4Zt,svmacc,https://x.com/svmacc,svmtechxyz50 followers
yondoe,yondoe,https://pump.fun/profile/EsDddBFSffupSus3WbN4MKC9beux94s6dxbyerSGr8Hz,jondirkes,https://x.com/jondirkes,yondoe44 followers
poogazz,poogazz,https://pump.fun/profile/2uFDRXNnsXsRCJeDp2mXsE54QRHs4w1khpNQtQqezzn4,poogazeth,https://x.com/poogazeth,poogazz29 followers
1soldreamer,1soldreamer,https://pump.fun/profile/6QJvFBH7G6fhbVJN9xHhoDWcATfACzzsUcY2Z72pPSAZ,1SOLmeme,https://x.com/1SOLmeme,1soldreamer17 followers
CryptoPizzaGirl,CryptoPizzaGirl,https://pump.fun/profile/5hQLovemWNsHzNpAtKVprGkgAfjaDVkGuYxgWGPzNvd4,cryptopizzagirl,https://x.com/cryptopizzagirl,CryptoPizzaGirl550 followers
nftownedyt,nftownedyt,https://pump.fun/profile/EbvBPa8VPGy1ZuUjk8txAS38cwBASscQqrYJJ8hv586r,nftowned,https://x.com/nftowned,nftownedyt272 followers
brokeboysal,brokeboysal,https://pump.fun/profile/2uPMf5vZmvRB8PfE8tiat56gchrpzoKbPzaadVmFKJo2,saldadegen,https://x.com/saldadegen,brokeboysal132 followers
Matsu,Matsu,https://pump.fun/profile/9f5ywdCDA4QhSktBomozpHmZfSLqS6J9VqCrRehYWh1p,matsu_sol67,https://x.com/matsu_sol67,"Matsu1,327 followers"
mashlands,mashlands,https://pump.fun/profile/C8XfXrChczdqWcEpByKiHj15gSyFpscSGAGN1a6EQdA1,themashlands,https://x.com/themashlands,mashlands676 followers
Mooshh,Mooshh,https://pump.fun/profile/DKajzPDrVsrYMgykXGjvBixDx2mPieVXpW22kdszkZeJ,MooshOnChain,https://x.com/MooshOnChain,Mooshh10 followers
ShakespeareX,ShakespeareX,https://pump.fun/profile/9ncm3MfxC3b2HYxP8NrijRZSeE36vFfxgJvGRd16Buwi,prottlegang11,https://x.com/prottlegang11,ShakespeareX973 followers
apingcowboy,apingcowboy,https://pump.fun/profile/sT64N1kh6eYzgLDBmpetWbeL2LhMZMMfhwQ3pAFRvkZ,ApingCowboy,https://x.com/ApingCowboy,apingcowboy456 followers
lyftical1,lyftical1,https://pump.fun/profile/2hN82SXLUffhG3vxpezRmae1sGrCBMqHHBDxjmjpagqk,lyftical,https://x.com/lyftical,lyftical1385 followers
imthebetman,imthebetman,https://pump.fun/profile/BoYHJoKntk3pjkaV8qFojEonSPWmWMfQocZTwDd1bcGG,ImTheBetman,https://x.com/ImTheBetman,imthebetman385 followers
elchefdesolana,elchefdesolana,https://pump.fun/profile/EEo6zAuw8UuiRPf9kiyuhioWVzo4KxNj1SanewsSUBEp,elchefdesol,https://x.com/elchefdesol,elchefdesolana307 followers
brandentrades,brandentrades,https://pump.fun/profile/BvcuV2gptvrpXyfEyYBy9WHnSJvkwErVZkCrxoP9KVBA,branden_nikko,https://x.com/branden_nikko,brandentrades294 followers
DAGACHI1,DAGACHI1,https://pump.fun/profile/3WceT9tbWByi16K7xNn5CBpwwzGcZ6bXAM21JPF6bXZJ,sir_dagachi,https://x.com/sir_dagachi,DAGACHI1254 followers
CulturedApe,CulturedApe,https://pump.fun/profile/9TpVvb8doVcByrgvyyeZLcRcskjx8X3kYhKborHiEyTR,CulturedApeX,https://x.com/CulturedApeX,CulturedApe250 followers
ness0x,ness0x,https://pump.fun/profile/ARkF4YBCHBnnqWi1wd1bvjQPt5L5FJCqQpjEe2bpb7jC,Ness0x,https://x.com/Ness0x,ness0x249 followers
smackwoods,smackwoods,https://pump.fun/profile/2PAF7oq3cre9adKEiJzeKywrTCnd6vruNevRWPU1ss6E,Toneloco00,https://x.com/Toneloco00,smackwoods201 followers
devoffabean,devoffabean,https://pump.fun/profile/J5y2adb3KdwwHL5xUaid6p35cHuhYfq6jQ7EiZdHpLb7,OffaBean_Sol,https://x.com/OffaBean_Sol,devoffabean200 followers
Cryptoprofit928,Cryptoprofit928,https://pump.fun/profile/FemUxXyMbpsb2fYvEBc26cSqjKxXa2sfURVEKJVA5Tyv,shottagaddafi76,https://x.com/shottagaddafi76,Cryptoprofit928169 followers
RugDodger,RugDodger,https://pump.fun/profile/DEFBdDNKgoGvu2gZWu8TT3UXZxPHBuSYs9AP5jT9V1W3,RugDodger,https://x.com/RugDodger,RugDodger159 followers
AURA_XO,AURA_XO,https://pump.fun/profile/FH2xKHKKCYXvyvChcTj8SJGUqfGFKsbkCe6w6WW7nVAU,TODARKX,https://x.com/TODARKX,AURA_XO90 followers
CryptoChick,CryptoChick,https://pump.fun/profile/8FdPC7nbQYrCwbPQhapm46eJkA9529133sgSCbgTbRo,CryptoChick22,https://x.com/CryptoChick22,CryptoChick79 followers
YESCHUD,YESCHUD,https://pump.fun/profile/FpwGtPro7RXTKLR9mnRnUJLVhr7bPvoAwmcUkPyrdSam,USDCHUD,https://x.com/USDCHUD,YESCHUD76 followers
atomic15x,atomic15x,https://pump.fun/profile/BLw4fXAc9P7NYhnRH9GyccXKUmvpUSiqc67BGbanxcDp,atomic15x,https://x.com/atomic15x,atomic15x76 followers
RealBitcoinBob,RealBitcoinBob,https://pump.fun/profile/2L1Eeih1uDmS9aPwb73w3tA1E7vvSBPLUKn91cN4fM3X,RealBitcoinBob,https://x.com/RealBitcoinBob,RealBitcoinBob54 followers
Doziaz,Doziaz,https://pump.fun/profile/4ggWwhoaJWnvUkEvU9PkagZioW7FhQ4qnxwb2RYLhYUN,Doziaz,https://x.com/Doziaz,Doziaz47 followers
Georman,Georman,https://pump.fun/profile/64A8BzqTyWxpEndktP27QN5aL5avtRasj28MMGaZbBNC,GeormanZ,https://x.com/GeormanZ,Georman60 followers
Chris_isj,Chris_isj,https://pump.fun/profile/HSYpXKfwh5bdddy7ktKRwrxDNdLdQFZsFFUZRYVJNUJA,Chris_isj,https://x.com/Chris_isj,Chris_isj67 followers
itsmigglsol,itsmigglsol,https://pump.fun/profile/2omVC16AduiQQZn36yF5pwZtRJ7UQrtmuiriEpD5YTir,miggl_sol,https://x.com/miggl_sol,"itsmigglsol1,573 followers"
kingrusso_,kingrusso_,https://pump.fun/profile/8wQvYq6nU1mTguJkMERrzqyrgtzApRQiUjUDkpuN5Mzm,DaveDropsGems,https://x.com/DaveDropsGems,kingrusso_567 followers
bigjoel,bigjoel,https://pump.fun/profile/HGR7m7TmMayk8dKiFVScqt7waVPqUHqiKUSvPy2wp9sh,jozzzeey,https://x.com/jozzzeey,bigjoel549 followers
Wolfie_On_Sol,Wolfie_On_Sol,https://pump.fun/profile/EsWPRA4dhxJ7eQmmt3Ti7J2sNk9E6y3KibCVw7DpYEpz,WolfieOnSol,https://x.com/WolfieOnSol,Wolfie_On_Sol448 followers
_laseasy,_laseasy,https://pump.fun/profile/8xyS3rGV2q3dF3xCQ4tuFvrVWTezDdSBgvqYKX56qbx7,_laseasy,https://x.com/_laseasy,_laseasy402 followers
Th1nkStr8_,Th1nkStr8_,https://pump.fun/profile/9B3R9F54rtugc1QoFa8o3z8uUCnxcTTAJqnkF6mRkf8b,th1nkstr8,https://x.com/th1nkstr8,Th1nkStr8_314 followers
crypstersol,crypstersol,https://pump.fun/profile/Gttpu2R29BQUmmZn1nS6KgLms1yT9NUekXdzzmXtjiSA,CrypsterTrades,https://x.com/CrypsterTrades,crypstersol187 followers
mcapital1206,mcapital1206,https://pump.fun/profile/8H7xk5u5g1gvt23kaevtkAoffKHNywsfnLpCMAQMZZ8u,MCapital1206,https://x.com/MCapital1206,mcapital1206167 followers
lukefrostdev,lukefrostdev,https://pump.fun/profile/4L5zz8nrg7RRNGhicNZVYY2tiMeXZdXyV4titeyNt36p,LukeFrostqx,https://x.com/LukeFrostqx,lukefrostdev161 followers
Kuryakin,Kuryakin,https://pump.fun/profile/A9CPxHEV4pam8q596VgKrxJfAaTVfidfrV2tDSvywAuG,_Kuryakin,https://x.com/_Kuryakin,Kuryakin147 followers
Mihawksol,Mihawksol,https://pump.fun/profile/ETsoDsZsHVbgQmF8qSt8GMQy9TfxsFS5EduEG8us4gpR,mihawksol,https://x.com/mihawksol,Mihawksol136 followers
ZeroToHeroMF,ZeroToHeroMF,https://pump.fun/profile/2mY4x8baTTPQpiVDdQQyfVCssfQB91iQvh4Fqniqtesq,ZeroToHeroMF,https://x.com/ZeroToHeroMF,ZeroToHeroMF135 followers
MasonJimmy,MasonJimmy,https://pump.fun/profile/DJAjDD5jeqvn4Dcca6xb3VJyN5Es55dB2viw3ULs15Lj,masonjimmyy,https://x.com/masonjimmyy,MasonJimmy90 followers
straightozero,straightozero,https://pump.fun/profile/2rbWkWZmT5iVD9X4DgWEdkfpPzupnpGYQACU1K81whbU,straightozero,https://x.com/straightozero,straightozero14 followers
sigmafishweaken,sigmafishweaken,https://pump.fun/profile/ENTQj6oYkvR2Ghn3HC7aMbqazJwmkyYhjbWQWbH7GmuR,buqsl13694994,https://x.com/buqsl13694994,sigmafishweaken115 followers
IAmMoon,IAmMoon,https://pump.fun/profile/8SagSQNk734JeVALyqdUBp1cy334HoYc2FUH91NLJfTZ,MoonCall,https://x.com/MoonCall,IAmMoon108 followers
shaun_69370,shaun_69370,https://pump.fun/profile/BnytisSHCagY5LKM69TsZ8hiXywJYcuKk4mLrpoYu6zg,chopp3r69,https://x.com/chopp3r69,shaun_6937050 followers
Jebson,Jebson,https://pump.fun/profile/C5T2HYd1798og3xSRsZsAdNZ489Fa4ZJX7mHE7hyHUvs,jebson52,https://x.com/jebson52,Jebson315 followers
PoorSasuke,PoorSasuke,https://pump.fun/profile/G8S27JH37R5so3cYkftgSBTta8VFTXAebCekvAdQRBnY,Poor_Sasuke,https://x.com/Poor_Sasuke,PoorSasuke263 followers
brian_degens,brian_degens,https://pump.fun/profile/7pDhG6NqfzQzw5KvtGXJbVRUh4iTBgYAn68BSKjdMNC1,Brian_Degens,https://x.com/Brian_Degens,brian_degens170 followers
Zeram,Zeram,https://pump.fun/profile/4mZnQhhjMhsnUeuuYAd2GWAbTVe8L5rVvenzsjE6jBxu,zeramzi,https://x.com/zeramzi,Zeram112 followers
karplrd,karplrd,https://pump.fun/profile/Be2JeHTCiEHAGp3HXL7jcKiTdyF7xcJ9VZJYdecnSHxZ,KarpLrd,https://x.com/KarpLrd,karplrd39 followers
evqd3,evqd3,https://pump.fun/profile/FLGW5etibcTAwvj3aS5HGqqjwXgJ2tNRdSjibPaUrj84,evqd3,https://x.com/evqd3,evqd3144 followers
mrbigbag04,mrbigbag04,https://pump.fun/profile/dEGjeJ5XPY27YowcMQi67Tv8cvfWrfEVTVB1qFBaZ9W,mr_bigbag,https://x.com/mr_bigbag,mrbigbag04184 followers
Titanradio,Titanradio,https://pump.fun/profile/5hJfeWQv6us5HcbacZSWwK5mBsztz1JKXn4Ti3EDfqZs,Web3lfgg,https://x.com/Web3lfgg,Titanradio486 followers
Zelysian,Zelysian,https://pump.fun/profile/BuYFCrKHPwd6hJSGQQo5Jm87ZAkKvM4nDbKqBjHS3jGj,ZelY2K,https://x.com/ZelY2K,Zelysian153 followers
dfq,dfq,https://pump.fun/profile/GVpGvGTo1E4W4mnZyVEr19qJ2gw84NA53UaRnHZbsQdR,mranorld93,https://x.com/mranorld93,dfq33 followers
moonersolx,moonersolx,https://pump.fun/profile/H3F8MN9YWZUDf7mjDy4bkvbia6SwdBwMKTEuU4nFKWLA,moonersolX,https://x.com/moonersolX,moonersolx102 followers
stackp,stackp,https://pump.fun/profile/FwjYcbfktK8PC2bzCrqxR6QkUPxmHFbcFGNrz3YAV7ft,stackppr,https://x.com/stackppr,stackp268 followers
_bill_,_bill_,https://pump.fun/profile/FHg8gnrvbhuDkg67cSLgRVnFm1Za8uXhmz53c2dVUCPy,closedtowork,https://x.com/closedtowork,_bill_209 followers
Kendryskj,Kendryskj,https://pump.fun/profile/FCmpkGaSFUs1wzabknVcpgBNwWjB8c2nB37DmbrE3uqR,Places2026,https://x.com/Places2026,Kendryskj69 followers
BaapMeester,BaapMeester,https://pump.fun/profile/BMUKc7e2PcWKm6gwLt94PqZ5LYbJM2XFndvjY9w7BSXA,Willemschaap125,https://x.com/Willemschaap125,BaapMeester39 followers
htm151,htm151,https://pump.fun/profile/HTM87R4mgjDdiF6Yfn8duK9vbDmZxiPCTRbGvm7eCAJY,WantedIntel,https://x.com/WantedIntel,"htm1511,546 followers"
kryptonicman,kryptonicman,https://pump.fun/profile/75HPJgTte5iynyTUhAJwLKoBYE6AfAo57yjU3S5mAVtR,KryptonicMan,https://x.com/KryptonicMan,kryptonicman788 followers
brycx,brycx,https://pump.fun/profile/2SEHZgVV4qSyn2DnKZzY6WBACrxztunufZ8LSfMLZuFc,brycxfn,https://x.com/brycxfn,brycx549 followers
aarondev,aarondev,https://pump.fun/profile/JDinyFkV22Ucj3L1fMx1XUK7o67oWX6MuB1W4z88j7RV,Wembycoing2i,https://x.com/Wembycoing2i,aarondev502 followers
darknova0,darknova0,https://pump.fun/profile/Ecmx2NkH9GeNBHk5rfU1mv5UUrZjJa92ULR5roNRYe8W,Darknova_2023,https://x.com/Darknova_2023,darknova0415 followers
clevr,clevr,https://pump.fun/profile/Ejq5RsN4a26ZEnNvfwxG1JN1qeQbKiqYh6JdwT7fMTNh,RickyVee_,https://x.com/RickyVee_,clevr343 followers
cryptorookie00,cryptorookie00,https://pump.fun/profile/Ck5qvw2BKWn9CbPExG7TP9hzhuUAqu3Xe8h3g18faCmm,CryptoRookiee00,https://x.com/CryptoRookiee00,cryptorookie00197 followers
sherrsup,sherrsup,https://pump.fun/profile/AukHiBFfmfbT828546n5r9BQeVki5Ttw7V3BSvsuVQ38,sherrysupremee,https://x.com/sherrysupremee,sherrsup190 followers
Crippledguyonx,Crippledguyonx,https://pump.fun/profile/4HitX649nseAFoaRCbXvY6xNVH4Vexg76JqVBKW1vBnk,Tehzuh,https://x.com/Tehzuh,Crippledguyonx154 followers
stallion_ceo,stallion_ceo,https://pump.fun/profile/FhySYH6qssFKFgFbu8EeSFKAgYXWcQYev3BhAzhpbbtn,STALLIONKOLS,https://x.com/STALLIONKOLS,stallion_ceo89 followers
Perk_Trades,Perk_Trades,https://pump.fun/profile/4qNczeBdwswiStsyEgbHSR1fytzX8fWCubrVYqxTYHTy,PerkDrums,https://x.com/PerkDrums,Perk_Trades86 followers
dudeass,dudeass,https://pump.fun/profile/H1BakXWm6LSuiAMPeTsk8kxQ88U1Y83sR8KLkV3zrsqz,eternaladvisary,https://x.com/eternaladvisary,dudeass84 followers
Limpsanity,Limpsanity,https://pump.fun/profile/DYLr5vu4zCUik9ixdVvQLsPCfBFJx3sMdr8wMXBUTj6g,limpdeo,https://x.com/limpdeo,Limpsanity64 followers
AvaDesireX,AvaDesireX,https://pump.fun/profile/JTqyG7uinpDVzQ74ejMXy7Zsm75RZZko5K87JdH3ZNq,AvaDesireX,https://x.com/AvaDesireX,AvaDesireX18 followers
FeelGood555,FeelGood555,https://pump.fun/profile/EB5TdQMe51JUabPdQoR9JNB4TRop2dLdfkArK4Mp9JR5,TTT05385,https://x.com/TTT05385,FeelGood55510 followers
cryptorookieeee,cryptorookieeee,https://pump.fun/profile/3stsZ5mnHeNyAbPTUjzr6LgzUQ1wHAzKVYEqnN1WELS4,CryptoRookie00,https://x.com/CryptoRookie00,cryptorookieeee2 followers
teezee,teezee,https://pump.fun/profile/DVv4B2KKdkx84zpk8viAf6qo9c57pNPwg8wf4VMnj8Ly,0xtuzi,https://x.com/0xtuzi,teezee363 followers
killedmyselfeth,killedmyselfeth,https://pump.fun/profile/HXpywgEwpxzUxBaM71GPRXMrhKK18jG2AxUYXACFcv8y,killedmyselfeth,https://x.com/killedmyselfeth,killedmyselfeth144 followers
tender_6db9f85f,tender_6db9f85f,https://pump.fun/profile/FgCteMk5NCERqR4u2RWjfZ9SPA5kpw2yGnsPYMUQ8zyA,TendersAlt,https://x.com/TendersAlt,tender_6db9f85f93 followers
anon232323,anon232323,https://pump.fun/profile/8dejxdCE1gT3cTch2V4W6ct1Bq8HXSuiBcgoifEMTHhk,FireDoji,https://x.com/FireDoji,anon23232359 followers
BlackDuval_,BlackDuval_,https://pump.fun/profile/Fif4GyrzKCCYVLUxt8PfLwQpdExFrvsbg2N5ZixpUsSY,BlackDuval_,https://x.com/BlackDuval_,BlackDuval_59 followers
cdev,cdev,https://pump.fun/profile/3yW2SeKa3kWuot9GfnkaNm5ErWuEKTHktA6eNZPYBZE1,cd333v,https://x.com/cd333v,cdev38 followers
NeverFadeG,NeverFadeG,https://pump.fun/profile/5LWMaeh4rhnu92fnbB3hXsJH4QEZioBjeTegbQ5cqw8b,NeverFadeG,https://x.com/NeverFadeG,NeverFadeG528 followers
ika_xbt,ika_xbt,https://pump.fun/profile/5JtTq7UXFpEJ3Je13AQVvZrxQMo44LrG54dmSHR2mpCJ,ika_xbt,https://x.com/ika_xbt,ika_xbt189 followers
Moezmic,Moezmic,https://pump.fun/profile/BNViKxmXDoEs4heJB2S9fC6fRaQ4dbd3fe3wtsnhfgTR,Moezmic,https://x.com/Moezmic,Moezmic107 followers
nichxbt,nichxbt,https://pump.fun/profile/3yYRx2G9kqvyz2pZq8Xpe8KDhWALJBqwMVjAt1x6PvFG,nichxbt,https://x.com/nichxbt,nichxbt67 followers
fxnction,fxnction,https://pump.fun/profile/D1EmSxfWzhg6viPABo4bA2m3RNZx4rKCnEnXFGQYSeaW,fxnction,https://x.com/fxnction,fxnction61 followers
MobyGainz,MobyGainz,https://pump.fun/profile/5hzn28KNzmy7PEeAiY2iuXAFHSnTW8m8PrYn9QuTZMHL,mobygains_,https://x.com/mobygains_,MobyGainz24 followers
poetQv,poetQv,https://pump.fun/profile/DPHgMJPRP6iUtdTwvjUJm6b5MaWqWQHPH9P5gLsTYUkm,poetQv,https://x.com/poetQv,poetQv406 followers
OpulonX,OpulonX,https://pump.fun/profile/9kX4uYssAVV9kTn2yc6fxp4GMTJyZhbrSmJNEDy9BMDz,OpulonX,https://x.com/OpulonX,OpulonX193 followers
Yaboynoodles,Yaboynoodles,https://pump.fun/profile/AjChNzb239fssi3E4N13BuAF4pZQSqxrGZXASppJYf4,Yaboynoodles1,https://x.com/Yaboynoodles1,Yaboynoodles172 followers
steveohuncho,steveohuncho,https://pump.fun/profile/9LSdenPHGCRkvXhFtkJdHyi5DdbuMk2QARJnjecMGr5Q,steveohuncho_,https://x.com/steveohuncho_,steveohuncho161 followers
Farmed_9,Farmed_9,https://pump.fun/profile/9kVvhSHR4yzQjPEJ7hRwczgfSFC1isYgd9psZ1SoAX8i,Farmed_9,https://x.com/Farmed_9,Farmed_9149 followers
defifarah,defifarah,https://pump.fun/profile/448fuuCVXEVKr5pVFkC56Dt7iwREMgbHdjS8ibaG1cvB,Defifarah,https://x.com/Defifarah,defifarah80 followers
E_Roc8,E_Roc8,https://pump.fun/profile/9y5Tq8kWXSS2Rfe3t9CVtYL98V9LWkt5ByjyVwsiheU2,E_Roc8,https://x.com/E_Roc8,E_Roc870 followers
scissorhands,scissorhands,https://pump.fun/profile/FSNh42F5hpFjYF1tF3s4XHiCvqx7hsyzqhUDAMSWTLbt,zoomermemeog,https://x.com/zoomermemeog,scissorhands62 followers
Xadixy,Xadixy,https://pump.fun/profile/8ZJ7dtTqxZRAHrZijjb7GPPaB263zjUsi4iFSYoqojkZ,xadixyy,https://x.com/xadixyy,Xadixy60 followers
mightyxbt,mightyxbt,https://pump.fun/profile/56YkYFqYf3X5Xq6LAUbftzXmotNXbMTGGihTFWy3jUvH,MightyXbt_,https://x.com/MightyXbt_,mightyxbt51 followers
krypto2009,krypto2009,https://pump.fun/profile/6ckJhZjXmLqMLDSzAg62ZPtJMS9LbS1MmBvCpMzuW4HA,krypto2009,https://x.com/krypto2009,krypto200930 followers
chudthebuilder,chudthebuilder,https://pump.fun/profile/9DQuo6vxPBy3wA5vCaWtEMNrVDPwcoWMdAyFgbYc155i,ChudTheBuilder,https://x.com/ChudTheBuilder,"chudthebuilder1,727 followers"
taitsgambles,taitsgambles,https://pump.fun/profile/taitdNAmD93thAQpbERAUpwTaRmmucbJSzDbkVPmdLG,taitsgambles,https://x.com/taitsgambles,taitsgambles53 followers
spyda,spyda,https://pump.fun/profile/AN4Zpq8pFGps95TZ7dRYM1oFTB3aJQQg6xe53CC5R6iB,SPYDA000,https://x.com/SPYDA000,spyda65 followers
Lucid_X,Lucid_X,https://pump.fun/profile/9vfGQoss8Z8FHW1xXm2Egc9oxFiaEPDg3uTA8jvsQUbY,Lucid_X__,https://x.com/Lucid_X__,Lucid_X164 followers
ITZ_BERLINx,ITZ_BERLINx,https://pump.fun/profile/HPtcboDZFUgDCDVwa1JsdaA2R6j8xToQamfN99BLq2pS,ITZ_BERLINx,https://x.com/ITZ_BERLINx,ITZ_BERLINx55 followers
nonelikeunfazed,nonelikeunfazed,https://pump.fun/profile/BoxfAfnSXXHjhu6q1CKGKf6FPmM19XR9A6nUqCoxGLJ4,nonelikeunfazed,https://x.com/nonelikeunfazed,nonelikeunfazed37 followers
ZairTheSlayer,ZairTheSlayer,https://pump.fun/profile/3sVS9vJ8CxPk95BRj2tYGPcN2t6Er1pbJrqX3gBCw6Zo,ZairTheSlayer,https://x.com/ZairTheSlayer,ZairTheSlayer413 followers
SolanaTrencher,SolanaTrencher,https://pump.fun/profile/Crt5mGB75hpMSuWKaaTbvJXHHicnph6dCD5LqheuonUt,SolTrenchCalls,https://x.com/SolTrenchCalls,SolanaTrencher336 followers
the_davey,the_davey,https://pump.fun/profile/GJyPtgukRWQNkjLrox9jDQKH2rmRKsNYc2F4oMfsFsat,the_davey,https://x.com/the_davey,the_davey282 followers
lookforentries,lookforentries,https://pump.fun/profile/5AWsRSLwD6m7EjUXeFVze2MaSQUkKRBJKwJgX5FXCxoZ,LookForEntries,https://x.com/LookForEntries,"lookforentries1,110 followers"
OnchainPeasant,OnchainPeasant,https://pump.fun/profile/EYDjJhT8tEQ2cgzNsLRp37EuMbr3iN9GUVn7475ZbCvw,OnchainPeasant,https://x.com/OnchainPeasant,OnchainPeasant757 followers
thirty300,thirty300,https://pump.fun/profile/5xpb4js5WjjT3NQaj3MFDZVy2k7VS5RHW1C1DA4PXJcQ,gaynes_g,https://x.com/gaynes_g,thirty300574 followers
connortrenches,connortrenches,https://pump.fun/profile/DkjBeKvadAtE3d8ZBvhp1AhmqBdzTM6URUUXgKKjGeQQ,connortrenches,https://x.com/connortrenches,connortrenches544 followers
cryptogag,cryptogag,https://pump.fun/profile/6ZtARb7GRo5Xr4JfYmBM5nCLjAXBExBKjyhSWJn591Rj,ImCryptoGag,https://x.com/ImCryptoGag,cryptogag493 followers
ihodlmemez,ihodlmemez,https://pump.fun/profile/7avJF9b9BxHw5N3zKE1uxnoPbB9GC9To279yL22aWzCD,ihodlmemez,https://x.com/ihodlmemez,ihodlmemez477 followers
mav3r,mav3r,https://pump.fun/profile/6wMkZUGTFtUBaMbMdgTEKyU7mFcca5U3bMaYBpbBiDrT,Maver1ckCoins,https://x.com/Maver1ckCoins,mav3r346 followers
prints_sol,prints_sol,https://pump.fun/profile/HFdG9t2ycQwnveePLVUARGL4tUA6M2X6JBHLetHEUREQ,Prints_sol,https://x.com/Prints_sol,prints_sol301 followers
Deadaluser,Deadaluser,https://pump.fun/profile/AZf4FEVzWPva3NnVH3qFN9ZqzUUzaRfDfXfEiRUzieDg,Deadaluser,https://x.com/Deadaluser,Deadaluser264 followers
tradingmannetje,tradingmannetje,https://pump.fun/profile/GJHPdtBB3HrCGkMjEHpEAg5PnoFhRJKtWRDztR5Vffm5,MetaTrader010,https://x.com/MetaTrader010,tradingmannetje259 followers
BarfingPepe,BarfingPepe,https://pump.fun/profile/5PnxcRt6U6DapLiPPCPCcdngd1qMzBNKDDVSy4GqBDMN,BarfPepe,https://x.com/BarfPepe,BarfingPepe246 followers
trollyland,trollyland,https://pump.fun/profile/HZX4n8BEH4x9CsJy6N29Mcc9fX8dKSv9CXYHLCxU2odC,bulltasticu,https://x.com/bulltasticu,trollyland157 followers
0xDeka,0xDeka,https://pump.fun/profile/Jh5SzFV6PXXEYgXHj7MBm6eiRC9QTMDetsZe2XpZUqF,0xDeka,https://x.com/0xDeka,0xDeka126 followers
Vladimir10290,Vladimir10290,https://pump.fun/profile/EmSCCNFKACZBtTrMog75we44bdyJeMsXJN8Ug3qjZkZW,Vladimir10290,https://x.com/Vladimir10290,Vladimir10290120 followers
ScottC,ScottC,https://pump.fun/profile/68gE44xXM3BPxwKAGeUgdNMSaiq7FAbjRrvW4KZnzAAM,irlpunisher,https://x.com/irlpunisher,ScottC97 followers
levigem,levigem,https://pump.fun/profile/6QhYigCTsBbGZyA8xmkPGCjxBo6n5CMexGgzoH72FYYR,levigem,https://x.com/levigem,levigem95 followers
cryptobagbae,cryptobagbae,https://pump.fun/profile/DTXhnTxYew5X7xFR3CFYRof9mU8GpDAFyzShTVAreLjb,cryptobagbae,https://x.com/cryptobagbae,cryptobagbae85 followers
LordofSolana,LordofSolana,https://pump.fun/profile/9tpLoAexRWkgJvN34d49zvgqGYvEEUDJaPKoxNmJ9z9h,Lordofsoylana,https://x.com/Lordofsoylana,LordofSolana78 followers
illmarlin46716,illmarlin46716,https://pump.fun/profile/85exWyTNBzrMCmm993fL91knvtEFMPgKRED7ygPaBvWG,Houch699,https://x.com/Houch699,illmarlin4671674 followers
ippaexdev,ippaexdev,https://pump.fun/profile/9eivXHiKpnfbxmNVGoWd52HMotmsNfyxff4nbPkoJJ4d,MarquardPienaar,https://x.com/MarquardPienaar,ippaexdev62 followers
tmncvsf,tmncvsf,https://pump.fun/profile/3QoGu7mUBssVwY2RnBgggUhqnCR4gHuiBitKRXkLSwfN,MateusGV_ecom,https://x.com/MateusGV_ecom,tmncvsf54 followers
motionalwayson,motionalwayson,https://pump.fun/profile/32z4mAab6ztC93bMUTgVT6ppTgR34apgDUSsYgxgZA4U,mikeyleo_00,https://x.com/mikeyleo_00,motionalwayson41 followers
baggyutterswoop,baggyutterswoop,https://pump.fun/profile/HppZReSU2mcfQizURL9G3c3An94nXakPL8bbWTnQxxzV,LimpovicG,https://x.com/LimpovicG,baggyutterswoop33 followers
MrPersonxo,MrPersonxo,https://pump.fun/profile/4EPVR44wD7ubsnjhG9oCCH3vTukavEFwEiVMbbh2HTZa,MrPersonxo,https://x.com/MrPersonxo,MrPersonxo33 followers
muhammednft,muhammednft,https://pump.fun/profile/7r1axwTBLzCxo27AV5QZxGBNcVc6aq6khtH3TBVTeioT,Muhammed_NFT,https://x.com/Muhammed_NFT,muhammednft27 followers
shrimpdick,shrimpdick,https://pump.fun/profile/7LuS8DjcKnUY32ddNBWbsUCVEC7xWhJRCkH6BSzNWw6o,shrimpdickpf,https://x.com/shrimpdickpf,shrimpdick21 followers
0xJelly_,0xJelly_,https://pump.fun/profile/CuYcdtvMxZmVRWYQXnWpYuZbEi4xTX2u3MwNEsjbYPWR,0xJelly_,https://x.com/0xJelly_,0xJelly_426 followers
lowercaseboot,lowercaseboot,https://pump.fun/profile/J1DnHDViDcmd2wBNKgJZj5sZUL7mX5s3qubfU4jiph7E,lowercaseboot,https://x.com/lowercaseboot,lowercaseboot159 followers
Kierian,Kierian,https://pump.fun/profile/HKXvZtNL7pUvvvVc4MUA8mk4pWc4H2MHLn8eE61aoo9e,KierianV,https://x.com/KierianV,Kierian60 followers
gabinx,gabinx,https://pump.fun/profile/Q42WkFZPRTjizbKJcRw9sM7PqxcAEydgvoMPxTmo4tA,0xgbnt,https://x.com/0xgbnt,"gabinx1,501 followers"
6metaverse,6metaverse,https://pump.fun/profile/3bKVz31otvekz6PL2gRTmDBpDJwKo2WjJEPWxTY8EGke,6metaverse,https://x.com/6metaverse,6metaverse547 followers
luckiestmax,luckiestmax,https://pump.fun/profile/2SQ5UPz3tJ9mHsnrRW9ubaH2PMqKQZrya45iBWQrkwkZ,mostluckiestmax,https://x.com/mostluckiestmax,luckiestmax467 followers
Onecallaway,Onecallaway,https://pump.fun/profile/6CGvasjrzoTwDCwqzjJmFwjQcvMoTopRaxj5PKQcDkio,EtronixNFT,https://x.com/EtronixNFT,Onecallaway242 followers
ls400,ls400,https://pump.fun/profile/9grxcQdJZq6vr66s1qWeHRNvqKp42xLM6JV2vJR1xhZM,Mecksly,https://x.com/Mecksly,ls40050 followers
0_XG,0_XG,https://pump.fun/profile/E4PRJuNhfd9n3Am9oVJ2YjLQ2ErVwAfMQ7JAKxhVEdF6,iamOXG_,https://x.com/iamOXG_,0_XG13 followers
Oxxy_Base,Oxxy_Base,https://pump.fun/profile/3gVzv6TrQEu65iRQzvJkUwAF92TJQHkXB6qHwx7Js8Rg,OxxyBase,https://x.com/OxxyBase,Oxxy_Base151 followers
bazzymate,bazzymate,https://pump.fun/profile/6spfUXKher1vZHLPSYUKtHEP9DUxHDbXvSWSKM5egbdU,bazzymate,https://x.com/bazzymate,bazzymate143 followers
creatorriski,creatorriski,https://pump.fun/profile/7NVu2wttGYo6kKzfESWLPqqmxJJsUoo1tZg7VKec6ouy,N0ALPHAPANDA,https://x.com/N0ALPHAPANDA,creatorriski60 followers
Emmanuel_Macron,Emmanuel_Macron,https://pump.fun/profile/Au8YcwaTqYVJAa9t7uHHDtGzzvhNu8mjutaDd7Gbbqe1,Its_me_Saul_,https://x.com/Its_me_Saul_,Emmanuel_Macron462 followers
YiIimasterii,YiIimasterii,https://pump.fun/profile/9nLmTTeaqPc7QBUwuTcrXocD9tqHgbFwP9pv2MydzYVc,YiIimasterii,https://x.com/YiIimasterii,YiIimasterii121 followers
AbsoluteDegen,AbsoluteDegen,https://pump.fun/profile/hva764H2r33kw3jHZ8AdKn3k7gujzBc6fKgN9ZPGnfE,MemeDadSOL,https://x.com/MemeDadSOL,AbsoluteDegen222 followers
wuhanbatdev,wuhanbatdev,https://pump.fun/profile/EK8zvxGiBhd5NLkAphp525psnx39YQo7QPS3PvTK8DnZ,wuhanbat,https://x.com/wuhanbat,wuhanbatdev187 followers
WEEZYY3,WEEZYY3,https://pump.fun/profile/9ntFG1hgb4EYNr7Tj7v8fkgpNf1ETvV7d9n2gFRizHMG,NotEZbeinWEEZY3,https://x.com/NotEZbeinWEEZY3,WEEZYY3123 followers
slownarwhal0671,slownarwhal0671,https://pump.fun/profile/FgZzZGhBPBSfQTFz6nBSSeNBwUbANgqUynGQ3YeAFPZa,psychojeyo,https://x.com/psychojeyo,slownarwhal067174 followers
Pukulkanan,Pukulkanan,https://pump.fun/profile/uQnkw4dhmLm7Rb262pdiafEYK3je53nPuuvXXtgMTLa,JendLiang40018,https://x.com/JendLiang40018,Pukulkanan18 followers
kirsanius,kirsanius,https://pump.fun/profile/HqdyUBnA9JcwhyDMQyK8tZy5jRjJpZd4Y6aoxq5nfE8B,kirsanlil,https://x.com/kirsanlil,kirsanius227 followers
19xbt,19xbt,https://pump.fun/profile/LxBW4Pi34UGuxvQdwNKAtpuFVEGa3pPbYPZpuw92mk1,19xbt,https://x.com/19xbt,19xbt27 followers
koka7,koka7,https://pump.fun/profile/EPASy7ECyT4iBjA9ZzERcrvde5babjhM8FyK6ge7k3eg,nicolacars21,https://x.com/nicolacars21,"koka71,103 followers"
boldmarlinimpla,boldmarlinimpla,https://pump.fun/profile/3ecSCM8fMwVpwrZsUbixDJszcmnmPBA3C2yVBu7VsNbV,LibzDEV,https://x.com/LibzDEV,"boldmarlinimpla1,051 followers"
atlasleon70,atlasleon70,https://pump.fun/profile/6eMq2uccJosFKcsZgRsH4fb1L5g2ew7M5zjDpkzxGFtn,Azbak70,https://x.com/Azbak70,atlasleon70641 followers
chipperchi,chipperchi,https://pump.fun/profile/FPL9mk37e4fUNHPfw88MoH2s3NuSLUnSLF77UHZXc5fQ,ChipperChi,https://x.com/ChipperChi,chipperchi529 followers
ilovecrypto777,ilovecrypto777,https://pump.fun/profile/3afxNUVAvd9dqWy87qPVb36fBuzbWaKjMDSr9qrrXJQ4,crypticworld7,https://x.com/crypticworld7,ilovecrypto777370 followers
freshrick,freshrick,https://pump.fun/profile/7Vd9x8t5HFTZ6qu5bA4qhpE95U26V3s4VPGLsfWKivtB,PlantDaddyRick,https://x.com/PlantDaddyRick,freshrick219 followers
Gojo_sol,Gojo_sol,https://pump.fun/profile/4TcfEvd9LWGMxKxBzefax16Pytqd4TrTL3HyMzJt69Sq,Gojo_soIx,https://x.com/Gojo_soIx,Gojo_sol108 followers
notretardio,notretardio,https://pump.fun/profile/5tdt8YLW6wJYNFZt5yf8PBYECJzByKV443YfX237Kv3r,notretardi0,https://x.com/notretardi0,notretardio90 followers
MATT06,MATT06,https://pump.fun/profile/3zUdUeq7Pe7aPF3bZYzH7cnNMU8pK89GfdRtdj9goot8,Mathieuderoos,https://x.com/Mathieuderoos,MATT06497 followers
DEADpresiduntz,DEADpresiduntz,https://pump.fun/profile/6oWM3yq5ggTTCdhG6dYR55JRifWYWzBynZdEGSCfphDF,DEADPresiduntz,https://x.com/DEADPresiduntz,DEADpresiduntz457 followers
Highest_IQ_Dev,Highest_IQ_Dev,https://pump.fun/profile/9bRXg6zNYB5uW1JEZdbpKBVZLQRyRDXNnB5Ugi1nLQm7,yhbryankimiq,https://x.com/yhbryankimiq,Highest_IQ_Dev340 followers
SteveEvergreen,SteveEvergreen,https://pump.fun/profile/Czrv7mKM7eXehfzVNxzWG4Z7nwGmC7rFRd75RnkrMdsJ,Dogeevergreen,https://x.com/Dogeevergreen,SteveEvergreen171 followers
xfadev,xfadev,https://pump.fun/profile/GQPKqpfEm3SmqGVJCyFjd5icjyFuBSD84EbaUzky2ksi,idrawnine,https://x.com/idrawnine,xfadev140 followers
kingorange,kingorange,https://pump.fun/profile/2xthDUYWkf7fogWGKHVp4QJV9N2eNHYKDeWmyBnP9zp3,_kingorange,https://x.com/_kingorange,kingorange133 followers
ansemairdrop,ansemairdrop,https://pump.fun/profile/CgXgcmarXdusq6Ux3i1DejonT5SEfhKjgJGoibvz4gAG,juanchoiceee,https://x.com/juanchoiceee,ansemairdrop40 followers
xalecta,xalecta,https://pump.fun/profile/79NYt2qWzo3DLXme9TwqN9EPLrHcZe4cWQj4bef5br3U,xalecta,https://x.com/xalecta,xalecta199 followers
TheLoreOffice,TheLoreOffice,https://pump.fun/profile/A4BzUv3tkdPpGzL8NPjd3SAt8QANEvAmavEP6ySNbAqy,TheLoreOffice,https://x.com/TheLoreOffice,TheLoreOffice982 followers
sticksandbricks,sticksandbricks,https://pump.fun/profile/mMtkhHnTLgE6fPGKSxq3BUpCRMHx1deWUMemgZLVA1Y,Sticksendbricks,https://x.com/Sticksendbricks,sticksandbricks484 followers
purppp,purppp,https://pump.fun/profile/Fmyf3Nk2ByeejZVoAN6qKSNuQ6aa37S8zzA5Y7NNmyPe,seanparker73,https://x.com/seanparker73,purppp234 followers
frostdio,frostdio,https://pump.fun/profile/7528nD2j7TVa82Y9cwtpy7c8cvYo5fSPjo5aVdEws1vn,frostdio,https://x.com/frostdio,frostdio219 followers
Threel_2k6,Threel_2k6,https://pump.fun/profile/87GSom3HRrZrx6rqohVBpytjdCF44Eo6UrVHZfoEX31r,Threell,https://x.com/Threell,Threel_2k6159 followers
0xZerosu,0xZerosu,https://pump.fun/profile/4d8c4sgB9iTTorEc1hvQ9Fp2gZ2oTnp4q2zQgvjSpfeT,0xZerosu,https://x.com/0xZerosu,0xZerosu86 followers
Cursedtradezz,Cursedtradezz,https://pump.fun/profile/6UYUhNS2Kda77kJnQ22sp8tubqNqC1R4CbrUvczEtmRi,Cursedtradez,https://x.com/Cursedtradez,Cursedtradezz77 followers
ythjtynjtfyntyn,ythjtynjtfyntyn,https://pump.fun/profile/FEcg8AjgiqpfsowETmB4TFKuydEzrFGXuoAEtD1kRDAX,philpros,https://x.com/philpros,ythjtynjtfyntyn71 followers
HarrisMars33994,HarrisMars33994,https://pump.fun/profile/BfQjVobSjRN51ziM7TZHj6Lb2MQNdqhavcdVNykLjD4Z,HarrisMars33994,https://x.com/HarrisMars33994,HarrisMars3399473 followers
Flamesonsol,Flamesonsol,https://pump.fun/profile/6aXFYXbFob1ZKAEDCcqZnX2vooA3TgEqDoy5dAQbeWoV,FlamesOnSol,https://x.com/FlamesOnSol,Flamesonsol552 followers
BatCat420,BatCat420,https://pump.fun/profile/BNQ6AMv6xEcVqEgoeHtM6pGzM1G5FcWSPq8DohHvwxRW,thelonedarkwol2,https://x.com/thelonedarkwol2,BatCat420676 followers
2uzi,2uzi,https://pump.fun/profile/GQRRpkTQv2cqcYKA16mCXoqKecea8xRvgaJZH7qMYH9A,2uzi2z,https://x.com/2uzi2z,2uzi346 followers
rell,rell,https://pump.fun/profile/BRRucahJiAn7RcoUAMxahfysFRsGWst6zKVKgoJLTrH,LRellyrell,https://x.com/LRellyrell,rell174 followers
cheeseintrench,cheeseintrench,https://pump.fun/profile/62tTLDxpaFYacYeaHxJ8jVPPeMxdYRWNEYNPx8mbSzL8,infiniteliquid_,https://x.com/infiniteliquid_,cheeseintrench166 followers
MasterOla,MasterOla,https://pump.fun/profile/Fo3Fd6PFpp953zCdpiQSrYdtsmBRQASfBAWLLqKyo28b,MasterOlaaa,https://x.com/MasterOlaaa,MasterOla38 followers
tenderseal33924,tenderseal33924,https://pump.fun/profile/CQhf9UaiyQpCzYW4GE9eeziUUQT954zBtGGDLKfRS4QE,mrpunkdoteth,https://x.com/mrpunkdoteth,"tenderseal339241,069 followers"
Snappidappi,Snappidappi,https://pump.fun/profile/4uiPtMDfw9FFEbUnw5V18Y7ECSbfRVnXCYVNooVHMw2j,KiddieCatss,https://x.com/KiddieCatss,Snappidappi751 followers
lowport_calls,lowport_calls,https://pump.fun/profile/7zGdmBpkRapRLxfgWYNAzjngp7mFJuD7AhGZ4rHmjn5L,XYZCoin_jup,https://x.com/XYZCoin_jup,lowport_calls496 followers
hodlurcoins,hodlurcoins,https://pump.fun/profile/AX7YwNdtW3WJASnH73L74VELAQrkpzXtnYpi8uSu7RwN,hodlurcoins,https://x.com/hodlurcoins,hodlurcoins454 followers
ttunaa,ttunaa,https://pump.fun/profile/MobS6L5HhVJtxpeafDgREsweWFh53xFoUeP9pgbaDSf,tuna_ix,https://x.com/tuna_ix,ttunaa455 followers
bruv24,bruv24,https://pump.fun/profile/HJrDpLcmMAkVKa5CRBiqqQxnmD2tRW7AE7YkNXTwwg68,central9dogma,https://x.com/central9dogma,bruv24109 followers
6host1k,6host1k,https://pump.fun/profile/AnbGikfzxjJd1uZfMX61UcEp1y2PxbudL4AQ6mNy7B2q,6host1k,https://x.com/6host1k,6host1k16 followers
tangfish123,tangfish123,https://pump.fun/profile/3QPmv5MvYxbqn6WTQok3GWMQZej9X2Mo79HCC35oFBp7,neosprint_sol,https://x.com/neosprint_sol,tangfish1236 followers
LeBART,LeBART,https://pump.fun/profile/CNGsnnjm4rj1eXnHBUfyadySBMQhBQ4hrfC3euRUgtRj,The_Countroom,https://x.com/The_Countroom,LeBART96 followers
just2addicted,just2addicted,https://pump.fun/profile/FrENLC2fn7GQJi5w4dqYK1fUVKmQ868u3JwwyNdBxvQM,Just2Addicted,https://x.com/Just2Addicted,just2addicted206 followers
karoblaq,karoblaq,https://pump.fun/profile/BgodezRHfFFpFNHi29dZD34qcqQiGUTPsywiS1eCJVnN,karoblaq,https://x.com/karoblaq,karoblaq227 followers
tinsi,tinsi,https://pump.fun/profile/8aD1vb1NpAXgoaDrm2ADxob4hMErEHhgV7hZ718tinsi,tinytinsi,https://x.com/tinytinsi,tinsi209 followers
josecryptokid,josecryptokid,https://pump.fun/profile/4N4mW6oEarkJSR52TwgTQVRjpkUM7tkf2qrNnkE1uaHm,Dubaicryptokid,https://x.com/Dubaicryptokid,josecryptokid90 followers
BagWorkerFin,BagWorkerFin,https://pump.fun/profile/GdJFHsziyanNLUiPowdupiUsZaBPCK9zdP2CXjGFshbc,EeviWitEuro,https://x.com/EeviWitEuro,BagWorkerFin709 followers
SanityRequired,SanityRequired,https://pump.fun/profile/BCVAqb6Wc7GP482VEZukEA8FMQd21G2CuAT2uTkYEeKr,SeanJanosec,https://x.com/SeanJanosec,SanityRequired696 followers
FIDo8020,FIDo8020,https://pump.fun/profile/HhAVdeD8BCMjZ7R3FS1rZHTbgCAKNLKqHgRgmGEyRVks,heat8023,https://x.com/heat8023,FIDo8020611 followers
regaldolphin874,regaldolphin874,https://pump.fun/profile/DQamy5yqfbp4h8KsX87WvYMg8bEVDfyfPnyximuEX77U,Donaldqnct,https://x.com/Donaldqnct,regaldolphin874541 followers
MrPossible,MrPossible,https://pump.fun/profile/Ca82c5f7UUUMmvHsvht6p8dfq8XobGeSCaLLENG2XtJn,blauerViE,https://x.com/blauerViE,MrPossible506 followers
BuddieFlowerz,BuddieFlowerz,https://pump.fun/profile/6gugkywYX8J5XCwQQXMPHHKcQQ1juMcTGa2V7gUFTTub,BuddieFlowerz,https://x.com/BuddieFlowerz,BuddieFlowerz505 followers
nostop177,nostop177,https://pump.fun/profile/99oVW2ip7GTtNraRw9jXjJBZT4ToRkVGRHf58pUZbfQw,Chayser17,https://x.com/Chayser17,nostop177492 followers
MarketCreator,MarketCreator,https://pump.fun/profile/EYpRpc2qqqenLQ8zK7uU9c5ZJeQS7dPBGiHtcbgfoGTh,mrxvolcan,https://x.com/mrxvolcan,MarketCreator476 followers
NextLevelPlay,NextLevelPlay,https://pump.fun/profile/3yk9uN2b6Y7rfLL96pzohuyvXDiPB3nJJ7Jb8toy1cfc,BaggerOn1,https://x.com/BaggerOn1,NextLevelPlay465 followers
STONER_INU_GUY,STONER_INU_GUY,https://pump.fun/profile/B1VxK7zhx9uw2VEoksJo2ECBFyWdqaJaRJXiybQT19TR,Stoner_Inu,https://x.com/Stoner_Inu,STONER_INU_GUY454 followers
langhoose,langhoose,https://pump.fun/profile/3caD4ipBSB4EWFAmQ4Yu5MaZyCBvW99wJwo5ErzRdZPB,Langhoose,https://x.com/Langhoose,langhoose431 followers
Rooh,Rooh,https://pump.fun/profile/DEV3C8K7N7TZureykwY3Wk1xgLq8uTxrAERtFdXJy7Sm,RoohFernan48738,https://x.com/RoohFernan48738,Rooh413 followers
Coastie,Coastie,https://pump.fun/profile/44Sq5iBEr3K613mnsiF47ZZGoY9KQ7gh5j5v6ysZhqk8,RektPlanet,https://x.com/RektPlanet,Coastie417 followers
dalevi,dalevi,https://pump.fun/profile/4Qkf54g58Ntpn9kSQwroUrQsqWznFT5qDeqBymuBS7v5,LeviTicus143,https://x.com/LeviTicus143,dalevi407 followers
drexitliquidity,drexitliquidity,https://pump.fun/profile/7Qt7weBMuPcWTLwg7j2JfUvLmHuEFQfrTV9JNKWnX1iu,drexitliquidity,https://x.com/drexitliquidity,drexitliquidity373 followers
mrtakeprofit2,mrtakeprofit2,https://pump.fun/profile/G9mSfaqNZLYZFo2Zw84WoD6AjvEfMVKxAV9WXowfEwiN,The_Galactic_C,https://x.com/The_Galactic_C,mrtakeprofit2328 followers
onlychrist,onlychrist,https://pump.fun/profile/vww1Ti6z5P6bz8obn3de5dY9oM9wiBDUDSHedZNxggv,OnlyChrist_,https://x.com/OnlyChrist_,onlychrist251 followers
Tera_,Tera_,https://pump.fun/profile/Fk1js5wXZLCASFBBRiSd7h872dvA7FieLpfSid12bCXr,Tera_zerok,https://x.com/Tera_zerok,Tera_241 followers
VectorVenom,VectorVenom,https://pump.fun/profile/BuiSxFN1xhkpgFUGdKXG2qLvmnb5e2GKg83ckxrrAWVS,JonathanHa25364,https://x.com/JonathanHa25364,VectorVenom226 followers
LATrenchboi69,LATrenchboi69,https://pump.fun/profile/6KxqY4F7gS5xKpgYb1XYCSufHRrs5NA5JsPuMxx7iSK9,LahTrench,https://x.com/LahTrench,LATrenchboi69205 followers
VeritasCall,VeritasCall,https://pump.fun/profile/8EmB3ZPwkHNVtd79mEkfRXAwHc9LERuuLSbpKNFvXZeX,Kino_NFA,https://x.com/Kino_NFA,VeritasCall204 followers
mrhydra,mrhydra,https://pump.fun/profile/Cgjw17X9h8aoqpoCCMieVaZyogwCrQUtGswtnFmKJKBM,mrhydrasol,https://x.com/mrhydrasol,mrhydra158 followers
chohoodoo,chohoodoo,https://pump.fun/profile/E8vbKB2RVXAiP8F5Qm8ssptmzKNJs5bxEar1c7qGEc7J,Dudufufjr,https://x.com/Dudufufjr,chohoodoo412 followers
jojotheinsider,jojotheinsider,https://pump.fun/profile/HZRWo7XAWRdM1nZ3CAYjczCuRJyoCNvE4Z9kpHfRH2Ft,Jojotheinsider,https://x.com/Jojotheinsider,jojotheinsider351 followers
allmoneygone,allmoneygone,https://pump.fun/profile/rmSKyKGQksFtP6LN8iQNbZNsxLcYs8WmjnQzk9GGhVm,JadAlaouie,https://x.com/JadAlaouie,allmoneygone63 followers
rekt_tekashi__,rekt_tekashi__,https://pump.fun/profile/C7xruLaZfzzi6F7RCZMLrQgyBmNiLLV8hoM9D95M5Kr,rekt_tekashi,https://x.com/rekt_tekashi,rekt_tekashi__177 followers
EspressoXBT,EspressoXBT,https://pump.fun/profile/J9sUEZG1PaaoQXSqX5RmBN3SvysJiUB81NRn2gvKKBR4,Coffeewifciggys,https://x.com/Coffeewifciggys,EspressoXBT134 followers
manu_212,manu_212,https://pump.fun/profile/B1uRohVwE3PiqJL58MpysoWerLVTi57NRi6zBYiQfFyb,_manu212,https://x.com/_manu212,manu_21297 followers
tomi204,tomi204,https://pump.fun/profile/9wvYALfAzhcWWCqf9CHmMRYgzSrqNGQpfYWzMWtTCsjQ,tomi204,https://x.com/tomi204,tomi20419 followers
AliFuntua,AliFuntua,https://pump.fun/profile/F5d8e2HKKBWEY7rsXg3Ncn7Vn5yLWb1zWHKYhLaSXwNE,alyabu85,https://x.com/alyabu85,AliFuntua21 followers
PickleTradez,PickleTradez,https://pump.fun/profile/2YNQMSGsX7da6poCkTpi1Kpv5QSHkJYk74rqUoLFVhF5,NickSheffield14,https://x.com/NickSheffield14,PickleTradez373 followers
cloudoffchain,cloudoffchain,https://pump.fun/profile/CE9RkkG9XVLBVTpUwi2o4VyL15FpALgGW6TNqjF7ndSf,cloudoffchain,https://x.com/cloudoffchain,cloudoffchain87 followers
Dewk,Dewk,https://pump.fun/profile/G4XeWkwCHmJuf9Cc2AfoQQeYEdxATPjZgKzoyfqGN71,CountDewKu,https://x.com/CountDewKu,Dewk45 followers
framer,framer,https://pump.fun/profile/6UtEUmnXxGNUtRGy2bVGhmvKTuqeVYJkP4ACoHFeps1a,DumocratsX,https://x.com/DumocratsX,framer179 followers
GoatAlpha,GoatAlpha,https://pump.fun/profile/4FbrDXVLAhHqHJeukhRQ8iXN4iaMWHpVaoEL4TPdhxKR,shilindron,https://x.com/shilindron,GoatAlpha486 followers
HorseLength,HorseLength,https://pump.fun/profile/7jk7JsGZ2UUoGpWJ5UsucNuajwX7jRcmPraJ6Jxjqg2T,Horse_Length,https://x.com/Horse_Length,HorseLength449 followers
CalloutDude,CalloutDude,https://pump.fun/profile/GA6zt9Xipbsih8eTuLrKUYCuyKnngae8aGJSqsBdTB6K,Bigalt0,https://x.com/Bigalt0,CalloutDude405 followers
Magni1,Magni1,https://pump.fun/profile/8ULTo1cuiwo5dnB1S8MEZqPSmmFcMskEJemnqVLprEsA,Magni1x,https://x.com/Magni1x,Magni1254 followers
Baranga,Baranga,https://pump.fun/profile/FDcW5hqUyDhY9xYEiBjCG9y73QFVmbyaTuq8SqbMKEaV,BarangaClaudiu,https://x.com/BarangaClaudiu,Baranga119 followers
buce2026,buce2026,https://pump.fun/profile/C61G5syVzV6CSKJouE9CEGPgAeXZie1ctowiuVyfG1J6,buce2021,https://x.com/buce2021,buce2026109 followers
iammsxx,iammsxx,https://pump.fun/profile/HYMQykjUhHLdgexkHTZ9kXjJKMLDgc9aFVnDz9QyLkmJ,iammsxx,https://x.com/iammsxx,iammsxx75 followers
thearyanag,thearyanag,https://pump.fun/profile/FZUg1PjXbAe2hisVxevcvKr5yr8krJSvEuJjrDTd8RbU,_0xaryan,https://x.com/_0xaryan,thearyanag50 followers
alonschild,alonschild,https://pump.fun/profile/5bNHRarkFMmcEWvHbpKGqNupk2EpJSbevHBTLrySujsn,cryptosdoom,https://x.com/cryptosdoom,alonschild100 followers
baraka_wins,baraka_wins,https://pump.fun/profile/CUKFKdJw7F91bZBbtAJMrLLxqtVigVSJhx644EFnCnw,baraka_wins,https://x.com/baraka_wins,baraka_wins342 followers
cnrhtk,cnrhtk,https://pump.fun/profile/2FxiPRPLYX3H84FZkdRiUHDgDm4U5u98etbL4yvZ3qRq,cnrHTK,https://x.com/cnrHTK,cnrhtk293 followers
convicteddusa,convicteddusa,https://pump.fun/profile/HraUrMxNUQKY36pXRG8XnHyudHrDeWcU9wi2P3enHsZZ,convictedusa,https://x.com/convictedusa,convicteddusa67 followers
camboto,camboto,https://pump.fun/profile/F769TkFFChP9kftoAikYGmfbk9CdU5m28wck7LpG5aZh,Camboto10,https://x.com/Camboto10,camboto134 followers
Goodlvck,Goodlvck,https://pump.fun/profile/8MUsc2r5wUp6EH6TwyGu2AAMGnEsG5WFQpVw2asZqKQy,NewmanOtf1,https://x.com/NewmanOtf1,Goodlvck127 followers
chadluke,chadluke,https://pump.fun/profile/74myBTiqkkRDipjLXNxrDgDQefFvkBdManhcyks2pBCm,Bossychad07,https://x.com/Bossychad07,chadluke95 followers
Bluezerone,Bluezerone,https://pump.fun/profile/FgHsBUKFaeTEuWGkQwH635hfYL2ajJ9nWm8Ar65KH13t,bluezerone,https://x.com/bluezerone,Bluezerone10 followers
mortuoso,mortuoso,https://pump.fun/profile/EB9rURAEFFHHvcuTig6R2jfaPMzWWwmRnzeoPnigGer,mortuosotrades,https://x.com/mortuosotrades,mortuoso86 followers
Esk100x,Esk100x,https://pump.fun/profile/7M3Yj9pqp2bPtqbjVdKnERRfEv1svfaLkPXLkuJwRUMg,Esk100x,https://x.com/Esk100x,Esk100x67 followers
ELPONTIN,ELPONTIN,https://pump.fun/profile/3NtxeVw1TUKM5i6o7SMx8pnbnwq7q6qoXN5WHAfnHmWJ,Ponyin,https://x.com/Ponyin,ELPONTIN752 followers
Ser_Roog,Ser_Roog,https://pump.fun/profile/3qx7v9aCUTCN7JKniT4VKNtzRqT3Zsiwq5289Eyos1Xv,R00G69420,https://x.com/R00G69420,Ser_Roog55 followers
gorillacap,gorillacap,https://pump.fun/profile/BXsw94bFqAjTVjZT5jhMYdBXxWCXgMLX4HqRyXgrNAQb,gorillacap,https://x.com/gorillacap,gorillacap12 followers
hyperkrakenrobu,hyperkrakenrobu,https://pump.fun/profile/2T1Ydip6ZSkxMhi6MsfNVciF6d7zBtxH83nu7r4cEsCT,chimbumagar,https://x.com/chimbumagar,hyperkrakenrobu6 followers
pookieprintz,pookieprintz,https://pump.fun/profile/DZn6KTBiVRuCxL97hj3kmc1kWmYmWJ2AcFXkThLL7yd9,PookiePrintz,https://x.com/PookiePrintz,pookieprintz316 followers
imkevinmj,imkevinmj,https://pump.fun/profile/W6wnzHC5MDNxrfWEGv8U65NZgquL1M7QYrGojnQQZGv,imkevinmj,https://x.com/imkevinmj,imkevinmj107 followers
herroeth,herroeth,https://pump.fun/profile/FJPNmQNJ4165KZKrX43M3hrrD89bmoFNYwczttHXrSgM,HerroCrypto,https://x.com/HerroCrypto,herroeth832 followers
imloz,imloz,https://pump.fun/profile/EnUBLHmp9QqFgY6sQxuLXey3Ljbvq73JZcAub58M8MxV,imloz44,https://x.com/imloz44,imloz786 followers
DocJimmys,DocJimmys,https://pump.fun/profile/FHSFMEz16u1a2WEuvjeB88DKKjnEieF4DCWsno39FnYz,jimmyalbrecht,https://x.com/jimmyalbrecht,DocJimmys279 followers
Mike500x,Mike500x,https://pump.fun/profile/9FQ5CWynZtmVKiDQXGFUk8pkAJHGcgum6JAk6QLKmuRX,Mike500x,https://x.com/Mike500x,Mike500x161 followers
printerturner,printerturner,https://pump.fun/profile/Eh1yFYkmSWQzH47FfL697NkL4x3WQCuvRAMfQkaiEmLi,printerturner,https://x.com/printerturner,printerturner96 followers
Vaulted100x,Vaulted100x,https://pump.fun/profile/BtFjqrpBAahnrJEhE5UVx4rnfg6MfUVHbNpSJcUqkwNS,vaulted100x,https://x.com/vaulted100x,Vaulted100x90 followers
lowcapjj,lowcapjj,https://pump.fun/profile/3n2DtGZ53L7LoayBX3MuX8fu6ipyy74aGWbjnBq8Dt22,neverfarmed,https://x.com/neverfarmed,lowcapjj84 followers
maniacdotsol,maniacdotsol,https://pump.fun/profile/CkYLQsk2rcKDuuYMTcYvpjZ1n9NGXAyCfZXiLgrohZHu,maniacdotsol,https://x.com/maniacdotsol,maniacdotsol55 followers
shanksss,shanksss,https://pump.fun/profile/BYJcPNnHQZbMVtLo599USfQuouXyQSBwrV6daoSVZBQt,Washed_Shanks,https://x.com/Washed_Shanks,shanksss130 followers
faverity,faverity,https://pump.fun/profile/VviyyXcynQEV6w7yKXbfLruJiQyf8WbqQA2Vnj5wjhb,CryptoFaverity,https://x.com/CryptoFaverity,faverity43 followers
TravisCRGM,TravisCRGM,https://pump.fun/profile/9g4K9fEzgfxTHWGAsK6d7CJ69BaZxo7AmGb1X4HcBRYP,TravisCRGM,https://x.com/TravisCRGM,TravisCRGM2 followers
maximumprime,maximumprime,https://pump.fun/profile/86dLNQadg8WQk6Vf3fE542U6fBtGn2cQQ9Y55D4mw7M5,tsvetkov_hristo,https://x.com/tsvetkov_hristo,maximumprime459 followers
takeyourmoney,takeyourmoney,https://pump.fun/profile/HtGUpyzmfd3GotHbj7mgxYvToxVpBYXkVxK1wt1E9knD,takeyourmoney,https://x.com/takeyourmoney,takeyourmoney135 followers
boldmarlinrumpl,boldmarlinrumpl,https://pump.fun/profile/6VNq3c45u4mTawbaYbQNzqY6Z1A8EBuHtjufHF4HUEUj,BagworkSolwzoi,https://x.com/BagworkSolwzoi,boldmarlinrumpl128 followers
I_am_marv,I_am_marv,https://pump.fun/profile/J334AgR2FMJVyoag3a9PQ5ktNjDYBQkjexXYFQQqpXqc,ToylorStory2,https://x.com/ToylorStory2,I_am_marv342 followers
ramimayne,ramimayne,https://pump.fun/profile/7bTsRggGmDjDUnT8j2WRjm8oLPCfH4BhLjfES1quRfG3,mainymainy2026,https://x.com/mainymainy2026,ramimayne321 followers
pepenukes,pepenukes,https://pump.fun/profile/FKtPd5nh9QwXz3AA6jPUh9LscsR1njkwJwVwrGDr55Um,PepeNukes,https://x.com/PepeNukes,pepenukes223 followers
Fabricci,Fabricci,https://pump.fun/profile/CKrA2mXG2Mv4ikuyE2P3UBbd3gfhcXpuUTaadFVEcf1p,0xFabricci,https://x.com/0xFabricci,Fabricci132 followers
OGDICRAPIO,OGDICRAPIO,https://pump.fun/profile/5jGKjCC4qLzywjfN2uWGhtfhpYt6fMSAshzLT3P4zE6V,DICRAPIO7,https://x.com/DICRAPIO7,OGDICRAPIO27 followers
wugi,wugi,https://pump.fun/profile/862TYSvRYoiHAK3F3WwTRYAfuGiQaGdxedN9AGvRGWo2,xWugi_wara,https://x.com/xWugi_wara,"wugi1,222 followers"
moneymc,moneymc,https://pump.fun/profile/2QygD8bDsfK1XCAnFxFtpPddzbJbamhXvKqcLQ8cELzE,mcmoney_one,https://x.com/mcmoney_one,moneymc576 followers
German_arc,German_arc,https://pump.fun/profile/F6uRXrhaAJfD46H3q6saEpzYgQhY6EJJ6dV2GaVZooyD,germanarc1,https://x.com/germanarc1,German_arc868 followers
pip0p,pip0p,https://pump.fun/profile/6LxiLdPzEpBxGNwMGiXJ53fb27wGVj1ZxH7GNvzZvPZN,pip0pkajou,https://x.com/pip0pkajou,pip0p279 followers
iwannabegreat,iwannabegreat,https://pump.fun/profile/FSUBrLxJ9rdRzWQFZG7TFyDtFxaYpibivTr4UMwvBYRj,prootest,https://x.com/prootest,iwannabegreat269 followers
DEVTOADBF,DEVTOADBF,https://pump.fun/profile/5YtP397y5YVtF9AiHw96venTi9WUF43HiQQbfpMBk8oC,TOADBF,https://x.com/TOADBF,DEVTOADBF239 followers
NGRtrades,NGRtrades,https://pump.fun/profile/133o2EejR75WnUKhVtU6YSgeEyarbqh4fzMurUMty8mi,NGRTrades,https://x.com/NGRTrades,NGRtrades17 followers
Cissy5,Cissy5,https://pump.fun/profile/6Tuu48oc9qn4K6ESRsArbVNrKGe6KxtCaFXN71LQjpC9,c_iss_y,https://x.com/c_iss_y,Cissy510 followers
mambatrades_,mambatrades_,https://pump.fun/profile/BnfiHRDpHQ5yQevvwnzTmxtaB1Ek276fV5oTY9bi71EA,mambatrades_,https://x.com/mambatrades_,mambatrades_229 followers
stevejobless,stevejobless,https://pump.fun/profile/FePz7Sij5FzSxmjSXJfD5jjdBHZn1ur5TeU97ULhh7ru,Schizozone,https://x.com/Schizozone,stevejobless157 followers
dudeeeeee,dudeeeeee,https://pump.fun/profile/FqR7kSvgtH5LDUeDdPZkvVy9X18ryGT7gToi35YfWWL5,0xsvb,https://x.com/0xsvb,dudeeeeee110 followers
brunowsky,brunowsky,https://pump.fun/profile/GvTXquDAJbfrFrEGTPRPUj3WM5Bzub5yeTFzkLVHpjfD,brubowsky,https://x.com/brubowsky,brunowsky321 followers
Cartiiiiii,Cartiiiiii,https://pump.fun/profile/3mPypxb7ViYEdLv4siFmESvY5w5ZKknwgmB4TPcZ77qe,CartiTheMenace,https://x.com/CartiTheMenace,Cartiiiiii230 followers
NovaEriksen,NovaEriksen,https://pump.fun/profile/Hug2JgAUG2jFSqGyYn5huhyZQVAsoupzEENHhApzZhW1,NovaEriksenSol,https://x.com/NovaEriksenSol,NovaEriksen742 followers
joshuadao,joshuadao,https://pump.fun/profile/31wwERWKKWF1fGBsAdVvAXSe6ksoiao7zfRQX3ZbRVvX,Przemyslaw29268,https://x.com/Przemyslaw29268,joshuadao657 followers
streamguy,streamguy,https://pump.fun/profile/DW974jPL4NN6ubZhj5M6Z2CiMqyg4yfUBjLaMquyANkR,StreamGuy_,https://x.com/StreamGuy_,streamguy543 followers
calamitysnipe,calamitysnipe,https://pump.fun/profile/FRuLpcZA7NHdxnRSxSzRnLJ4E9BAmJyggLc5emu4TDPd,TrestanP1,https://x.com/TrestanP1,calamitysnipe531 followers
xMAST3RxM7NDx,xMAST3RxM7NDx,https://pump.fun/profile/A1oTGyUEcAp7aBqknbFc9UByfVKxgu7XKddoD93MiWzK,COLON_MOONSHIT,https://x.com/COLON_MOONSHIT,xMAST3RxM7NDx515 followers
MrPork,MrPork,https://pump.fun/profile/BmBKEoqUwiHUUEy7Aj5seEh1Lf4wpPmDaMRdP3QDBb9r,MrPork411,https://x.com/MrPork411,MrPork498 followers
razorkilledyou,razorkilledyou,https://pump.fun/profile/7EYFBF6oXxG1xteCT5DytpbdJR44quEBmQUpBdkXn7c3,senseikiyeam,https://x.com/senseikiyeam,razorkilledyou476 followers
sadmarlin76940,sadmarlin76940,https://pump.fun/profile/GXrfyxD7ZL3UaVLCshVyeEbbW7jUqq3J5gjyxUAP4Uh3,butler_and69537,https://x.com/butler_and69537,sadmarlin76940469 followers
toplessmanta947,toplessmanta947,https://pump.fun/profile/5Zvt3omZEN8b3dCZGTjdWAWqisBfr6QRZQbRLd4Jn8L9,mischka_aaa,https://x.com/mischka_aaa,toplessmanta947432 followers
solocrypto,solocrypto,https://pump.fun/profile/7BBXmL1MM6i4ByTWz8ioedoSV52XAZuN52musJwm7cVt,skiwolf5,https://x.com/skiwolf5,solocrypto428 followers
eggish_takish,eggish_takish,https://pump.fun/profile/5MnLkrN9T7PnPc12AbdXr2Vt7cmEQjTtvFecrpygWE4D,EggishTakish,https://x.com/EggishTakish,eggish_takish421 followers
noodle_guy,noodle_guy,https://pump.fun/profile/86iFnEnDZtFtgvbSoCu1gVTKK82RENNsrFsvVQQ5B1mN,NoodleGuy__,https://x.com/NoodleGuy__,noodle_guy381 followers
TVHEADMAFIA,TVHEADMAFIA,https://pump.fun/profile/BXUYZCfyJDXWt4LCPiwaJ1mxTkwMh4pKjzLrNCwRMTuR,DFluff313,https://x.com/DFluff313,TVHEADMAFIA365 followers
dvnch0x1,dvnch0x1,https://pump.fun/profile/5AhuNVkqKbTfBkwz6q5kNUEZ4kQjQPxQfdump5KhiaNJ,dvnch0x,https://x.com/dvnch0x,dvnch0x1344 followers
Jacex,Jacex,https://pump.fun/profile/JDmX3h7JpL39P7CohtbfQM6HwMyAZrrXqKC7FPuyw9xE,ross_jace,https://x.com/ross_jace,Jacex344 followers
KingJDeploys,KingJDeploys,https://pump.fun/profile/H7Xz3QhwMvwFPVHzNWviqWebWgAk3riZJCbmmTve6bsh,Joshway52101111,https://x.com/Joshway52101111,KingJDeploys325 followers
ayobruh44_old,ayobruh44_old,https://pump.fun/profile/4HCu3himpPJ8kesVKkyqB38VBzaQ9CsaJS3w92JoFqfF,ayobruh44,https://x.com/ayobruh44,ayobruh44_old313 followers
offced1,offced1,https://pump.fun/profile/9scJ85Eyhk9ZGF2gLLzaQekrWo2d2iTiUpFjgjUc7iLd,offced1,https://x.com/offced1,offced1302 followers
Deitydrops,Deitydrops,https://pump.fun/profile/6YQUVcbmicZzHzdYiW6FXfpELghGZip4nKqVMw5kFgSu,DeityDrops,https://x.com/DeityDrops,Deitydrops300 followers
Tebi,Tebi,https://pump.fun/profile/9NotWy44cxj2XuzMzpC44LAEfuH6o5GhsSyms7c5ja2X,Brenpbr7,https://x.com/Brenpbr7,Tebi295 followers
sasnahang,sasnahang,https://pump.fun/profile/79mbT8AaUivBiBpLv7FcDvUnpmW6AHfNz3NhMVBqu2ii,BettaBoddol,https://x.com/BettaBoddol,sasnahang293 followers
fuckthesejeets,fuckthesejeets,https://pump.fun/profile/FomK51zWcyCZgdAqAhj8APpTRwmk5Pt95wKrix9XRz4j,BlockchainJax,https://x.com/BlockchainJax,fuckthesejeets281 followers
Auzie,Auzie,https://pump.fun/profile/G3hSFvuKWKKqxisj92ZN3nupct7f93GAztnfL1H7c17p,auziewins,https://x.com/auziewins,Auzie280 followers
iCakii,iCakii,https://pump.fun/profile/BYRFkxvJw7DcuNYh8MVTW1P1HJix2YBqiCr1FH4oeQn6,caki043535,https://x.com/caki043535,iCakii269 followers
ChainLauncher,ChainLauncher,https://pump.fun/profile/7a5CzijkwPfaogTfrfEWhZkTLEhtxKFKyMJ7yGbnMasY,ChainLauncher,https://x.com/ChainLauncher,ChainLauncher255 followers
Emcee_,Emcee_,https://pump.fun/profile/B36XuLtZSFLuF1NyzgPvHU38q3bbe2XZrvshpo69uPVH,FPLMaster9,https://x.com/FPLMaster9,Emcee_247 followers
CasperBlendz,CasperBlendz,https://pump.fun/profile/AgNGbuyfgj7GzZo3eV3Kk4ehi5XDAZjHQEWbcA8LNgWo,Capasgsjw,https://x.com/Capasgsjw,CasperBlendz250 followers
didnotbuy,didnotbuy,https://pump.fun/profile/2utLKayEMUp813WWKyDfrAenw3p36KuXzSKHnsBpoaKa,DIDNOTBUYDotFun,https://x.com/DIDNOTBUYDotFun,didnotbuy241 followers
wellimfked2,wellimfked2,https://pump.fun/profile/8h4QtZqfsM6t5tsPWKNbWotYkSpfdYSA8gGoL6kF8V8m,Bagmaker0711,https://x.com/Bagmaker0711,wellimfked2240 followers
CharlieKnockers,CharlieKnockers,https://pump.fun/profile/EgdePuRtgG2CHoCmnKjn23KkjbrznNveSRkojZZQcZLu,DimsumTheIII,https://x.com/DimsumTheIII,CharlieKnockers232 followers
joyls,joyls,https://pump.fun/profile/p9TUmhdYa3676LnbwVw8GDL1NxmEFuMfRPqZEXtchc3,7MeCkFTi5Mk3llQ,https://x.com/7MeCkFTi5Mk3llQ,joyls230 followers
mhk,mhk,https://pump.fun/profile/HdKNvrRYS4MR4iHKWvtwJP3NEDqoR2fcrYFnw5a7Kwjw,mhknft,https://x.com/mhknft,mhk228 followers
lucky13irteen,lucky13irteen,https://pump.fun/profile/7tVgDfJMzENTiVWzf3dZvJeE7FeFoAZm7UzJbM3g43H5,Lucky13irteen,https://x.com/Lucky13irteen,lucky13irteen225 followers
deadlox_2,deadlox_2,https://pump.fun/profile/33Wru1DUsBQoHjfNdYSJKDa1pWByqQXG7nWifLsN19wj,CTB6271,https://x.com/CTB6271,deadlox_2225 followers
SoldMySolXXX,SoldMySolXXX,https://pump.fun/profile/2VYNgBhhfeGFfMfCuejUwK4P3Tb6N5yJ4NsyTrY33jxW,soldmysolxxx,https://x.com/soldmysolxxx,SoldMySolXXX217 followers
solryder,solryder,https://pump.fun/profile/F3i8gdRPcWcwuq4FqChTXKrdtSAnyRsuhFxtAbgPwwf1,solryderr,https://x.com/solryderr,solryder209 followers
SEAWHALIUS,SEAWHALIUS,https://pump.fun/profile/AxXrAyz9duLTtFy5we5j9N5XkvUMzvucswnTu3QJ4bCy,xenowtf,https://x.com/xenowtf,SEAWHALIUS206 followers
heartoftrenches,heartoftrenches,https://pump.fun/profile/EuPvPuLuQJLGLb8zoRkjRf5UCSxRzqWR4hhX4yr3SF7K,Liquidfuel1,https://x.com/Liquidfuel1,heartoftrenches202 followers
garlicman,garlicman,https://pump.fun/profile/5ASfsQFHgnKAHzsmUrvzpUMYcjG17C778N6f9qcTFCJk,coretanjalan,https://x.com/coretanjalan,garlicman201 followers
Needadollar,Needadollar,https://pump.fun/profile/Aq63rfoeVeZDEwiQxfQLC5GKXtyMruHfThuzidAE9uge,AdrianPint24237,https://x.com/AdrianPint24237,Needadollar196 followers
eltioplata,eltioplata,https://pump.fun/profile/5VjeALacsgRGFYSvTYSMzEa9PbzMA4iLdU2hEZdVRwtU,exe_plata93,https://x.com/exe_plata93,eltioplata181 followers
loco4crypto,loco4crypto,https://pump.fun/profile/GzFcMvPmxQDwSpJ8iUTJivzUgUuFBifR1r1QRbSHCfTi,RichWithSolana,https://x.com/RichWithSolana,loco4crypto182 followers
sealless,sealless,https://pump.fun/profile/Fu4ACBjfvyDUaLzzE52hXXpzX6KQxmGaxVsscbbpCoBP,Sealless_,https://x.com/Sealless_,sealless178 followers
StrangeTCreator,StrangeTCreator,https://pump.fun/profile/9dHSFhi3SsCi5AczXMD8yHJrY8BcEkFNwyKvtD2aiSxP,StrangeTCreator,https://x.com/StrangeTCreator,StrangeTCreator176 followers
Cobra_I_,Cobra_I_,https://pump.fun/profile/aituWDamhhot5tNBFKret7u8wRDuyUHf1KTYjj7H7aX,Whitetigerhunt,https://x.com/Whitetigerhunt,Cobra_I_171 followers
FMAYHEM,FMAYHEM,https://pump.fun/profile/C7VsdAFWXBrjYLcorAdFMvST8bdfE9ud1UNuRCMZhTVX,joshimatta777,https://x.com/joshimatta777,FMAYHEM168 followers
soldearly_sol,soldearly_sol,https://pump.fun/profile/EihXT2zR5j9r8ETjFjGPwFjYdGi9J7LMunYrZgDrMqrN,SOLDEARLY_SOL,https://x.com/SOLDEARLY_SOL,soldearly_sol162 followers
istrivirtual,istrivirtual,https://pump.fun/profile/2CVXyjw3kSwtwW9iLH9aRtBxaeMT7RYBUfDWcnSAQm2A,KillerBeexyz,https://x.com/KillerBeexyz,istrivirtual159 followers
ismokerosin,ismokerosin,https://pump.fun/profile/CpfRE7UWEDqGc74s5buG2VusRJ4AWHH1NuH1pLUwUERj,ismokerosin,https://x.com/ismokerosin,ismokerosin155 followers
MoneyInThebank,MoneyInThebank,https://pump.fun/profile/2cWkYzy2sx563VgzHn9UN1vbVH86iDgaaU97CmAK8goh,Welivedeceived,https://x.com/Welivedeceived,MoneyInThebank156 followers
neverkillyy,neverkillyy,https://pump.fun/profile/3zpN7QUQkZPcyykwfh6E3Lz4WkvDD3qiu2hfdmKVip2Q,jisabyyy,https://x.com/jisabyyy,neverkillyy153 followers
Goldenbag2500,Goldenbag2500,https://pump.fun/profile/7FHnro5P5UYwHso5LBbSWiDwpgoVCUf3yus1SB7zR7sz,Tmatt2500,https://x.com/Tmatt2500,Goldenbag2500151 followers
sitex,sitex,https://pump.fun/profile/FGqsJsFEDQbDRQhvoV2AbxA1zkbrhdo2DTPgyuUeDzG9,sitexsol,https://x.com/sitexsol,sitex151 followers
getrekypov,getrekypov,https://pump.fun/profile/97SJW7tDoKbQQda6jT9ETU44nS1p1tZ3JKtBENoZMYes,feliisreal1,https://x.com/feliisreal1,getrekypov148 followers
dluv_xyz,dluv_xyz,https://pump.fun/profile/76QMr5tD9eb8R7jxeYFmSmZrCajb6RJXHuGN9nK7xLq9,0Dluv,https://x.com/0Dluv,dluv_xyz148 followers
RivalzKarma,RivalzKarma,https://pump.fun/profile/2YzpASLJufuXA5nPkMCUqfLibKxhJVLp1HqCw7zvcrZv,Rivalz118700,https://x.com/Rivalz118700,RivalzKarma146 followers
iamktrades,iamktrades,https://pump.fun/profile/EX1pspv3JhnHeEE2xEWHA2juo9bE6HPF6q5pih3KuvoF,aperson31006,https://x.com/aperson31006,iamktrades144 followers
Hxk,Hxk,https://pump.fun/profile/Fg4sFCrb3sZiKgKjEk9Vth8bAVR7Kbud5dxnZ3odn8CN,ten_talkk,https://x.com/ten_talkk,Hxk139 followers
zerebus,zerebus,https://pump.fun/profile/2ufMzsJnHZRn78wgEZXmHyBcZVhFAiD3Erazp1Q7ZeFu,ZerebusX,https://x.com/ZerebusX,zerebus133 followers
kenzzi,kenzzi,https://pump.fun/profile/87W4UASYLayjTidrqoBYKcxGZRUiWeMxVraAL8etwmQs,dream_dame,https://x.com/dream_dame,kenzzi132 followers
thatsmycat420,thatsmycat420,https://pump.fun/profile/Gm5k26AEp8TM35iQzdXX6zF4Hw1bQzYhtjtMgHmBjGAU,thatsmycat420,https://x.com/thatsmycat420,thatsmycat420130 followers
lucathedog,lucathedog,https://pump.fun/profile/DCndoDEqexMBFgH3kHi2YDFnY8mVJsxPeWtrsmZk1WGz,alexjaber192711,https://x.com/alexjaber192711,lucathedog125 followers
peakyblunder,peakyblunder,https://pump.fun/profile/1yNAfnJameXbkrZegtyBeJmdbUvq2jhNEQAEkG5i3HH,realbreadly,https://x.com/realbreadly,peakyblunder123 followers
remiliasol,remiliasol,https://pump.fun/profile/4akD9bj2BhGbGGcsQgBZ9q9dkGNoCzxibbRSQzyqC5XG,remiliacapital,https://x.com/remiliacapital,remiliasol111 followers
psyopm,psyopm,https://pump.fun/profile/pgm6m3FiaoaE2Ggse4qdfsL4Kvnm8jx7Cfs2MTt6jEo,psyopm20,https://x.com/psyopm20,psyopm105 followers
sandi1,sandi1,https://pump.fun/profile/6AvUyHbSBMmrugfL84UZr5Guxc91s46mRWZfzAyySM8v,SandyWilso60911,https://x.com/SandyWilso60911,sandi1104 followers
greenman89,greenman89,https://pump.fun/profile/3ggxueeieNULKzzaUGLrWWrzMK49LWUdZgDJUjs7R6ST,NFAauto,https://x.com/NFAauto,greenman89105 followers
nearoctopus3426,nearoctopus3426,https://pump.fun/profile/4xXV5AgzdHggHJ1socufZDicQQVhS86Jeh7SERAPC1a1,smith_narada,https://x.com/smith_narada,nearoctopus342697 followers
tololiko,tololiko,https://pump.fun/profile/59nWY4db9TqgAuoDS7NpaTuHLHScJxNZYYDTyrWGcoer,tololikodotsol,https://x.com/tololikodotsol,tololiko96 followers
IamGoatZ__,IamGoatZ__,https://pump.fun/profile/98iLzmGrhYoMGD5c2erHoJBkRWfL7iN5Hf3NE8cNJNGe,IamGoatZ_,https://x.com/IamGoatZ_,IamGoatZ__92 followers
lanreexe,lanreexe,https://pump.fun/profile/4gM7DqF9WgqTrw5Q1Nr9b76aahJhN7nfGHX8r1FuqjHf,Lanre_exe,https://x.com/Lanre_exe,lanreexe92 followers
OCNephew,OCNephew,https://pump.fun/profile/4qAoNhiGq7qVVBUcLoDcxQ1Ee1VmM45K5mS7r3MtNcQN,coleyung27,https://x.com/coleyung27,OCNephew89 followers
2xplug,2xplug,https://pump.fun/profile/76sDMhvADSVwzfcTdkuj1sM5AYb1ZeWKYZkedNX8tmTK,Gmilksol,https://x.com/Gmilksol,2xplug87 followers
wolfy_kyrg,wolfy_kyrg,https://pump.fun/profile/AfKZagHRscHZqwFbcC76FRxdUibWR3QB2irvgkbNZb6r,Wolfy_Kyrg,https://x.com/Wolfy_Kyrg,wolfy_kyrg86 followers
Shillzilla,Shillzilla,https://pump.fun/profile/77jGmGaWYPckDJB9p8FVRSjVcMy4Qpd8nkSTqKQsVDV,Shillzillaytno,https://x.com/Shillzillaytno,Shillzilla84 followers
griegoloco,griegoloco,https://pump.fun/profile/FuSZc7BsthzM5NZPBJtRAMsY9djQc9hNYdy8myAQa2cm,GriegoLoco,https://x.com/GriegoLoco,griegoloco81 followers
Philthyyy,Philthyyy,https://pump.fun/profile/BM78q8mLacLS1XEVwoYm7aWmG7ZZHsiNane5XKSzpM67,philthy33,https://x.com/philthy33,Philthyyy78 followers
BatmanRee,BatmanRee,https://pump.fun/profile/HrPvz2zwWjp6EbeSqE8v1bh5Yc8aMs64tCtLiHfzdVpH,BatmanRee,https://x.com/BatmanRee,BatmanRee77 followers
4chette,4chette,https://pump.fun/profile/8PTC1yyk9JcwSiKtVZcZiGwaAaWUo1VtUe8aryn9j99R,0xfourchette,https://x.com/0xfourchette,4chette77 followers
Kexxcalls,Kexxcalls,https://pump.fun/profile/D8LBNxnDjf9Xt17j5cWZRQhqtGaErtTeFCX7i6gQkDBX,Mrkexx238087,https://x.com/Mrkexx238087,Kexxcalls76 followers
crypto_bc2,crypto_bc2,https://pump.fun/profile/DWRqkdz7BFvZNexD4XjFcx2xNYGockPpVrCLPAbQDwJy,crypto_bc2,https://x.com/crypto_bc2,crypto_bc274 followers
mirzacapital,mirzacapital,https://pump.fun/profile/FiUUaMRu6bLQMrZP2mAR2MLVXjPcZb4ejekhAtb2cgKm,mirzacapital,https://x.com/mirzacapital,mirzacapital71 followers
fana1,fana1,https://pump.fun/profile/7GTj1LsFezpBmJRSQuBcQ6SopxMPse6Mk6vZboWg7Su6,FanaOG,https://x.com/FanaOG,fana171 followers
slappyslap,slappyslap,https://pump.fun/profile/ESwSa5m33Re1hySkArg6kaS5DhPxBZwa3qUEM8tPaTyt,Slappyslapah,https://x.com/Slappyslapah,slappyslap70 followers
fadds44,fadds44,https://pump.fun/profile/7qioU17QXoQC5dq5t8SLXEAHxkegyYvyyCDBxAMrfyYT,OMcfadden44,https://x.com/OMcfadden44,fadds4468 followers
Stimulated,Stimulated,https://pump.fun/profile/3Jaqbtfh1XyGvcTrsCKfhVff4kGfzpVbnc2Co1Zfxfut,StimulatedGg,https://x.com/StimulatedGg,Stimulated65 followers
ultracrablongal,ultracrablongal,https://pump.fun/profile/FrVogLvTHB3Kx9NDze6tvb83ibUtDhw6Sc3NzrfYhFsi,Shanttxs,https://x.com/Shanttxs,ultracrablongal64 followers
uced,uced,https://pump.fun/profile/4W2t5xrcyvenHpSwrK1UE8e4hyur9nF82xE7VtLfdNye,elonfrump,https://x.com/elonfrump,uced58 followers
G0dzi,G0dzi,https://pump.fun/profile/2m5oYQMWnyKSGa3HzL1szaqMzYa6UXTsriKLP9xcPXxS,cryptodzilla,https://x.com/cryptodzilla,G0dzi57 followers
virtualmoola,virtualmoola,https://pump.fun/profile/2sapuxSmfbKAziDJKTwJWtqfZoukBLKX5zeBCVdPDpz7,virtualmoola,https://x.com/virtualmoola,virtualmoola57 followers
SuperIdiotSI,SuperIdiotSI,https://pump.fun/profile/FnXPcPXUqs3hia7wa44efNzz7eGzoMpPZjmbUgbCdkp7,chadhouseSOL,https://x.com/chadhouseSOL,SuperIdiotSI54 followers
keepKEW,keepKEW,https://pump.fun/profile/5Gfqxxkrbg8BQ89Ux8ad7UqCZ8JRhbevaVgTbAv4KXK6,keepKEW,https://x.com/keepKEW,keepKEW53 followers
Luckii224,Luckii224,https://pump.fun/profile/CRPnLbSEZngzbL1HSMSv9HFgJeA6UNfuhU7U8QMEszyZ,Moni33445566,https://x.com/Moni33445566,Luckii22453 followers
heftylateram,heftylateram,https://pump.fun/profile/9RhxCRJNrKf9ENuWLsfhNnmyRurf3pokwZ8ywYaBcJ7C,lokixLuffy,https://x.com/lokixLuffy,heftylateram49 followers
zuwagzz,zuwagzz,https://pump.fun/profile/EWRQYzxAENQihJvSrG3PqrTuq3EYm1p7FHrtNmVeJQk3,DamnthatBsc,https://x.com/DamnthatBsc,zuwagzz46 followers
Unclejiggy4you,Unclejiggy4you,https://pump.fun/profile/8wLaRTChacLYbBgVSSpfKxd1kHz1kHkv6yVv9FMdKHzh,Unclejiggy4you,https://x.com/Unclejiggy4you,Unclejiggy4you45 followers
lowroller,lowroller,https://pump.fun/profile/7ZYRZL6kU8h7MrQd3BqPEXuUf9yXzHRtt1m3rymZm9aU,CHEESEWIZSLAPZ,https://x.com/CHEESEWIZSLAPZ,lowroller44 followers
Arelangga,Arelangga,https://pump.fun/profile/D31u2nsfWE8ThJ18GPXXWfLUVbRxm36sZdcamLA7ugPf,arelanggaa,https://x.com/arelanggaa,Arelangga42 followers
degensalmonzeal,degensalmonzeal,https://pump.fun/profile/8ivDQn9wQeAGeTC8Wnr75XAErphCh4sof8Eh9TzdfQf3,0xgrandregent,https://x.com/0xgrandregent,degensalmonzeal41 followers
yolo6666,yolo6666,https://pump.fun/profile/4Ahw34ofjzN8SN46ndwxR8g6JLfUQxSZPNdGfDV6kMtY,sagap666,https://x.com/sagap666,yolo666641 followers
fairheftyterm,fairheftyterm,https://pump.fun/profile/HhVHckD8EVQi4xumikukcUz77ybQg1WiyYQbPsziSEpx,SoooooClose,https://x.com/SoooooClose,fairheftyterm40 followers
eliteandrey,eliteandrey,https://pump.fun/profile/EFDPDoMNYAK4hTC4TTfxskDmjUjRRsY155Sra5uZc9YX,EliteAndrey,https://x.com/EliteAndrey,eliteandrey39 followers
Ricckk,Ricckk,https://pump.fun/profile/B6ZQnwgfWK2Pzw7pvovm19NiPwKbW8WirPHUBXWmCnY5,0xrickt999,https://x.com/0xrickt999,Ricckk36 followers
Miky787,Miky787,https://pump.fun/profile/3S1VUQSeEdxQ9jWc2YkbsbnrW76N49wsgjpSMtLA5KSt,Miky78769,https://x.com/Miky78769,Miky78736 followers
jumbocore,jumbocore,https://pump.fun/profile/6yKGjKcSmzZUDQkxdZB3ymW1zKpg2cfEGRzKQiV5TAgz,jumbocore,https://x.com/jumbocore,jumbocore35 followers
Indigopuff,Indigopuff,https://pump.fun/profile/Ewv2dwp3aCVkPFqsKtjz2kLSCyw8NCn8hZbNAqKFu8p5,posadas_fausto,https://x.com/posadas_fausto,Indigopuff34 followers
epicmarlinpermi,epicmarlinpermi,https://pump.fun/profile/9AGc79Le1oF4wPQqfAXSrDK4PY3g5U9AemXWGPzLQTsk,IreneWa01988317,https://x.com/IreneWa01988317,epicmarlinpermi33 followers
devcorn2k,devcorn2k,https://pump.fun/profile/5rJUUWeF3j2nJvAqp42NDNoh821nxF9oNDVSUejyGXa9,Devcorn2000,https://x.com/Devcorn2000,devcorn2k32 followers
CryptoSauce91,CryptoSauce91,https://pump.fun/profile/AJSMTvemR6TrrtXJYcEY1EgS3LXsj6QSSFv4bxdtEx1G,SomeCryptoSauce,https://x.com/SomeCryptoSauce,CryptoSauce9131 followers
koeniggasegg,koeniggasegg,https://pump.fun/profile/FaiWw4iEzfPvVpYXn5L1pSfZFcK3NWAnPkrUbwxjU89N,HAPPYPTRCK,https://x.com/HAPPYPTRCK,koeniggasegg30 followers
Prim3example,Prim3example,https://pump.fun/profile/84YMS2xZWhpEuKZNFyfSB1optTPVbkDBFdztcy7T42UT,Prim3example,https://x.com/Prim3example,Prim3example28 followers
Rebates,Rebates,https://pump.fun/profile/7AXGior5xFVwwHcracbSyfjdTzQdsXAukX2fzmiq96Y2,ENVY21M0K4,https://x.com/ENVY21M0K4,Rebates28 followers
degener_it,degener_it,https://pump.fun/profile/DcgypdAuQyot6HZib6L9YBwnu4HpUFQ7nDXYzVn4Y9Uz,Nftme12E71992,https://x.com/Nftme12E71992,degener_it27 followers
dhekatz,dhekatz,https://pump.fun/profile/CBNeonRxMDtpGd7NzF4gjcPp6xQnUGNwT429J5muX1QS,THeKatzZeroWing,https://x.com/THeKatzZeroWing,dhekatz18 followers
elfarmor,elfarmor,https://pump.fun/profile/4BpkuWYan7Z1dH9sCcvfYt79X4Ep1ZGhSB8JYViKhAW4,ElFarmor,https://x.com/ElFarmor,elfarmor15 followers
sat0shi_nkm0to,sat0shi_nkm0to,https://pump.fun/profile/GEZ6SgCvQpzP9dsBp2uXVv8J7GNNhYu4NrxtWPzCu4o8,sat0shi_nkm0to,https://x.com/sat0shi_nkm0to,sat0shi_nkm0to13 followers
pumpviralbot,pumpviralbot,https://pump.fun/profile/2qkLeTDr4qerV8r1vQqUBqHE7xcCjwA83HT4B1QRRLSL,pumpviralbot,https://x.com/pumpviralbot,pumpviralbot11 followers
bigoctopus61848,bigoctopus61848,https://pump.fun/profile/HaKQwuusxhC1ymffNgMxQSQSNy9thNtQXLJpzCXHDiKw,SHAKITIq2,https://x.com/SHAKITIq2,bigoctopus618482 followers
wildmantagilded,wildmantagilded,https://pump.fun/profile/Ct3frC34Ckn2sKQbDSbaTzPXudc6MSLwfTUR5r8TiZbr,RowanWilder010,https://x.com/RowanWilder010,wildmantagilded2 followers
probablymar,probablymar,https://pump.fun/profile/Bo4uD3LvdPbWGAaU7Upbix93Ucz2qUDYJqD7h5pDUHLM,probablyymar,https://x.com/probablyymar,probablymar54 followers
progoon,progoon,https://pump.fun/profile/9WppX8i44PYWAmcEd3F3eq9WSLxihLke9EGAoSZGa2hA,CryptoCowboyFL,https://x.com/CryptoCowboyFL,progoon31 followers
richresearch,richresearch,https://pump.fun/profile/xeEENXb3dFh18hMReKqD55PfUbZrXWPxpo6zgjbR3oy,RichResearching,https://x.com/RichResearching,richresearch86 followers
Dipgoblinn,Dipgoblinn,https://pump.fun/profile/7gHsdPRjnJNRRw8Rp2r79uNoDv5LLN96mcE2tWtK4CLz,dipgoblinn,https://x.com/dipgoblinn,Dipgoblinn27 followers
lehl,lehl,https://pump.fun/profile/mYCTvnp4LALNBuGDKPdgp4PywX2pqDj7tP65PfxaxUi,0xleegenz,https://x.com/0xleegenz,lehl161 followers
firstonetomars,firstonetomars,https://pump.fun/profile/93fVLtdXaFkY459KRznfXu974DgVuTUcXGoPSwR1BbdF,0xVoidCouncil,https://x.com/0xVoidCouncil,firstonetomars259 followers
logan777,logan777,https://pump.fun/profile/DMqwAzvMBvpmPkZxCitXY58ai4FBnitKxFpuP44ah9Y,loganonduty2212,https://x.com/loganonduty2212,logan777126 followers
highooor,highooor,https://pump.fun/profile/9crYaCr1DsQHfHZmodPL8zZeUSuga4cxA9S8orA6Dq7a,zekedup_,https://x.com/zekedup_,highooor97 followers
veenty444,veenty444,https://pump.fun/profile/FLdvphcXGdoCetVAbbEiUjtF8swjjn5Cpk6UC6u3HXtj,veenty444,https://x.com/veenty444,veenty44479 followers
doomsyy,doomsyy,https://pump.fun/profile/EA9TnaqEZXq5VNGHuyV8169ydLWvJq5uAJiv43boLBBf,SarDooms,https://x.com/SarDooms,doomsyy309 followers
kiron4real,kiron4real,https://pump.fun/profile/CZcna78AY4EQqoSfcK6dVNkB8KQc462HAsCW5EfPdEzX,RonaldIngram,https://x.com/RonaldIngram,kiron4real808 followers
betzeos,betzeos,https://pump.fun/profile/59YJwGxYKHKbdN2r9Dtgikpj7N2yiG68yK4YvU6Bf7dn,betzeos,https://x.com/betzeos,betzeos509 followers
bobdotjpg,bobdotjpg,https://pump.fun/profile/6AeqrhqsmUtRE1V1FQvwetjCFFnXazqZLM9PUrzPLiGy,bobdotjpg,https://x.com/bobdotjpg,bobdotjpg367 followers
moondev247,moondev247,https://pump.fun/profile/3BBhhmi4aZzdeShdgNKxgqgK2VLm4WvGSqkimUWHLzZf,GozyCooi,https://x.com/GozyCooi,moondev247807 followers
challenboehme,challenboehme,https://pump.fun/profile/AfX6Mf58SFx8xazhd83GWf3aaxLZMMftQPnAkz9wMEYe,ChallenBoehme,https://x.com/ChallenBoehme,challenboehme624 followers
Vertexsol,Vertexsol,https://pump.fun/profile/42Roe2Y928db3KdDkdo81MdCUD3VfmLTj1F6yMvFUZs1,kantesburner,https://x.com/kantesburner,Vertexsol619 followers
g3ckoman99,g3ckoman99,https://pump.fun/profile/3n4n5YdfCr9ukL7gE84Qxv83iSKafDiHaxFM8rJnQmCN,G3cko99,https://x.com/G3cko99,g3ckoman99544 followers
binopharos,binopharos,https://pump.fun/profile/F7T9ECCQNVRR8HLsJjwxxF3ohAiR9zL3kiHtWFbSxZb7,binopharos,https://x.com/binopharos,binopharos523 followers
tobwifhat,tobwifhat,https://pump.fun/profile/9esVVWPYPaBFvJPv9zAWKQLgHoKLAHa6YcVcBQxpS7M6,tobwifhat,https://x.com/tobwifhat,tobwifhat436 followers
ChewyisLIVE,ChewyisLIVE,https://pump.fun/profile/GeHN9jtKykMsviTio2bBVMXBqNoB5U8A9uoS5vZMxnvW,ChewyisLIVE,https://x.com/ChewyisLIVE,ChewyisLIVE390 followers
raptorca75345,raptorca75345,https://pump.fun/profile/3peh42WRHzczG7FRJ33mLfXePuFpnd1wVA96CR9FBti6,GUN17RAI,https://x.com/GUN17RAI,raptorca75345390 followers
degenjuic3,degenjuic3,https://pump.fun/profile/CXuCFx5wnZ4rgzB6bsendyGMxe1TusELvKFAXSZQXFd4,DegenJuice,https://x.com/DegenJuice,degenjuic3360 followers
a1lon9calls,a1lon9calls,https://pump.fun/profile/2bHUphorkY2rLvom6VZxgyppLmerxVh5Dh7RjQbYHD5A,a1lon9calls,https://x.com/a1lon9calls,a1lon9calls311 followers
idohistory,idohistory,https://pump.fun/profile/CLjWXEhUHqfowcjX2fqJw2TUce4GmYhehxVoXQaBTnoX,idohistory_,https://x.com/idohistory_,idohistory290 followers
__justEVA,__justEVA,https://pump.fun/profile/3T7nT7d3wK16oK7c7fdQUZrDdCFjVVUHFGaYECiAzduV,neonEVA_,https://x.com/neonEVA_,__justEVA212 followers
WifNoExit,WifNoExit,https://pump.fun/profile/75G8fXa4QnKPWqpDNZmJYho91cfACSC5XACoFVL66ub7,WifNoExit,https://x.com/WifNoExit,WifNoExit203 followers
WolfOfTrenchess,WolfOfTrenchess,https://pump.fun/profile/CgScWb2RmsEZcE8oC62dqRLiFdsXb3rfu9YVkKSxewCg,WolfOfTrenchss,https://x.com/WolfOfTrenchss,WolfOfTrenchess144 followers
alphasalmoncomb,alphasalmoncomb,https://pump.fun/profile/BvCxosRheES8Rm1gEBGczUFvfxohnrvKvXm6YKscxHiJ,JayTee13020,https://x.com/JayTee13020,alphasalmoncomb134 followers
ybxrp,ybxrp,https://pump.fun/profile/FQjE6zrbgPp9hUcMxCYhzFcoKFMfqDxZWM8fRosrMMHA,YB23XRP,https://x.com/YB23XRP,ybxrp120 followers
Whenbag,Whenbag,https://pump.fun/profile/AGNZbek7keAWvyKP61mpaTcU3cU5GEdZUgKp2VE22LL2,WhenBag,https://x.com/WhenBag,Whenbag118 followers
enligh1en,enligh1en,https://pump.fun/profile/6cboLsaKZbGYxTHGyrSmjUH7fgp3drPfyVGghR4Ertys,Enligh1en,https://x.com/Enligh1en,enligh1en118 followers
workaholictom,workaholictom,https://pump.fun/profile/8BhDXM36VeEVszxvsZ8AkG4LcSzWTMrYnN5jwyqabA36,workaholicTom,https://x.com/workaholicTom,workaholictom114 followers
lalabuga,lalabuga,https://pump.fun/profile/GFZLAgxCK4Xrq5dAAZxg9wdmtirmMBWcgQdaQyrpVMTw,lalabuga,https://x.com/lalabuga,lalabuga111 followers
duncepf,duncepf,https://pump.fun/profile/29uZVuhZ5GQaPnC4ncURoqLzgHt7gfdtVLLZa2E779fk,DunceFunds,https://x.com/DunceFunds,duncepf97 followers
indiepunk,indiepunk,https://pump.fun/profile/ZLFiotbx3bmFtR2VEr7ahg7sW12rEGcMXsfk4xWc2Ki,IndiePunk,https://x.com/IndiePunk,indiepunk93 followers
coolmonkee,coolmonkee,https://pump.fun/profile/7RhQjHYp6G6XZzqviki17oXRofkLF9jPdL1rxzHJ3FN9,borpla,https://x.com/borpla,coolmonkee89 followers
gory_mane,gory_mane,https://pump.fun/profile/9yVMKsWcix1o2Do5gHXnv5SDLSKP9v13p4478YbNPSdp,skiesthelimitg,https://x.com/skiesthelimitg,gory_mane74 followers
ProfitableDegen,ProfitableDegen,https://pump.fun/profile/4sKCxWoB8Nk3QA3iX1RuBv4nKwYv2E4iNzBoZ6knJyGk,Pr0fitableDegen,https://x.com/Pr0fitableDegen,ProfitableDegen70 followers
higherplzz,higherplzz,https://pump.fun/profile/DTx5cuYyH6jXEWR9CgEP4VQ3Y5mrJCy5K1q5Rgybd3Q3,higherplzz,https://x.com/higherplzz,higherplzz64 followers
Exeeeee,Exeeeee,https://pump.fun/profile/E2cevnGLyf8c2meZkEif8j6Ckn4BpH3kgKst9c9fFc6W,tbhzgx,https://x.com/tbhzgx,Exeeeee59 followers
Shakaszn,Shakaszn,https://pump.fun/profile/28R9ZRhsRytpiRL1hE7PCMS49V7k5A4jGAqBKtMpawc3,shakaszn,https://x.com/shakaszn,Shakaszn48 followers
DrMaddyyy,DrMaddyyy,https://pump.fun/profile/4n6nBXcN5V3ovwgt2ewDMaAo1pDK3u3ffnQfDapW5Ux5,DrMaddyyy,https://x.com/DrMaddyyy,DrMaddyyy42 followers
0xdenjino,0xdenjino,https://pump.fun/profile/BUNMwuKhJvqQwM6ZYLG5x3K4bNsCYES8LCdznCv5sGDh,0xdenjino,https://x.com/0xdenjino,0xdenjino35 followers
wagminarwhalz,wagminarwhalz,https://pump.fun/profile/WsoazSVQiWdQNFtaebPiQUPKsCyfdYhRmqdo7GrJusu,MxDadOT,https://x.com/MxDadOT,wagminarwhalz31 followers
crystallisx,crystallisx,https://pump.fun/profile/ACzaJNWSfQLXZq5wfbYV6yQGxEiyZXZteArfSwNTzZsA,crystallisxx,https://x.com/crystallisxx,crystallisx26 followers
samithecow,samithecow,https://pump.fun/profile/64EMexFHSzLmpedT8f4wKjX8NZF5NBkL9xHKgMbv6dxR,samithecow,https://x.com/samithecow,samithecow23 followers
runjs3,runjs3,https://pump.fun/profile/GjRCazL2PKqwwXS6Jvp1yQFHZvk5zdhdGGH6ZnK8iL6D,Runjs1,https://x.com/Runjs1,runjs320 followers
stancrypt0,stancrypt0,https://pump.fun/profile/6nmMp3w3ALTE4GAzVhzYFXspEbbJVWsnppXvAAonHK5n,StanCrypt06,https://x.com/StanCrypt06,stancrypt020 followers
midaspnl,midaspnl,https://pump.fun/profile/3KK1aoeiZCXqPZLt2AYeinrbz4n31DeTL58fkHFNzvYp,midaspnl,https://x.com/midaspnl,midaspnl18 followers
voidexcryp,voidexcryp,https://pump.fun/profile/MPVr7HtqAU1RNJtFUZrBpP5iVBxjqXntgbMgxYnw3Hm,Voidexcryp,https://x.com/Voidexcryp,voidexcryp10 followers
Rip_Flair420,Rip_Flair420,https://pump.fun/profile/4zuTNaz6NFFTkekgCbd112igjzYaEapK5soAWeH5aaWX,Rip_Flair420,https://x.com/Rip_Flair420,Rip_Flair4209 followers
Konan2,Konan2,https://pump.fun/profile/BcXJjmJLu6U8cAkThGxGjGG4sLvyo2GoJKijQvQGKiEw,hayatu5i,https://x.com/hayatu5i,Konan26 followers
beatuscore,beatuscore,https://pump.fun/profile/4cFktuAZLcjMKG2LMS7Cg55GXaRjAPb68PKtd6amenfw,beatuscore,https://x.com/beatuscore,beatuscore5 followers
badrhd0x,badrhd0x,https://pump.fun/profile/8jdAy26dSB1LYrktfwmcNqhDyMWcJJqkoNv3hDuEJfrb,BadrHD0x,https://x.com/BadrHD0x,badrhd0x466 followers
ch1llout96,ch1llout96,https://pump.fun/profile/4RyWvAuFUGZpbWtrvPns5xUXUEWL1Eisk8LQ45RsWsqE,ch1llout_sol,https://x.com/ch1llout_sol,ch1llout96450 followers
kimjongjeetxx,kimjongjeetxx,https://pump.fun/profile/6gN2SNYXN8gzM9yDy9A9mSsGSykLJbvfYWKkpPs3xfBq,kippahxbt,https://x.com/kippahxbt,kimjongjeetxx225 followers
sentimenta,sentimenta,https://pump.fun/profile/8FTh4e6STqhbNGMYM4tZyBaCpZB4dRTRSKjxCLE9G3Et,SentimentAlphaY,https://x.com/SentimentAlphaY,sentimenta19 followers
TrenchSolCold,TrenchSolCold,https://pump.fun/profile/4cFp9AWsp6h9vH2gvJys8x3APvQLm3g72Ly8efB5i4dH,TrenchSolCold,https://x.com/TrenchSolCold,TrenchSolCold323 followers
Jaspeeroo,Jaspeeroo,https://pump.fun/profile/3sgputbotGivFzQwwTh2z9H4n9fhf7FLUo6nCmDnsso8,Jaspeeroo,https://x.com/Jaspeeroo,Jaspeeroo243 followers
punk_weight420,punk_weight420,https://pump.fun/profile/GJsqCYv19gQvCd8516bpuAGkf8m2s4avkiuG97j4TCwL,Punk_Weight420,https://x.com/Punk_Weight420,punk_weight420131 followers
mstarujjer,mstarujjer,https://pump.fun/profile/GxWB4NGYNS2gF37fCbXE3qzKbm4YTZqDbJPCLAXYbbv2,Mstarujjer,https://x.com/Mstarujjer,mstarujjer65 followers
autismobrah,autismobrah,https://pump.fun/profile/7ZGraAd4dkRe3WTFhGdgpawhWT7z9JRaxekYbo8TzRtZ,AutismoBrah,https://x.com/AutismoBrah,autismobrah44 followers
suek,suek,https://pump.fun/profile/BuKubEceyLospMzJX3RPqrqUAb9TVqeTJBvHD3Nr9GfS,suekuer1,https://x.com/suekuer1,suek39 followers
timmytussin,timmytussin,https://pump.fun/profile/JAqRSmacNczawTFQo4UBvqiJoTsJ45FwmZw2rkNq9v6g,tussin_t,https://x.com/tussin_t,timmytussin218 followers
PedroFounder,PedroFounder,https://pump.fun/profile/BBH7jwRdKyrSAefmRUheiZicQG1EBKofFaDoUrUVjXHz,PedroFounder,https://x.com/PedroFounder,PedroFounder984 followers
God_Thor,God_Thor,https://pump.fun/profile/5GwzpA6V5zrArHvWAiqpQhz3jubDQxThrX2nkZ2vd7P7,Theycallmethor,https://x.com/Theycallmethor,God_Thor166 followers
yannix,yannix,https://pump.fun/profile/9L1pYSKMoS9uZ9C5jBcdGPb8tkYkStydBQepSwQCEHKW,Yannix_1337,https://x.com/Yannix_1337,yannix94 followers
georgieonchain,georgieonchain,https://pump.fun/profile/4XLNyU7pPAoZeXw4UWEHBRB1c8cV4SDDtwh58JKHVY6q,georgieonchain,https://x.com/georgieonchain,georgieonchain50 followers
hatedbyfate,hatedbyfate,https://pump.fun/profile/DtjyXm2R3w2J43Zb3UQr49f8Ls6h7PXEJTi4ACJRPbcS,fundedbyfate,https://x.com/fundedbyfate,hatedbyfate30 followers
kris888,kris888,https://pump.fun/profile/FPzqrHVb5ZqWSdDsEjBwscpAz5C5e6JdDEjGuNM1Qhov,krisossai,https://x.com/krisossai,kris888260 followers
kalashnikov,kalashnikov,https://pump.fun/profile/BdVzBiFU7uJfG6hqCX5kUwkFSVwTSSG5MjR66WBM2eJ3,0xKalashnikov,https://x.com/0xKalashnikov,kalashnikov209 followers
Squ33ze,Squ33ze,https://pump.fun/profile/GeXNKML1eibW5HLEP7ordsG8D7EWxsS3B85XvFVn7dYu,bottom_blast,https://x.com/bottom_blast,Squ33ze246 followers
topper100x,topper100x,https://pump.fun/profile/9bFpPQ71wvvgMemmcgWbcEyka6UkdJAJPmSP98UghX4p,topper100x,https://x.com/topper100x,topper100x121 followers
madeleinelouise,madeleinelouise,https://pump.fun/profile/HoCz9gzUcZFE3aJvs6xCYmk8isDoKtVie57jfoJToj7E,0xmadeleineee,https://x.com/0xmadeleineee,madeleinelouise853 followers
manmilker67,manmilker67,https://pump.fun/profile/8wC4HSY8NGmKzYzvFpfQMQTtAC5gHEKxGqZ8yvizgSBf,boymilker67,https://x.com/boymilker67,manmilker67202 followers
pr0meth4z1ne,pr0meth4z1ne,https://pump.fun/profile/6TJ7sK4h3xtvYvHh3qyD1jycYHmb7oNaXSQVLvYo2xF8,pr0meth4z1ne,https://x.com/pr0meth4z1ne,pr0meth4z1ne121 followers
SheLovesNicky,SheLovesNicky,https://pump.fun/profile/4tNbRB4uZYteYFeHfDYrEDo2qhqRbduHuJA2keutFZEx,badatcs2,https://x.com/badatcs2,SheLovesNicky8 followers
AlphaaApee,AlphaaApee,https://pump.fun/profile/5GpSDpPrqznaamrjr1rRhYpo5cL8sLYua7jposBmKsaN,AlphaApex1000,https://x.com/AlphaApex1000,AlphaaApee144 followers
taquitogotsauce,taquitogotsauce,https://pump.fun/profile/H9EgCb7gAUrJNujyxKX3cVvXkCpTUgNhzscRxNMRtud8,Taquito420_,https://x.com/Taquito420_,taquitogotsauce79 followers
Nigel_Bond,Nigel_Bond,https://pump.fun/profile/nigELJhh7MBvAmV5PuLRmmRmyyivCem331SmvvdehgL,TheEpiq,https://x.com/TheEpiq,Nigel_Bond121 followers
WalkinProfit,WalkinProfit,https://pump.fun/profile/c2xydgEYZUJBq9MVJgjc3WnKAZJf16fgsXCsB9UPAsB,JustpressSpace,https://x.com/JustpressSpace,WalkinProfit111 followers
coskisol,coskisol,https://pump.fun/profile/E9PdKuR9qbbzXd9Czm5VqCNmaeDd9fprVYUaQxtK5oa2,coskicrypto,https://x.com/coskicrypto,coskisol89 followers
beatheleanor,beatheleanor,https://pump.fun/profile/AwXtATypvSyB824nCUQuQudc4GYJUCLuD5j7sbkY9ghY,vizxi83306,https://x.com/vizxi83306,beatheleanor29 followers
0xGumby_,0xGumby_,https://pump.fun/profile/3wntAAwwc64hcNwkoyXZpEPN2PUe542GctMpbHeSX3cm,0xGumby,https://x.com/0xGumby,0xGumby_468 followers
0xSSSSSS,0xSSSSSS,https://pump.fun/profile/6sYQFVpcj4iB6vApHG3SGAU1cGdAsyfSC9ZKHL8JDbPk,0xSSSSSS,https://x.com/0xSSSSSS,0xSSSSSS17.2K followers
207Tibbetts,207Tibbetts,https://pump.fun/profile/4t4xQbKFpydtLAkWw8pBP31xgcFAxeh7XCRB9a1nUrds,207Tibbetts,https://x.com/207Tibbetts,207Tibbetts320 followers
Ali842,Ali842,https://pump.fun/profile/2JLJgt2kbVk3fGWjnzhQgnXZY86ZELizPLYFx5QExnTv,maoming22,https://x.com/maoming22,Ali842477 followers
Abbon,Abbon,https://pump.fun/profile/8U7nFZTNBPtdFimdagrWD1MTNpFGRsEazWwrY1NtyPVK,Abbon369,https://x.com/Abbon369,Abbon358 followers
ALIENSTAR,ALIENSTAR,https://pump.fun/profile/9hnojrci2i5CvV3ukRBiFPzqZFHGyzonvQ2GwGvPC6ux,Premkhan978480,https://x.com/Premkhan978480,ALIENSTAR681 followers
alexx00,alexx00,https://pump.fun/profile/ADfzDzqSPvGCPqbMv5jVNPu5BXG7tq638JyZuHGfk5kh,vanGoghcoin26,https://x.com/vanGoghcoin26,alexx00575 followers
AceofAces,AceofAces,https://pump.fun/profile/DfpjFpZrSKNafRVXx5afrUqDcDxXyMMpRXNH77ukNXfU,MohsenMous81272,https://x.com/MohsenMous81272,AceofAces618 followers
allup,allup,https://pump.fun/profile/F27UKhAw1D6vEX5zwtCst6SYcZE7zGZBBdZZU1m1dZBo,sq48615,https://x.com/sq48615,allup575 followers
AGOS10,AGOS10,https://pump.fun/profile/H7sMv6Le4LGkFA1TgaA2GJXSq83f4Y52NvmLXYgXt5EC,AgostinoIngegno,https://x.com/AgostinoIngegno,AGOS10402 followers
Batman414vu,Batman414vu,https://pump.fun/profile/2XCHWiLW11pv2yafmNSC4FFwtKPFVSFXnQLPL54ViBBV,414vu,https://x.com/414vu,Batman414vu4 followers
buckyohare,buckyohare,https://pump.fun/profile/3GR8PBj4jgBDJYD4Rw7PZt7PMKogezvXeDCPUJd62zpD,jokhja,https://x.com/jokhja,buckyohare713 followers
BLZZ0,BLZZ0,https://pump.fun/profile/3qjSMW7qiaHGpLBBgWVeXyooxusZMa3hYa9rYUUkpTGe,Blaze_BLZz,https://x.com/Blaze_BLZz,BLZZ0340 followers
bentmanta41456,bentmanta41456,https://pump.fun/profile/4xCWU61Ev11bKWqNUUBQ63BPDjKKeoxu7S9yMU553Qde,cunzfatzy,https://x.com/cunzfatzy,bentmanta41456513 followers
brokenn,brokenn,https://pump.fun/profile/5Ctg59coc5Gws3qWkxWxqyzpS2QBKm4UGYC8D1dJb55q,thomasbritto420,https://x.com/thomasbritto420,brokenn244 followers
BuyBabyTrump,BuyBabyTrump,https://pump.fun/profile/6goSpoqpteQKgaG23aLhi3nEARhET2o7mEJTdrzDzrup,AlexRavvas23,https://x.com/AlexRavvas23,BuyBabyTrump905 followers
braundefi,braundefi,https://pump.fun/profile/9kjPgXnktNt1nDxShDhb9kDqPy6S9rKZUPZJGfkSvkdu,braundefi,https://x.com/braundefi,braundefi326 followers
BabyAlienV2,BabyAlienV2,https://pump.fun/profile/H2oMe5yFbumMjTyiN3jwHyU71YMCFHMsibRWzc1Xj1Vr,BbyAlien2026,https://x.com/BbyAlien2026,BabyAlienV2653 followers
ch2shir2sol0,ch2shir2sol0,https://pump.fun/profile/8Mk11m8qZCYBu2dQ9XeXMgauYhnUjLxmcoU8HFSEUS3X,ch2shir2,https://x.com/ch2shir2,ch2shir2sol0259 followers
cryptogodskinny,cryptogodskinny,https://pump.fun/profile/8XoJAvwFJo13JyqukSMzcBkkWT5YAE4aC1a28wgHrCAc,cryptogodskinny,https://x.com/cryptogodskinny,cryptogodskinny295 followers
ChainGlitch,ChainGlitch,https://pump.fun/profile/9LKK3G6ugKJj62yFQGVUwAyHbMkKxCoNa8p91cpQb6P6,CodeLeaderCOM,https://x.com/CodeLeaderCOM,ChainGlitch401 followers
canixxzzz,canixxzzz,https://pump.fun/profile/A5PcyDhoBo4u199uTbJ5dW9KuNqiViYDjX8bqmvMmPE8,canixxzzz,https://x.com/canixxzzz,canixxzzz249 followers
CRYPTONOMIC0N,CRYPTONOMIC0N,https://pump.fun/profile/C2Ypfb7f4wy5aFK1b6QV9aCF1Qwnv53UirTVs9ayj8SK,CRYPTONOMICON_,https://x.com/CRYPTONOMICON_,CRYPTONOMIC0N326 followers
cryptocarlos,cryptocarlos,https://pump.fun/profile/CprXrLhjBjnB2rDMQg2p5Epp7K6fpzHHqpRJTn31id5a,gamepro214,https://x.com/gamepro214,cryptocarlos602 followers
coolmaxiii,coolmaxiii,https://pump.fun/profile/FMJXecoDcm6JeyozSJFXE7ZHkNUjqqtd1tQpMrBBd7pY,coolmaxiii,https://x.com/coolmaxiii,coolmaxiii385 followers
CWpump44,CWpump44,https://pump.fun/profile/FcBm8smZDfpjxwJSJowk3w6oyR2zqiKnSVUpWpVnY7py,cw4405,https://x.com/cw4405,CWpump44212 followers
DegenQueenbee,DegenQueenbee,https://pump.fun/profile/2mJMqgCbMBs5ZBVSgBLKRFno1qXcVGWTR5XieFyJo7rc,Mitchypallera,https://x.com/Mitchypallera,DegenQueenbee351 followers
DizZyT85,DizZyT85,https://pump.fun/profile/3KuzbxfL2dBZQ5quBLCADdX6BuwxQUghBRdRMGjwpvct,DizZyT85,https://x.com/DizZyT85,DizZyT85388 followers
Downey24,Downey24,https://pump.fun/profile/4yysSg9JqmJV8vz35kkfFy9c2TAztjyBjRjhtX3bL5Lt,AnthoneyDowney,https://x.com/AnthoneyDowney,Downey24242 followers
Drowsy,Drowsy,https://pump.fun/profile/7SuVLBv3iijvZ8kF3tgYAvNzfPTGk2ftM44WATb4z6VD,DrowsyGN,https://x.com/DrowsyGN,Drowsy927 followers
djangobudz0,djangobudz0,https://pump.fun/profile/7xaukGQysC53XsTsPk5RR9vwHoJpUpV63aGoz2pbNVFe,djangobudz,https://x.com/djangobudz,djangobudz0250 followers
dogetoshi,dogetoshi,https://pump.fun/profile/DZxhGs7uycXudBrLf8o1bQ9FVxXkrF6kGK2B5gmuY2CD,Dogetoshi,https://x.com/Dogetoshi,dogetoshi40 followers
defipioneer,defipioneer,https://pump.fun/profile/HRgidcJ2WHNJ9a6RQKRfiBkMnu386hymFHsttd3yhHec,Defipioneer222,https://x.com/Defipioneer222,defipioneer579 followers
Ester_,Ester_,https://pump.fun/profile/3j9UySA8Ggct7SGMwextzcgrhjqjUVdTA1u8FDyRtv7N,esterknight_,https://x.com/esterknight_,Ester_336 followers
eneliquidity,eneliquidity,https://pump.fun/profile/BUAZUAPtrdufdu3rsWL12BfekUR5Nh9cpXAZdwLbSJ3j,enterneverexit,https://x.com/enterneverexit,"eneliquidity1,356 followers"
FLAMOfficial,FLAMOfficial,https://pump.fun/profile/9wzz1sppy7KRdQCAfjZe4v3WLU3rdJNNQ6WJVdb8Dd9B,RevolutionFLAM,https://x.com/RevolutionFLAM,"FLAMOfficial1,070 followers"
faisalkhan8,faisalkhan8,https://pump.fun/profile/FK1UgvosEFh8kaJSKcUruNKjQ3M8bxnubiNLrtCEMK5o,faisalkhann84,https://x.com/faisalkhann84,faisalkhan8577 followers
funnyponybunny,funnyponybunny,https://pump.fun/profile/FLRNtzwyoGHEqsjAonPcstxPJv55EeMspPfcVF6btN6G,funnyponybunny,https://x.com/funnyponybunny,funnyponybunny32.1K followers
fariasfam81,fariasfam81,https://pump.fun/profile/GawzuzDEd9BXAWaFaJZ7ohwZYjpHpYV7wupaacgViAmT,fariasfam81,https://x.com/fariasfam81,fariasfam81563 followers
gcenchilo00g,gcenchilo00g,https://pump.fun/profile/6hXKnQzV4fjTn14Sgc1zkKa1GXyF9n5baSugYZ6xtvxQ,AidenGoh24380,https://x.com/AidenGoh24380,gcenchilo00g722 followers
Gotheth,Gotheth,https://pump.fun/profile/85Mi1R6eESmeFRt689JJMQGANEcK44p3FFfpXzs3JVTQ,gotheth,https://x.com/gotheth,Gotheth787 followers
glescrin,glescrin,https://pump.fun/profile/85YmX7kCcUCT3qSRStcqQUHHuHg6XWRHuuwSbAXQK8GR,glescrin,https://x.com/glescrin,glescrin316 followers
goldenleopard,goldenleopard,https://pump.fun/profile/CtAo3JeRJr6bG2rUaFp7Zwazd1q25gZ8JYjCZ2dVdYk7,RAEDALHARB2k,https://x.com/RAEDALHARB2k,goldenleopard289 followers
HeyMrK,HeyMrK,https://pump.fun/profile/6oyGMoGTmNhh9Cxh6M25LfMnRnbYyJ8VzYV23ZMfKEaN,HeyMrK,https://x.com/HeyMrK,HeyMrK402 followers
Hoca38li,Hoca38li,https://pump.fun/profile/CmZ1jLRFDimntge4cDrcQyT6iPNoeSzm6S9Rk9XY8gHD,hoca38li,https://x.com/hoca38li,"Hoca38li1,140 followers"
Itachi_7w5,Itachi_7w5,https://pump.fun/profile/CfDBT5zCnt3cwfnPDj3r1smiXUGJ98uR7B5wBPaeHYUY,itachi_7w5,https://x.com/itachi_7w5,"Itachi_7w51,265 followers"
INDIANSOLDIER01,INDIANSOLDIER01,https://pump.fun/profile/Cxta2sCPLnv1q4sGBZE634qAxmZM619XMPCxfo8HPNca,MallarapuR41111,https://x.com/MallarapuR41111,INDIANSOLDIER01568 followers
internetmagick,internetmagick,https://pump.fun/profile/i9zzbejoh3ZhonrP3A8eXecBUnWkrHHwLuzrf4RnkUV,internetmagick,https://x.com/internetmagick,internetmagick119 followers
Jackieeee,Jackieeee,https://pump.fun/profile/3gr3gmavmtxkFktrAPtS23oVFrxjWSsdF6S4qzDZCrus,TheTraderJackie,https://x.com/TheTraderJackie,Jackieeee128 followers
J777Crypt,J777Crypt,https://pump.fun/profile/8zVyK86s5BuNqgSdmoe1xcSzViw3HPu5GsFN5mc9g5yb,memecoinhis6,https://x.com/memecoinhis6,J777Crypt612 followers
jojeets,jojeets,https://pump.fun/profile/FKX5uWmsBDDAm4HxU5csXBTM82tYz69k5joDoCwrKy8i,jojeets,https://x.com/jojeets,jojeets39 followers
jjama,jjama,https://pump.fun/profile/Fdhr1fHT532noDrJxfJHVby1W6Cq4ju336N8rqckKCZM,Jj19Mc,https://x.com/Jj19Mc,jjama546 followers
kasulya,kasulya,https://pump.fun/profile/46BbP2dXfmCv6jnBHzZTxPYqzSrfffZRejnaV5sBFMVa,kasulya798,https://x.com/kasulya798,kasulya867 followers
keymankey,keymankey,https://pump.fun/profile/7pBcGqHh8dUH7TELXKkHX2Jt1RL7kNHdyBD34Gjp7qL1,Meyer182Chris,https://x.com/Meyer182Chris,keymankey636 followers
Katdegen,Katdegen,https://pump.fun/profile/BJymb6gUfTGmBq8Ps585u3H81bK5ahwZvjtcCZE3e5oR,katdegen,https://x.com/katdegen,Katdegen52 followers
kingReno,kingReno,https://pump.fun/profile/G7CMkzdPMkwKiTxbrqMmk1FwL3qBXDJahkQJMLY5TiRq,Renato68463687,https://x.com/Renato68463687,kingReno421 followers
Kenjew,Kenjew,https://pump.fun/profile/GBERKNpahPnBGmeUGWQVjGBDBj6CcJKpGz34FqegmTgu,kenjutsu,https://x.com/kenjutsu,Kenjew441 followers
keyuan,keyuan,https://pump.fun/profile/hTx3MyPisgmihzVJyodeRiJkJBaxYunM2XnnPKSo9WQ,el_killian_cela,https://x.com/el_killian_cela,keyuan74 followers
leonardopump,leonardopump,https://pump.fun/profile/HsCtYjUHV4YP9HFfxgz6KVd1SnVTJyK8fq73zYZJMFvE,msvgo2,https://x.com/msvgo2,leonardopump233 followers
liantrader,liantrader,https://pump.fun/profile/nEQEuNzpw3sXRBiWGeMdEeuEUq2j8o8jiFSjyHK4zzR,liancrypto_,https://x.com/liancrypto_,liantrader637 followers
mepepelu,mepepelu,https://pump.fun/profile/2s2ZTTgQtSjggJFm6n8TFrDZQ2LvP7MDjfcpZcFiTR2w,pepeluesteban,https://x.com/pepeluesteban,mepepelu386 followers
MeurisOP,MeurisOP,https://pump.fun/profile/3jUDDXW25DUTRkdG1SF6XuRovW5ToRAG3mdCtykHgoQx,MeurisOP,https://x.com/MeurisOP,MeurisOP431 followers
magamian,magamian,https://pump.fun/profile/4p9aySKrGmcWgLbD4iSKJqTBaFPjeAxy1PEVR7JvNQ3U,MansurI79235958,https://x.com/MansurI79235958,magamian376 followers
mithrandir05,mithrandir05,https://pump.fun/profile/8EDsqhFN62HssxPfCLmZTgrSWGDf19uJxnvGS82RH22R,KILLyIanMFappe,https://x.com/KILLyIanMFappe,mithrandir05661 followers
MottuCoinMottu,MottuCoinMottu,https://pump.fun/profile/8xYCuq77gy4agu448odsbq2zgQioRRVRZLfq59KcM8pH,MotoCoinGlobal,https://x.com/MotoCoinGlobal,MottuCoinMottu779 followers
Minjibir,Minjibir,https://pump.fun/profile/FH5HjZvWREJC8C4aAL348UQp48fh2CZxDncLCpEwnuo2,SunusiMinjibir,https://x.com/SunusiMinjibir,"Minjibir2,990 followers"
makemillion3000,makemillion3000,https://pump.fun/profile/GA4GLqWvcUonwwHv9FMRuzjhSGwPmtypQkxvwAFtSPi,gta_vi_sol,https://x.com/gta_vi_sol,makemillion3000536 followers
mrx1105,mrx1105,https://pump.fun/profile/GHPR2pduaUn26yN1pWRTU9DXoWuN98a4ddrDxWPVmJ6H,mrx8927,https://x.com/mrx8927,mrx1105544 followers
MoonshotArchite,MoonshotArchite,https://pump.fun/profile/H3ZGUqY9YVUtMDuQ96b11mubqRk4rY64QppbnMcJPgCt,mihaixch,https://x.com/mihaixch,MoonshotArchite387 followers
mudomo,mudomo,https://pump.fun/profile/HAuc4BtzXx74m6AG81QxXGRpWCFLDC9hUskMoyEJjq4x,mudomo108,https://x.com/mudomo108,"mudomo1,146 followers"
M3thod,M3thod,https://pump.fun/profile/MDiZ5CU7Uw6BapYXK1vxcvXPDRDsDDqYywwXVrcgnBE,TheMethodMav_,https://x.com/TheMethodMav_,M3thod647 followers
Monadwar,Monadwar,https://pump.fun/profile/f2p6gHfbWuEA4tf4E2c3zmrv7Xs7S4JQ7pnvPV3pump,captain_th57273,https://x.com/captain_th57273,Monadwar600 followers
NotGibs,NotGibs,https://pump.fun/profile/43XotMLXa324CqNsQDC7bxD6nFET4Ub71AsGxvcok6Vt,BullishBulldogc,https://x.com/BullishBulldogc,NotGibs389 followers
notoriousleelee,notoriousleelee,https://pump.fun/profile/ENWQoF8Lvch843Re1sST8y8yxqvZmqdFVwBmZWwBZPeJ,NotoriousLeeLee,https://x.com/NotoriousLeeLee,notoriousleelee41 followers
NlGGERSLAYER67,NlGGERSLAYER67,https://pump.fun/profile/HgqrtC8BDH3GGdaNG4oZSkSVM7v1prNWCRt8tipebKfS,NlGGERSLAYER67,https://x.com/NlGGERSLAYER67,NlGGERSLAYER6734 followers
nobody_at_all,nobody_at_all,https://pump.fun/profile/WzMaL78srutrF6CsxEkWuhMaDF5HZA6jNRaEPengqpb,STACCoverflow,https://x.com/STACCoverflow,nobody_at_all134 followers
OGREGGUY1,OGREGGUY1,https://pump.fun/profile/4mqDQ3QxKn3wBeQF2zb9Nx53qnRqUYdUX9zAnVxbEFNc,OGRegGuy,https://x.com/OGRegGuy,OGREGGUY1251 followers
Osakahh,Osakahh,https://pump.fun/profile/7CjqjT8HPp82PvxE72EV2S6wf3A9bZDPJVSioDmGJteB,0sakah,https://x.com/0sakah,Osakahh618 followers
onchainchud,onchainchud,https://pump.fun/profile/chudwsCWk4PtkQbYYTUDueAkWjEMNfXqmH33ufyn9L1,onchainchud_,https://x.com/onchainchud_,"onchainchud1,287 followers"
pumppumpuranus,pumppumpuranus,https://pump.fun/profile/3irS7HZCs4F4UoSdM6v2PqZHGgJFxQBTfJA8sgnaCFVD,pumppumpuranus,https://x.com/pumppumpuranus,pumppumpuranus409 followers
PumpIPOFun,PumpIPOFun,https://pump.fun/profile/6Hpj3mufU5ErE9Rpv5SkxRM3gfCbmnpwydwEAVkritTN,PumpIPOFun,https://x.com/PumpIPOFun,PumpIPOFun587 followers
PulseAI_SOL,PulseAI_SOL,https://pump.fun/profile/ApEheVn773QcJQccAgmj2Ty4DgstmKfhn8waJFFuwXVo,PLSEAI,https://x.com/PLSEAI,PulseAI_SOL540 followers
PumpXFunTrade,PumpXFunTrade,https://pump.fun/profile/CFiMcShQfm9zjn9BoRFHwFhtNFD1tCoTmkfcK6pHsN1f,HydroSeedCoin,https://x.com/HydroSeedCoin,PumpXFunTrade573 followers
pastlobster3001,pastlobster3001,https://pump.fun/profile/E4DxVgZbWG6QLqhi3AMmLwdLi32EZuAnhDx8KxbXcgiE,Joseph1181996,https://x.com/Joseph1181996,"pastlobster30011,384 followers"
PoipoiDeveloper,PoipoiDeveloper,https://pump.fun/profile/EP8SietF5ADVSMTxZDEBvLyJPd9ikb2TfMEwpEdS3Bqp,Poipoihippo,https://x.com/Poipoihippo,PoipoiDeveloper26 followers
pookie1976,pookie1976,https://pump.fun/profile/H5azLaHofDfQ29CbEBuZox7HfFpCCujz7TdXwi9BWAXn,christi99057895,https://x.com/christi99057895,pookie1976308 followers
pinkypromise,pinkypromise,https://pump.fun/profile/Pr3WjUCQrMPr6pWQKrpdR67jakiHx1m8iwhmEMhrc4a,mommieof4cdl,https://x.com/mommieof4cdl,pinkypromise617 followers
PeterNFTT,PeterNFTT,https://pump.fun/profile/dyPCDPDtbDzpVThAf2yte77Yi3pSN9Ck48gQe6247qZ,PundiXcurrency,https://x.com/PundiXcurrency,PeterNFTT350 followers
Qulman,Qulman,https://pump.fun/profile/5K5seAfkohtXCUAiBkQniLCyrbtzu7wuaKbpEMt5HgqY,TurboG26,https://x.com/TurboG26,Qulman395 followers
QYVRFUTURE,QYVRFUTURE,https://pump.fun/profile/SH5Y65BSbLtPe5mwu7QDCwKZNQf6m5HLVnuSPNPQ3km,moojnon2,https://x.com/moojnon2,QYVRFUTURE834 followers
Royalchestnut,Royalchestnut,https://pump.fun/profile/45oN2tCsfzG325wEPnJPvMYpuY2tgASYHmgRPdnMZB5a,royalchestnutts,https://x.com/royalchestnutts,Royalchestnut832 followers
roadtogloryy,roadtogloryy,https://pump.fun/profile/4d1e9Xc7iKdYy8qVbvNcfTcJnnAaSLnfCnpJwQzsGynR,Doctor1825535,https://x.com/Doctor1825535,roadtogloryy293 followers
RoadmapVictim,RoadmapVictim,https://pump.fun/profile/5xdPZi78FwZNQS9HZA6i48z9Ftnav6S7JdukG84wjeCz,CursedSmileCoin,https://x.com/CursedSmileCoin,"RoadmapVictim1,069 followers"
Robert_M_Hosey,Robert_M_Hosey,https://pump.fun/profile/6BneMPNvV4QxdR1GMT2kBLda8NwuRWarazTAc1jP3Rx1,ClickAddictUSA,https://x.com/ClickAddictUSA,"Robert_M_Hosey1,028 followers"
ramoona,ramoona,https://pump.fun/profile/7FVfSdnR9VPGjMtmBP1Hz9C2DFTpoNX8gVVRmnimnGt9,tedplus4,https://x.com/tedplus4,"ramoona1,286 followers"
SandMireCloak,SandMireCloak,https://pump.fun/profile/4JTsWvUupPTtF4rnw2QfT3Z4G5m3H6WJEzFMLi4vfrZS,SandMireCloak,https://x.com/SandMireCloak,SandMireCloak20.1K followers
SpaceX_AI,SpaceX_AI,https://pump.fun/profile/6Jco7FLT3Ka3c7GgsX3LXjBy5HG2H6L1uuroBs23igcv,MrBerich,https://x.com/MrBerich,SpaceX_AI261 followers
Sato1794,Sato1794,https://pump.fun/profile/7uQJ2PHWapRWubBX8NxejqJTEjhmu2a4gXHN6nDrcXWj,Sato1794,https://x.com/Sato1794,Sato1794216 followers
soli7071,soli7071,https://pump.fun/profile/BVT48X4RxdjK8g97CTMoSJmibd9UqSSvR7HMqjJYbgDv,Soleymanmirzaei,https://x.com/Soleymanmirzaei,soli7071441 followers
sillywhale,sillywhale,https://pump.fun/profile/H8Ft6Ujzq4iTbRgr7pKBPnB9AHAt8BfJb4xBaYNeWKGW,Cryptoganic8685,https://x.com/Cryptoganic8685,sillywhale115 followers
sneav,sneav,https://pump.fun/profile/HiG8jaMBnQ7Twt8MNaox4gNo6tyvM4EnovbDHgtwVwJo,sneav_,https://x.com/sneav_,sneav254 followers
Seikux,Seikux,https://pump.fun/profile/J7PMjjVte8K6BRNXZN1SvzzAWM9vfae6gbtbUxJspPaX,Seikux,https://x.com/Seikux,Seikux58 followers
third_eidolon,third_eidolon,https://pump.fun/profile/2EgqHGrD3KQBCsF49KLQmm5SY6YJzChyeFoehSUpecGU,third_eidolon,https://x.com/third_eidolon,third_eidolon319 followers
tagking,tagking,https://pump.fun/profile/7CNRtjSNazQfD6kwGGPgEZvraXm9ufe6edxRuYf4uyfV,WhitepenguSol,https://x.com/WhitepenguSol,tagking727 followers
truepati,truepati,https://pump.fun/profile/8yHDA6NSPN9jqkDTs35Z2nB1W8urax4x54TXHtgfH4Q6,moblovessolana,https://x.com/moblovessolana,truepati61 followers
thermalotter146,thermalotter146,https://pump.fun/profile/C6vkjPty4MPMC7MWGhCyCSyqduLgKxKQCG49ByUP9owD,Rmdhan344,https://x.com/Rmdhan344,thermalotter146655 followers
Twenchdemon,Twenchdemon,https://pump.fun/profile/DKUpCwdUBnVyGavqDHroZikvBUeUVbo9zcErNHBjbiho,twenchdemon,https://x.com/twenchdemon,"Twenchdemon1,291 followers"
train666,train666,https://pump.fun/profile/Gep218TVv3sqZZsVXwtjEgn5nLnJYaqnwsBejXip7auw,da6train66,https://x.com/da6train66,train666382 followers
TinkerinAbout,TinkerinAbout,https://pump.fun/profile/GjeQV6ofDqKZiLx8f3HGV1edwiHHrdQ7uj3vNAjhenm9,IvanEngels78929,https://x.com/IvanEngels78929,TinkerinAbout31 followers
ultrashrimplith,ultrashrimplith,https://pump.fun/profile/AiFEarbeRB2RaPVJfwmxJScbYUfN4gWyd8hLG4Q8c7qr,Cryptofinalbos1,https://x.com/Cryptofinalbos1,ultrashrimplith61 followers
umbrajohn,umbrajohn,https://pump.fun/profile/CiNz8xENKiSjN71x8wEEDDL5J2u24HXNRWgQiFmejkbN,umbrajohn,https://x.com/umbrajohn,umbrajohn398 followers
UP69PUMP,UP69PUMP,https://pump.fun/profile/WuGbGVQCrRMwBNkeDkprKCjqZzQ7dGM6kedtd5EPkM6,Up69pump,https://x.com/Up69pump,UP69PUMP883 followers
viralcryptopump,viralcryptopump,https://pump.fun/profile/9Zaubm5yTLTb8Zcaz2puTVnpxL34yqLjMt3B2n4sgfmL,ViralCryptoPump,https://x.com/ViralCryptoPump,viralcryptopump979 followers
VeynXBT,VeynXBT,https://pump.fun/profile/CPE2QLyL7C5t3SgeMdYKAXvj37AXmZTPvKNvrUcWC2ez,ItsMokiX,https://x.com/ItsMokiX,VeynXBT425 followers
wowsignal,wowsignal,https://pump.fun/profile/7oP87dE7KcdHe5LJXiJ3hA9B2XPHh1XTsEj52Dgq6VUn,MikeThomas11200,https://x.com/MikeThomas11200,"wowsignal1,578 followers"
wewillwintgther,wewillwintgther,https://pump.fun/profile/BxshyTFUwhYf83aebvLYNRWy6Uj3fSSQgpFiz4RAcdjv,BabyBooAI,https://x.com/BabyBooAI,wewillwintgther264 followers
wagmilobsxtreme,wagmilobsxtreme,https://pump.fun/profile/FUgXteXZBdAueHZcpxkrm1fRC2V1WsGddErbGiQD3zdZ,airdropbon24914,https://x.com/airdropbon24914,wagmilobsxtreme504 followers
WOODINTHEPUMPUM,WOODINTHEPUMPUM,https://pump.fun/profile/J5runJQvVF7qGGJcpdZ1aFTgtkfPZwwEpYsHaoKUduxs,PinneKing66800,https://x.com/PinneKing66800,WOODINTHEPUMPUM713 followers
zenthxar_,zenthxar_,https://pump.fun/profile/D2sbcvv6ZfYibPkAoP8FFBFoQexxRVQNKsgkGkHE3ddC,zenthxar,https://x.com/zenthxar,zenthxar_609 followers
